age,annual_income,monthly_expenses,employment_status,contract_type,existing_debt,requested_amount,term_months,credit_score,num_dependents,has_property,previous_defaults,debt_to_income_ratio,loan_to_income_ratio,loan_approved,max_loan_amount
58,31965.06,1563.18,self_employed,contract,2136.77,89328.97,12,702,0,0,0,0.6002,2.7946,1,10068.99
48,47285.43,1190.33,employed,temporary,10513.91,177999.41,84,551,0,0,1,0.3465,3.7644,0,4378.56
34,28162.13,1024.04,self_employed,permanent,2548.17,104915.02,120,374,1,1,3,0.4544,3.7254,0,448.16
62,6034.12,225.59,unemployed,temporary,1535.84,3665.39,24,411,2,0,2,0.4995,0.6074,0,234.43
27,19224.08,917.74,part_time,permanent,7208.57,31875.7,84,659,4,1,0,0.6479,1.6581,1,3460.33
40,44926.57,1757.93,employed,freelance,14128.48,37741.42,84,467,4,1,0,0.5324,0.8401,0,1050.39
58,45753.11,1147.37,retired,permanent,4999.24,166052.12,36,549,1,0,1,0.3228,3.6293,0,1914.4
38,16702.38,560.54,part_time,temporary,1983.3,67638.7,24,512,2,1,0,0.4265,4.0496,0,393.17
42,27814.92,1110.67,part_time,freelance,770.9,38345.15,24,742,2,0,0,0.4847,1.3786,1,5841.13
30,58180.17,2400.41,self_employed,contract,6652.74,135650.62,60,345,1,1,2,0.518,2.3316,0,1925.07
30,73623.64,3387.15,self_employed,permanent,2727.75,170359.26,60,317,0,0,0,0.5595,2.3139,1,4969.6
43,86362.69,2253.9,employed,permanent,17253.49,432583.19,12,649,1,0,0,0.3531,5.0089,1,38060.04
55,448.22,21.78,unemployed,contract,127.0,1000.0,36,519,5,1,1,0.6398,2.231,0,244.25
59,72525.13,1636.04,self_employed,permanent,21791.8,254978.61,48,697,2,0,0,0.3308,3.5157,1,55220.63
43,106170.18,5258.23,self_employed,contract,2528.09,500000.0,48,397,1,1,0,0.5991,4.7094,0,1307.27
22,67338.58,3087.58,employed,contract,9156.86,340913.69,24,304,2,1,0,0.5774,5.0627,0,1255.74
41,3322.45,133.2,unemployed,contract,382.97,13841.7,84,458,2,0,0,0.5041,4.1661,0,194.68
21,32714.2,1382.85,retired,permanent,1364.84,70250.56,12,386,2,0,0,0.5156,2.1474,0,351.64
43,72414.61,1662.17,employed,contract,10499.29,364010.59,84,419,2,1,0,0.3044,5.0268,1,25495.74
63,50960.04,1123.32,retired,temporary,6101.35,233494.48,36,742,2,1,0,0.2885,4.5819,1,63374.92
49,28901.31,687.89,self_employed,contract,7335.14,126431.1,48,471,4,1,0,0.3364,4.3746,1,7659.77
57,20646.94,482.75,retired,permanent,7295.0,17969.95,24,534,1,1,0,0.3512,0.8703,1,3871.05
21,52877.83,1945.83,employed,permanent,9620.42,39021.56,12,777,2,0,0,0.478,0.738,1,23795.02
40,47802.88,1296.28,employed,permanent,14277.1,206723.99,36,420,1,0,0,0.3851,4.3245,0,2266.62
52,18093.41,830.9,part_time,permanent,1056.73,103066.78,84,796,2,1,1,0.5628,5.6964,0,694.44
31,47169.85,1595.96,employed,temporary,16886.17,224315.35,24,721,3,1,2,0.4776,4.7555,0,6565.12
41,25245.53,1038.07,retired,freelance,1540.93,128073.49,24,434,1,1,0,0.5056,5.0731,0,528.34
63,42184.32,1682.12,employed,permanent,3241.46,147535.55,120,614,1,0,0,0.4939,3.4974,1,6327.65
44,113725.64,3430.24,self_employed,contract,4843.07,247378.72,84,368,1,0,0,0.3705,2.1752,0,7835.66
68,42930.42,1198.86,employed,permanent,5317.87,181490.62,12,497,1,1,0,0.3599,4.2276,1,10826.19
46,44418.36,1369.05,self_employed,permanent,9814.87,196144.36,12,310,3,1,0,0.4141,4.4158,0,1454.57
61,48544.61,2139.32,employed,permanent,19184.72,204589.75,12,429,0,1,0,0.6079,4.2145,0,1896.82
47,86315.82,3274.22,employed,permanent,27392.08,492595.74,12,409,1,0,0,0.5187,5.7069,0,3069.25
35,76564.28,2161.27,employed,freelance,11651.12,192902.53,36,326,4,0,0,0.3692,2.5195,0,3317.44
34,78433.47,3504.97,employed,permanent,18066.24,56324.37,12,699,0,1,1,0.5823,0.7181,0,5005.62
66,14409.44,323.21,part_time,temporary,3592.61,79200.68,12,619,0,1,2,0.319,5.4964,0,1719.36
63,31235.13,1287.71,part_time,permanent,10279.2,43190.22,12,493,0,0,0,0.5605,1.3827,0,694.79
22,57450.62,1932.66,employed,freelance,16923.84,249062.85,120,645,4,1,2,0.4626,4.3353,0,1709.85
56,3153.88,132.98,unemployed,permanent,718.19,16723.84,36,315,0,0,0,0.5515,5.3026,0,148.99
26,66666.25,3192.27,employed,permanent,17844.77,147050.93,48,372,0,0,1,0.6281,2.2058,0,888.42
40,103107.38,4403.65,self_employed,permanent,30763.84,500000.0,24,500,1,1,0,0.5722,4.8493,1,8351.7
28,46810.13,1578.62,retired,permanent,2493.0,108895.33,60,463,2,0,0,0.4153,2.3263,1,4163.06
58,32469.94,819.44,part_time,permanent,2603.51,158077.26,84,306,2,1,0,0.3189,4.8684,1,6350.73
37,86047.27,3816.36,employed,contract,23700.32,76071.31,120,360,0,0,0,0.5873,0.8841,0,734.76
23,26810.52,918.81,retired,temporary,9120.14,110025.99,24,651,4,0,0,0.4793,4.1038,0,1984.19
44,58312.18,1342.93,employed,temporary,9545.99,246325.78,36,784,0,1,1,0.3091,4.2243,1,120223.39
33,12336.46,515.74,part_time,temporary,4835.35,39511.73,84,750,0,1,0,0.5801,3.2028,1,3997.01
69,83362.69,2446.34,employed,permanent,7204.93,356708.93,12,713,1,1,0,0.3694,4.279,1,91452.21
28,39684.35,883.34,self_employed,permanent,6614.58,221339.87,36,330,2,1,0,0.3004,5.5775,0,5737.44
45,106840.11,5038.96,self_employed,freelance,16176.58,484648.27,120,390,1,1,1,0.5962,4.5362,0,2978.21
21,56291.8,1965.92,self_employed,contract,20947.21,325767.86,120,817,4,1,1,0.4935,5.7871,1,27357.81
39,55247.35,1603.72,employed,freelance,6306.56,163939.2,48,745,2,0,0,0.3712,2.9674,1,49811.01
47,12900.04,538.29,part_time,contract,2429.29,43932.36,60,584,3,0,0,0.5384,3.4056,0,62.79
66,52978.33,2472.61,employed,permanent,3967.73,103337.56,48,692,0,1,3,0.575,1.9506,0,3773.38
26,109394.55,2280.03,self_employed,permanent,22809.47,500000.0,12,438,3,0,0,0.2918,4.5706,1,30747.53
63,36405.11,1488.81,employed,permanent,12485.56,29242.48,36,629,0,1,0,0.5593,0.8033,1,6552.92
27,57348.01,2477.69,employed,permanent,6974.42,141787.93,36,432,1,1,0,0.5428,2.4724,0,2432.19
66,27982.96,754.31,self_employed,permanent,9075.34,59808.94,12,625,1,1,1,0.3883,2.1373,1,10127.26
54,55400.79,1945.34,employed,permanent,20194.95,145472.19,12,829,1,1,0,0.4943,2.6258,1,29916.43
33,44495.24,1042.86,employed,temporary,1298.51,246835.04,60,320,4,1,0,0.2871,5.5474,0,6196.82
36,48872.01,2082.61,employed,contract,14787.2,123363.13,48,778,1,1,0,0.5719,2.5242,1,26390.89
55,83267.91,3792.92,employed,contract,8504.77,461584.97,12,757,0,0,0,0.567,5.5434,1,37470.56
69,5232.59,125.52,unemployed,freelance,366.97,14799.67,12,817,0,0,0,0.3019,2.8284,1,1865.84
59,28130.53,1255.94,retired,permanent,6763.96,146313.31,48,835,3,1,3,0.5839,5.2012,0,5011.6
23,67413.61,2921.53,employed,permanent,19026.89,227158.62,12,524,1,1,0,0.5765,3.3696,1,6067.22
21,42815.88,1325.22,employed,temporary,6760.82,94727.59,84,629,1,0,0,0.403,2.2124,1,12459.42
25,49266.54,2018.29,employed,permanent,771.98,146391.77,60,667,4,0,0,0.4947,2.9714,1,12316.64
61,65043.64,1355.17,employed,permanent,23642.18,184339.92,60,441,4,1,0,0.3227,2.8341,1,20758.03
23,47564.69,2283.62,self_employed,permanent,13903.1,91777.37,120,498,2,1,0,0.6346,1.9295,0,388.08
48,89517.14,3301.95,self_employed,permanent,9727.53,187360.54,48,335,1,1,0,0.4644,2.093,1,7250.89
37,62032.02,2414.69,employed,temporary,12328.59,94629.63,120,765,0,0,0,0.5069,1.5255,1,27914.41
45,77459.4,3115.36,employed,permanent,861.13,181874.91,24,737,2,1,0,0.4849,2.348,1,32532.95
63,87153.45,3242.68,employed,temporary,11827.87,342881.88,60,490,3,1,0,0.4736,3.9342,0,3200.88
53,22284.78,1021.14,retired,temporary,4657.83,58521.39,36,396,3,1,0,0.5917,2.6261,0,165.96
29,19697.3,760.64,part_time,permanent,4075.16,87018.29,36,803,2,1,2,0.5048,4.4178,0,1771.85
55,52575.2,2487.32,employed,permanent,4378.14,311685.76,24,666,2,0,1,0.5844,5.9284,0,1928.37
33,43315.06,1638.09,employed,permanent,13457.94,111495.39,60,449,2,1,1,0.516,2.5741,0,1639.29
50,47981.22,1239.09,retired,permanent,5735.91,146079.58,120,342,3,0,1,0.3338,3.0445,0,1460.23
67,29477.21,1399.55,part_time,contract,6843.55,41344.91,12,596,0,1,0,0.6162,1.4026,0,577.92
34,61643.4,2509.76,employed,contract,6695.02,163797.86,84,618,2,0,0,0.5103,2.6572,1,9246.51
27,64577.39,2662.38,employed,temporary,10982.49,290441.88,24,517,1,1,3,0.5287,4.4976,0,2066.47
33,38274.93,1897.54,employed,permanent,3177.04,64903.81,12,787,3,0,0,0.6115,1.6957,1,17223.72
42,77773.2,1790.85,self_employed,temporary,19692.42,116760.69,84,445,0,0,2,0.327,1.5013,0,7089.38
59,78523.78,2617.51,employed,temporary,13367.4,201810.97,36,627,4,1,0,0.4341,2.5701,1,18628.98
40,66560.52,1850.84,employed,permanent,429.11,332973.81,84,558,0,0,0,0.335,5.0026,1,16473.73
35,50204.11,1969.04,self_employed,temporary,565.6,197307.9,24,418,0,1,0,0.4729,3.9301,0,442.92
64,71715.15,3181.67,employed,permanent,13514.99,413558.79,60,441,1,1,0,0.5701,5.7667,0,2990.4
37,31375.07,1537.92,retired,temporary,2299.49,171777.64,36,589,5,1,0,0.6029,5.475,0,279.48
66,64968.03,2214.92,employed,contract,15203.61,86488.99,60,524,2,1,0,0.4559,1.3313,1,5847.12
43,61816.09,2705.36,employed,permanent,10093.13,45375.5,12,528,0,1,1,0.5578,0.734,0,1687.95
45,61211.63,2912.49,self_employed,contract,16023.24,164966.63,60,556,0,0,0,0.6233,2.695,1,4131.79
44,74538.29,3038.45,employed,permanent,28395.96,251301.16,84,544,0,1,0,0.5654,3.3714,0,2211.86
64,32329.15,902.4,part_time,permanent,6837.44,107838.35,24,475,0,1,0,0.3773,3.3356,1,4284.13
60,25495.19,983.16,self_employed,freelance,8029.75,31552.59,12,654,1,0,0,0.5257,1.2376,1,5736.42
48,86348.91,4241.77,employed,freelance,26009.71,102452.63,24,821,1,0,2,0.6497,1.1865,1,38857.01
34,6138.18,304.68,unemployed,permanent,2263.25,4651.11,84,438,2,1,0,0.6694,0.7577,0,221.48
64,73540.25,2909.9,employed,permanent,6295.57,380918.61,12,418,0,0,2,0.4919,5.1797,0,1643.14
20,31679.37,1479.55,part_time,permanent,10483.68,180971.34,120,558,3,0,2,0.6266,5.7126,0,215.18
44,60690.7,1619.04,employed,permanent,21982.67,68960.88,120,491,1,0,2,0.3926,1.1363,0,3606.14
26,104322.54,2922.14,self_employed,contract,16389.61,174445.34,24,429,1,0,0,0.3675,1.6722,1,18660.69
28,44769.09,2176.94,employed,freelance,5619.71,44511.48,36,457,2,1,0,0.6086,0.9942,1,4029.22
43,43754.21,1084.13,employed,temporary,16662.23,233046.38,120,560,0,1,0,0.3735,5.3263,1,9962.83
20,42326.44,1117.73,retired,permanent,10626.19,244346.22,24,689,0,0,2,0.3671,5.7729,0,4306.94
63,50195.29,1661.43,retired,temporary,7643.27,97372.9,36,823,0,1,1,0.4276,1.9399,1,27474.09
27,84083.44,3197.65,employed,permanent,26631.84,182436.77,84,431,2,0,0,0.5197,2.1697,0,1405.92
43,70405.73,2706.72,employed,freelance,8574.68,175640.0,48,707,0,1,0,0.4857,2.4947,1,29570.41
30,37443.1,1098.93,retired,contract,2642.1,122197.45,60,452,1,1,0,0.3663,3.2636,1,6307.74
36,19622.04,935.67,part_time,temporary,4269.52,83463.04,120,581,2,0,0,0.6157,4.2535,0,121.75
27,88900.02,4224.86,employed,permanent,20134.5,291071.84,12,345,1,0,0,0.6156,3.2741,0,1084.05
54,52583.26,1696.79,employed,permanent,17368.18,301328.83,60,598,1,0,1,0.4533,5.7305,0,520.76
54,75930.24,2543.68,employed,permanent,13880.88,79682.26,84,320,0,0,0,0.4386,1.0494,0,1822.39
52,37683.33,1557.18,retired,contract,12278.53,184359.3,36,464,3,1,1,0.561,4.8923,0,1158.43
24,68468.18,2750.42,employed,permanent,8526.28,160192.06,120,567,2,0,0,0.507,2.3397,0,884.88
61,56641.43,1811.6,employed,permanent,13035.87,145937.34,36,400,2,0,0,0.4298,2.5765,0,1412.59
58,11577.88,381.09,unemployed,permanent,965.47,50926.02,36,672,2,1,0,0.4117,4.3986,1,1226.79
60,66442.53,2058.69,employed,contract,10244.0,372847.18,24,332,2,1,1,0.4026,5.6116,0,5245.59
47,86578.32,2398.11,employed,permanent,29697.74,384330.19,60,535,1,1,0,0.401,4.4391,1,15428.26
26,35417.53,1211.13,employed,contract,3059.91,168843.62,120,497,2,1,0,0.4276,4.7672,1,4615.61
28,66496.88,2716.69,employed,freelance,21551.36,307833.06,36,806,4,1,0,0.5551,4.6293,1,35908.32
27,74445.28,3161.99,employed,freelance,8423.38,168647.02,48,631,2,1,0,0.5323,2.2654,0,3752.23
31,95782.62,4171.38,self_employed,permanent,1321.41,446645.6,84,744,3,1,0,0.5254,4.6631,1,36205.83
53,84773.73,2692.67,employed,permanent,3727.83,408174.0,36,785,1,0,0,0.39,4.8149,1,83925.99
52,25418.15,1096.42,self_employed,permanent,7583.55,87278.35,120,419,2,1,0,0.5773,3.4337,0,879.38
67,18012.22,378.68,retired,permanent,1888.19,62181.05,60,457,0,1,0,0.2732,3.4522,1,5147.32
42,5667.16,196.92,unemployed,permanent,1482.86,26513.61,36,336,1,1,0,0.4693,4.6785,0,154.25
43,36611.15,1610.48,employed,temporary,10239.39,182823.99,36,443,0,0,0,0.5838,4.9937,0,995.62
56,88599.29,3473.95,employed,permanent,12230.9,208613.67,12,327,1,1,0,0.4981,2.3546,1,7973.94
54,47213.58,1636.43,employed,contract,8969.05,231752.21,36,543,0,1,0,0.4539,4.9086,0,1091.48
63,60996.56,2417.62,employed,permanent,9851.36,303650.0,60,565,2,0,0,0.5079,4.9781,0,1930.62
59,38362.57,1814.01,employed,temporary,14537.1,68580.42,84,350,0,1,0,0.6432,1.7877,0,875.56
41,74594.6,2786.32,self_employed,contract,9546.58,331440.9,12,408,3,1,0,0.4738,4.4432,0,2183.87
46,55897.59,2468.46,employed,contract,4098.93,85296.18,12,697,1,0,1,0.5446,1.5259,1,13974.4
54,37456.3,1851.78,employed,freelance,5477.5,37897.17,36,634,4,0,0,0.6225,1.0118,0,2516.48
20,53431.83,2212.74,employed,contract,14309.38,195559.78,36,433,1,1,0,0.5505,3.66,0,1334.31
54,62186.42,2335.43,self_employed,freelance,17346.6,341875.26,48,379,3,0,1,0.5065,5.4976,0,1935.13
56,89445.68,1961.25,employed,permanent,33061.17,62166.95,120,637,0,1,1,0.337,0.695,1,52486.73
66,44749.16,1421.04,self_employed,temporary,15783.11,225793.48,120,731,1,0,1,0.4516,5.0458,0,2363.61
33,64962.88,2424.77,employed,permanent,7492.05,213441.5,60,780,2,1,0,0.471,3.2856,1,35079.96
22,54530.68,2404.0,retired,permanent,9928.14,285464.02,84,588,0,1,0,0.5654,5.2349,1,3435.43
20,47304.71,1589.98,retired,permanent,14139.74,243104.73,120,401,2,1,0,0.4631,5.1391,0,841.78
24,89635.21,4377.34,employed,permanent,32861.6,476328.45,60,630,0,0,1,0.6593,5.3141,0,2978.51
45,88256.41,2538.31,employed,permanent,11902.79,417347.51,24,675,1,1,0,0.3721,4.7288,1,67727.97
33,61924.67,2634.89,employed,permanent,11008.76,318073.46,84,530,0,0,1,0.5462,5.1365,0,1646.37
58,73300.67,2422.96,employed,permanent,26372.94,107615.55,24,750,0,1,0,0.4686,1.4681,1,39582.36
46,35492.1,1242.51,self_employed,freelance,5089.34,77060.17,60,620,0,0,0,0.4488,2.1712,1,4906.43
28,34322.51,1518.42,retired,permanent,6596.96,62936.29,36,723,3,1,0,0.5693,1.8337,1,10090.82
34,101856.76,3002.02,self_employed,contract,36851.94,466845.76,12,324,2,0,0,0.426,4.5834,0,1197.75
34,36697.41,868.15,retired,permanent,11776.1,49359.38,48,715,3,1,2,0.3481,1.345,1,32777.1
45,73648.45,2651.89,employed,freelance,7171.32,110638.59,36,601,4,0,0,0.4516,1.5023,1,11047.27
61,76016.32,2756.09,employed,freelance,9875.89,405494.31,84,399,1,1,2,0.4611,5.3343,0,1060.08
32,3041.63,134.09,unemployed,temporary,429.43,13329.49,84,687,1,1,1,0.5573,4.3824,0,164.12
51,83163.47,4081.33,employed,temporary,30362.6,441979.74,12,418,3,1,0,0.6619,5.3146,0,2937.32
58,68683.13,1541.68,self_employed,permanent,27443.96,86984.02,84,630,1,1,0,0.3493,1.2665,1,33535.77
68,46560.18,1773.52,employed,freelance,14415.11,125451.39,60,658,3,0,1,0.519,2.6944,0,3222.54
51,82597.87,3362.06,employed,contract,16001.73,169931.19,120,425,1,0,0,0.5272,2.0573,0,2183.68
23,21609.83,1071.54,part_time,freelance,87.94,11955.55,84,588,1,0,0,0.5958,0.5532,0,384.34
49,76267.18,3685.65,employed,temporary,21278.18,157482.29,36,739,0,1,2,0.6357,2.0649,0,15348.59
56,24604.76,1023.88,part_time,permanent,3832.06,63669.93,84,640,0,1,0,0.5305,2.5877,1,2657.31
42,20783.05,749.27,part_time,freelance,5262.16,20932.85,48,503,1,1,0,0.4833,1.0072,0,515.63
58,47965.43,1225.25,retired,permanent,11640.13,173427.72,120,478,1,1,0,0.3551,3.6157,0,4261.92
64,80524.64,2579.89,self_employed,temporary,15487.53,209963.94,84,645,0,0,1,0.4229,2.6074,0,7481.35
34,62103.4,2353.68,self_employed,permanent,23459.87,46921.55,120,404,0,0,0,0.5303,0.7555,0,2010.28
62,22055.12,925.98,retired,freelance,204.2,96422.42,24,612,1,1,0,0.5057,4.3719,0,409.66
48,84249.49,3316.55,employed,permanent,23998.72,380052.74,12,385,2,0,0,0.5294,4.511,0,3139.76
55,36950.83,1539.44,employed,permanent,6057.57,188064.68,36,740,3,0,1,0.5327,5.0896,1,12932.79
32,107002.8,3568.57,self_employed,temporary,30551.03,339249.52,48,779,3,1,2,0.4573,3.1705,1,52003.36
51,54797.88,2304.57,employed,contract,14800.24,319341.41,36,627,3,0,0,0.5587,5.8276,0,3054.07
26,70163.63,1755.9,employed,temporary,287.33,387819.14,60,550,2,1,2,0.3011,5.5274,0,9577.0
41,85720.98,2192.35,employed,permanent,9783.8,302803.7,12,781,2,0,0,0.3297,3.5324,1,131384.55
47,39412.13,1008.26,self_employed,permanent,2981.0,116156.83,60,303,4,0,1,0.3221,2.9472,0,4258.21
21,38977.17,1824.79,retired,contract,2603.46,20139.09,84,483,0,0,1,0.5752,0.5167,0,817.51
61,77043.81,1775.94,employed,freelance,22449.85,339799.41,60,599,0,1,0,0.3349,4.4105,1,22895.88
64,29424.43,1300.87,part_time,contract,2819.46,106141.27,84,827,0,1,0,0.5497,3.6072,0,1907.46
25,74935.03,2071.64,self_employed,permanent,14229.79,423869.46,24,455,3,0,2,0.3697,5.6565,0,3761.57
47,41115.36,1418.31,retired,freelance,4062.02,154934.05,60,733,1,0,0,0.4337,3.7683,0,3445.15
47,96965.06,4610.57,self_employed,permanent,22504.96,500000.0,48,656,1,1,0,0.617,5.1565,1,26180.57
63,10092.33,382.73,unemployed,temporary,2908.91,52439.81,12,827,3,1,0,0.5127,5.196,1,1089.97
63,76899.72,2073.35,employed,permanent,10183.82,441772.64,24,340,1,1,0,0.35,5.7448,1,20762.92
39,31098.18,905.56,retired,permanent,7501.14,71592.53,120,557,3,1,3,0.3977,2.3021,0,790.16
49,89819.95,4282.59,employed,contract,29635.37,118683.41,36,665,1,0,0,0.6381,1.3213,1,22454.99
30,34076.6,1134.47,retired,temporary,1284.34,166389.11,60,365,2,1,0,0.407,4.8828,1,3993.1
47,12562.69,476.8,part_time,permanent,3571.17,60603.47,36,507,2,1,0,0.5123,4.8241,0,89.68
44,54943.93,1881.72,employed,permanent,7101.94,91370.06,24,544,0,0,1,0.4368,1.663,1,5208.68
58,42028.06,1339.48,employed,permanent,2061.9,197788.07,36,542,0,1,1,0.3923,4.7061,0,2903.93
52,1457.31,39.85,unemployed,temporary,318.07,5393.29,48,680,0,1,0,0.3718,3.7009,1,500.0
20,50484.43,2062.15,employed,permanent,4569.09,55653.44,24,522,2,1,2,0.5083,1.1024,0,1337.22
46,19974.89,834.59,retired,permanent,6562.64,65114.34,12,320,0,1,0,0.5671,3.2598,0,477.29
32,72868.17,2102.31,employed,temporary,1250.3,409610.86,12,446,2,1,1,0.3496,5.6213,0,7738.89
60,39069.39,1713.04,employed,temporary,1541.72,128363.13,120,667,3,1,0,0.534,3.2855,1,11720.82
22,16675.66,763.03,part_time,contract,3475.18,80674.25,12,612,1,0,0,0.5908,4.8378,0,308.36
58,33825.47,1613.01,self_employed,temporary,7968.49,22291.15,12,615,2,1,0,0.6194,0.659,1,5479.73
25,20337.21,519.32,retired,freelance,5937.54,91607.9,24,702,0,1,0,0.3648,4.5044,1,16167.59
27,49726.34,1476.76,employed,freelance,5156.83,283818.34,24,747,5,1,0,0.3771,5.7076,1,51335.48
46,79330.4,3643.41,self_employed,contract,26710.88,257617.76,84,846,0,1,0,0.6185,3.2474,1,38554.57
28,116645.13,3105.57,self_employed,temporary,44471.76,274979.76,24,425,1,1,0,0.3957,2.3574,1,19709.06
56,108177.88,2264.65,self_employed,permanent,21594.01,438831.98,60,795,5,1,1,0.2911,4.0566,1,219656.05
52,108213.72,5002.99,self_employed,freelance,32919.97,500000.0,84,344,4,1,2,0.6156,4.6205,0,4217.85
61,41726.37,1266.59,self_employed,permanent,8760.01,61430.94,24,630,2,1,0,0.4062,1.4722,1,12681.14
63,49569.9,1631.98,employed,permanent,1377.39,134845.9,24,371,1,1,0,0.4006,2.7203,1,8869.05
43,39201.63,1327.03,employed,permanent,5113.64,53298.4,120,397,2,1,0,0.4323,1.3596,0,737.81
34,9341.62,425.74,unemployed,permanent,326.91,30188.36,24,570,1,1,1,0.5539,3.2316,0,240.09
51,38839.9,1191.94,employed,freelance,15363.19,134864.6,12,706,0,0,0,0.4474,3.4723,1,14300.85
51,77886.09,3649.6,self_employed,temporary,7135.17,443414.85,48,743,3,1,1,0.5806,5.6931,0,6340.0
43,48633.16,1888.3,employed,temporary,12370.34,134657.12,12,390,3,1,0,0.5168,2.7688,0,521.03
60,48127.34,1742.81,self_employed,temporary,5473.91,174137.3,84,416,1,1,0,0.4573,3.6183,1,3898.31
68,11888.7,360.59,unemployed,permanent,3106.5,63829.77,120,813,2,1,0,0.4162,5.3689,0,667.17
68,76622.89,2140.97,employed,permanent,6448.63,173759.83,48,342,0,1,0,0.3521,2.2677,1,20398.55
31,81031.66,3163.07,employed,temporary,25452.69,340973.23,120,370,0,0,0,0.5312,4.2079,0,2678.66
58,66459.05,2250.82,employed,contract,2945.77,309990.94,48,443,2,0,0,0.4153,4.6644,0,4157.3
21,107746.36,5106.11,self_employed,permanent,38579.68,249745.86,120,641,0,1,0,0.6403,2.3179,0,4761.13
22,41883.15,1473.15,retired,contract,14079.8,58798.77,48,406,4,1,0,0.4893,1.4039,1,2638.64
68,87039.55,3112.59,employed,permanent,23633.23,284271.39,120,685,3,1,0,0.4834,3.266,1,26111.86
56,3376.06,111.37,unemployed,permanent,91.04,8313.24,84,755,2,1,1,0.4013,2.4624,0,277.0
68,67742.58,2970.75,employed,permanent,5651.6,133150.98,84,593,5,0,0,0.5429,1.9655,0,1694.24
36,72957.22,2423.97,employed,permanent,25078.65,427078.23,12,475,0,1,1,0.4674,5.8538,0,884.56
68,21037.56,603.55,part_time,contract,1026.42,68621.19,60,406,4,0,0,0.354,3.2618,0,508.58
21,83383.94,3833.65,employed,contract,5200.89,434482.64,120,385,1,0,1,0.5642,5.2106,0,2360.25
21,88889.17,3399.2,employed,permanent,19342.4,139933.4,36,809,2,0,0,0.5024,1.5742,1,40000.13
47,62157.32,2367.31,employed,temporary,6816.85,352241.51,60,526,1,1,0,0.479,5.6669,0,1922.21
42,56485.24,2183.1,employed,contract,5017.6,275047.7,12,628,1,1,0,0.4816,4.8694,1,10167.34
56,60956.59,2547.95,employed,permanent,14039.85,301601.43,48,540,2,1,0,0.5477,4.9478,0,906.86
51,81900.52,2454.11,employed,permanent,12205.69,216520.96,36,301,1,0,0,0.3894,2.6437,1,13587.3
52,86319.5,1883.53,self_employed,freelance,4853.22,273719.43,60,550,1,0,1,0.2731,3.171,0,11185.13
20,37462.48,1666.17,employed,temporary,8014.78,140988.13,120,341,0,1,2,0.5765,3.7634,0,996.07
38,76506.14,1881.52,self_employed,freelance,11843.53,370573.59,84,725,2,0,2,0.3261,4.8437,0,20156.53
21,35951.51,1505.88,employed,permanent,10562.79,185862.55,120,380,2,1,0,0.5614,5.1698,0,499.47
63,77819.45,1808.07,employed,contract,3198.55,72313.66,84,787,0,0,0,0.287,0.9292,1,149179.89
45,56189.67,1785.7,self_employed,permanent,13948.82,307489.15,24,561,0,1,1,0.431,5.4723,0,1677.74
51,22856.17,518.19,part_time,permanent,3990.63,129279.79,84,694,0,1,2,0.307,5.6562,0,7216.27
25,78927.3,2846.48,employed,temporary,12819.75,296836.16,60,547,2,1,0,0.4653,3.7609,1,7103.46
51,19718.61,786.44,retired,permanent,1832.16,30112.85,12,629,2,0,0,0.4972,1.5271,0,902.26
23,40061.45,1034.93,self_employed,permanent,487.56,200358.59,36,847,3,0,1,0.3124,5.0013,1,60875.78
30,62806.24,1989.23,self_employed,permanent,21296.07,220904.11,24,397,2,1,0,0.4479,3.5172,1,5300.97
36,46842.89,2246.83,self_employed,permanent,6116.0,233960.58,120,444,1,1,1,0.6017,4.9946,0,1656.1
57,53584.58,1807.75,employed,contract,14598.39,266928.62,84,426,5,1,0,0.4593,4.9814,0,579.59
43,89899.61,3977.24,employed,permanent,34075.1,87832.93,84,603,3,1,1,0.6067,0.977,1,16181.93
24,103414.37,4951.09,self_employed,permanent,23371.25,396968.25,120,678,0,0,0,0.6197,3.8386,1,23268.23
53,83614.6,4118.17,employed,permanent,13282.91,263995.85,36,446,4,0,0,0.6228,3.1573,0,1582.91
25,33552.26,1578.11,part_time,permanent,3600.47,191370.59,36,380,2,0,0,0.5859,5.7037,0,362.42
41,53751.47,1617.43,employed,temporary,20082.49,114572.72,120,541,1,0,0,0.4358,2.1315,0,1843.71
30,51339.23,2510.92,employed,permanent,14006.92,83836.99,60,847,1,0,1,0.6415,1.633,1,23102.65
67,2808.75,125.07,unemployed,contract,747.44,15262.68,84,366,1,0,0,0.5876,5.434,0,114.43
35,80656.43,3649.78,employed,permanent,13748.96,106299.98,48,774,3,1,3,0.5771,1.3179,0,14221.41
52,89557.43,1905.41,self_employed,permanent,30272.16,382934.77,84,732,0,0,0,0.3229,4.2759,1,99921.91
28,47436.34,2308.5,self_employed,freelance,13541.6,101993.3,60,601,0,1,0,0.6411,2.1501,1,7684.69
25,20670.86,899.75,part_time,contract,2341.46,74893.66,24,674,1,0,2,0.545,3.6232,0,828.03
35,36748.34,1588.72,retired,permanent,8813.41,142921.9,12,377,0,1,1,0.5668,3.8892,0,413.11
48,75173.31,1744.86,self_employed,contract,12935.64,210149.32,84,329,2,0,0,0.3129,2.7955,1,18987.65
22,109429.13,3022.06,self_employed,permanent,288.46,500000.0,60,651,5,0,2,0.3319,4.5692,1,82777.67
39,20753.02,1014.81,part_time,contract,6704.25,25424.16,48,414,2,0,0,0.6514,1.2251,0,351.82
55,84968.82,3010.99,employed,temporary,4174.7,225396.36,48,631,4,1,0,0.4351,2.6527,1,19852.12
38,59275.22,1922.74,employed,temporary,12091.07,169952.39,60,804,2,1,3,0.43,2.8672,1,44812.07
45,76050.5,3447.49,employed,freelance,10228.07,301978.15,24,453,0,1,3,0.5709,3.9708,0,1689.77
22,86163.99,2014.58,employed,permanent,11790.3,236083.19,48,834,3,1,0,0.3079,2.7399,1,178762.71
38,111219.69,3669.6,self_employed,temporary,21236.95,114967.58,48,668,0,1,0,0.4341,1.0337,1,39578.64
39,30410.52,966.79,self_employed,permanent,12128.0,173670.37,84,657,3,0,0,0.4613,5.7109,1,6842.37
51,44541.91,1382.46,self_employed,permanent,7276.0,124202.22,84,601,2,0,2,0.4051,2.7884,0,4172.51
26,61229.8,1825.12,employed,permanent,4465.59,146015.04,120,750,3,1,2,0.3723,2.3847,1,84445.69
60,5178.65,139.62,unemployed,permanent,1271.06,15313.12,24,606,0,1,0,0.3726,2.957,1,500.0
52,70249.04,1817.8,employed,temporary,6639.59,118810.53,24,362,3,0,2,0.3294,1.6913,0,2086.35
59,114747.36,4533.88,self_employed,temporary,4844.59,120624.64,24,575,2,1,0,0.4826,1.0512,1,9294.54
58,35678.45,1700.04,self_employed,temporary,716.05,46995.0,120,810,0,1,0,0.5758,1.3172,1,17339.73
37,59852.23,2135.22,employed,permanent,547.8,84786.76,24,834,3,1,0,0.4299,1.4166,1,45312.93
59,45582.61,1345.79,employed,permanent,7861.44,72348.9,60,686,3,1,0,0.3888,1.5872,1,30412.72
20,84175.92,2144.42,employed,freelance,14368.01,236515.91,60,757,2,1,3,0.3398,2.8098,0,16026.14
30,53689.47,2418.49,retired,permanent,3984.73,211077.25,36,707,1,1,0,0.5554,3.9314,1,15784.7
47,23010.14,1131.37,part_time,temporary,7216.16,91094.45,120,685,1,1,0,0.6527,3.9589,0,909.83
44,34880.98,1081.9,self_employed,contract,1803.63,17459.21,36,689,2,1,0,0.3825,0.5005,1,22131.98
69,78191.21,2292.52,employed,contract,28627.9,435154.97,120,528,3,0,1,0.4251,5.5653,0,2462.54
42,73342.77,2814.67,employed,temporary,17237.78,368595.79,36,526,2,1,0,0.5075,5.0257,0,1610.55
50,4256.05,184.91,unemployed,contract,47.01,24692.15,48,626,0,0,0,0.5236,5.8017,0,222.76
49,10648.89,363.3,unemployed,permanent,4101.84,26408.45,24,634,1,0,0,0.4864,2.4799,1,500.0
61,88670.75,3476.82,employed,freelance,10922.15,368550.75,60,576,2,1,0,0.4952,4.1564,1,7980.37
54,65681.96,2741.08,employed,permanent,11822.09,93538.61,60,529,2,0,0,0.5368,1.4241,0,1278.06
26,6788.73,331.63,unemployed,permanent,771.93,33900.76,24,456,1,0,0,0.6089,4.9937,0,127.73
35,51363.24,1317.31,employed,permanent,14965.63,71267.65,36,312,0,0,0,0.366,1.3875,1,10324.01
45,67147.83,3352.27,employed,contract,13044.95,153964.69,84,802,0,0,0,0.6379,2.2929,1,30216.52
67,59180.33,1909.82,employed,permanent,3133.55,189352.89,120,496,1,0,0,0.3978,3.1996,1,9072.34
68,53708.15,2251.8,self_employed,permanent,2238.64,202475.65,48,402,1,0,0,0.5115,3.7699,0,615.75
21,20485.85,768.81,retired,permanent,5943.97,73298.0,60,469,1,1,0,0.5084,3.578,0,200.09
20,17812.28,623.93,part_time,freelance,1689.18,18908.24,12,408,3,1,0,0.4393,1.0615,0,207.22
67,43796.19,1804.13,self_employed,contract,2413.93,123471.01,48,675,1,1,2,0.5053,2.8192,0,4147.9
31,76493.99,2476.58,self_employed,temporary,15281.28,426530.56,48,425,1,0,0,0.4285,5.576,0,903.81
24,68091.85,1669.04,employed,temporary,21864.71,360752.45,36,684,1,1,0,0.3584,5.298,1,57850.84
56,82814.31,2906.18,self_employed,permanent,9234.88,310496.47,24,447,2,0,0,0.4434,3.7493,1,6327.84
51,56349.96,2031.75,employed,permanent,6230.76,205552.55,120,300,0,0,1,0.4548,3.6478,0,1974.17
28,65016.82,1737.39,self_employed,freelance,21686.52,72442.62,120,306,4,1,1,0.3874,1.1142,0,2940.88
60,80883.11,3892.28,employed,permanent,4782.9,129528.4,12,462,0,1,1,0.5893,1.6014,0,3338.65
54,61192.8,1680.85,employed,permanent,15095.72,115624.93,36,735,2,1,1,0.379,1.8895,1,62196.36
38,89327.53,2927.19,employed,permanent,34123.6,284515.02,24,733,2,1,0,0.4696,3.1851,1,37517.56
67,59178.95,1500.31,employed,permanent,19914.97,267634.33,120,624,0,1,0,0.3715,4.5225,1,27376.18
35,70726.95,2578.76,employed,permanent,1748.8,214584.82,12,456,5,1,0,0.4425,3.034,1,7320.24
22,37769.96,1125.78,employed,temporary,4833.21,45072.24,84,413,0,1,0,0.3833,1.1933,1,7933.96
39,27026.82,948.74,part_time,permanent,1539.17,78821.53,84,411,1,0,0,0.4326,2.9164,0,578.07
43,81828.45,2240.84,employed,temporary,31069.96,114108.37,60,754,1,1,1,0.4046,1.3945,1,84309.49
52,114533.49,2565.75,self_employed,permanent,45169.33,500000.0,12,372,3,0,1,0.3477,4.3655,0,9661.9
43,54900.86,2391.52,retired,permanent,5160.53,77726.15,36,492,0,1,3,0.5415,1.4158,0,905.49
30,18490.11,730.95,part_time,permanent,4953.12,58316.64,12,774,2,1,0,0.528,3.1539,1,5990.8
68,79660.16,2451.27,self_employed,contract,26817.81,343635.99,12,572,0,0,1,0.4366,4.3138,0,1832.78
27,34676.57,770.46,retired,permanent,3241.29,60860.48,12,393,2,0,1,0.2853,1.7551,0,3897.87
55,66009.96,3041.69,employed,temporary,4955.52,60608.07,60,814,2,0,1,0.568,0.9182,1,29704.48
57,43659.91,1125.8,employed,contract,195.79,157094.78,84,519,0,0,0,0.3103,3.5981,0,5857.84
59,82088.23,3938.59,employed,temporary,13526.91,65515.82,84,304,0,1,0,0.6087,0.7981,0,1860.72
39,111409.05,3876.18,self_employed,permanent,40082.19,415859.63,24,493,0,0,0,0.4895,3.7327,0,2226.46
54,67717.86,2083.09,self_employed,permanent,24459.14,314498.13,12,353,3,1,0,0.4414,4.6442,0,1160.64
67,50423.64,2141.39,employed,permanent,2576.51,116541.03,120,508,4,1,0,0.5198,2.3112,0,472.21
44,42745.84,1983.74,employed,temporary,3494.09,136184.9,48,796,1,0,1,0.5732,3.1859,1,19235.63
54,89957.66,2846.78,self_employed,permanent,14682.79,500000.0,120,754,3,0,0,0.4124,5.5582,1,63830.36
44,52172.75,1706.79,employed,contract,16290.93,161271.12,36,379,1,1,0,0.455,3.0911,1,4695.55
48,111406.16,3728.44,self_employed,contract,27265.61,500000.0,48,307,1,1,1,0.4506,4.4881,0,1374.69
37,88746.19,4236.25,self_employed,permanent,18240.88,121006.61,120,390,1,0,1,0.6139,1.3635,0,1683.47
65,7748.22,317.93,unemployed,permanent,1834.57,34085.48,24,645,3,1,0,0.5397,4.3991,0,208.55
37,6712.83,188.34,unemployed,temporary,258.31,27451.46,36,650,0,0,0,0.3444,4.0894,0,313.69
21,19693.72,516.55,retired,permanent,3762.79,104330.96,24,509,1,1,3,0.353,5.2977,0,1731.66
54,86255.73,2376.55,employed,permanent,34228.46,86983.53,120,557,3,1,1,0.41,1.0084,0,6418.62
35,7535.25,214.91,unemployed,freelance,266.59,15380.47,36,340,4,0,1,0.3493,2.0411,0,144.65
60,119435.89,3290.1,self_employed,permanent,24806.68,146546.13,84,603,0,0,1,0.3721,1.227,1,41244.8
55,64554.6,2584.75,employed,freelance,7634.21,363573.0,84,540,2,0,3,0.5041,5.632,0,1848.42
52,74056.1,1793.25,employed,contract,15993.55,210800.27,48,833,0,0,0,0.3338,2.8465,1,110773.11
23,38091.53,1223.93,employed,contract,8743.05,209707.67,48,544,0,0,1,0.4315,5.5054,0,1621.49
52,69745.49,2724.54,employed,permanent,16110.45,147807.33,120,603,0,0,1,0.515,2.1192,0,2338.71
33,97641.71,2862.54,self_employed,permanent,33284.45,116684.24,60,834,1,0,0,0.42,1.195,1,63271.83
40,46805.03,1064.21,retired,temporary,7296.86,99739.41,120,410,1,1,2,0.304,2.131,0,3663.36
67,77356.14,1796.2,employed,permanent,15977.27,292751.14,120,429,0,0,0,0.3199,3.7845,1,20897.76
39,47445.54,1162.77,employed,permanent,207.4,244286.61,120,661,0,0,0,0.295,5.1488,1,48631.68
27,34434.16,1556.84,part_time,permanent,10875.0,90205.41,24,559,1,1,0,0.6057,2.6196,0,819.21
26,89735.02,3591.29,employed,permanent,9314.05,496364.56,48,830,0,1,0,0.501,5.5314,1,48456.91
22,39157.77,889.48,employed,permanent,12789.79,72178.59,36,513,0,1,0,0.3379,1.8433,1,11425.45
36,113962.41,3674.09,self_employed,contract,12109.13,491687.83,12,352,3,1,3,0.4081,4.3145,0,6939.07
52,52497.67,1520.27,self_employed,permanent,226.55,238676.64,120,489,1,0,0,0.3484,4.5464,1,10744.17
67,72910.62,2748.21,employed,permanent,4515.54,146316.74,12,790,3,1,0,0.4647,2.0068,1,39371.73
31,53596.1,1933.85,employed,temporary,21131.5,34748.19,12,443,1,1,0,0.5118,0.6483,0,1463.43
41,88226.49,3076.12,employed,freelance,11285.98,221343.09,60,479,0,1,1,0.444,2.5088,0,2894.67
41,34642.87,1039.52,self_employed,permanent,1507.99,25932.92,120,818,1,1,0,0.3688,0.7486,1,44178.8
65,72285.95,1796.49,self_employed,permanent,3433.84,394258.11,48,367,3,1,0,0.3077,5.4541,1,22518.95
49,58542.63,2487.24,employed,temporary,7267.31,336291.64,24,407,0,1,0,0.5347,5.7444,0,1166.43
57,55972.23,2602.47,self_employed,freelance,842.83,254370.81,24,484,3,0,0,0.561,4.5446,0,1111.12
57,41884.76,2026.01,retired,contract,8569.43,188345.93,120,450,2,1,3,0.6214,4.4968,0,468.47
64,42208.07,951.5,employed,temporary,3608.64,77025.92,120,774,5,1,1,0.2876,1.8249,1,96821.94
27,74416.43,3156.3,employed,permanent,15458.1,67465.24,60,401,4,0,1,0.5505,0.9066,0,998.31
46,118156.25,4965.28,self_employed,temporary,6652.87,500000.0,36,438,3,1,1,0.5155,4.2317,0,1881.61
46,79250.73,3840.28,employed,permanent,13626.6,283352.32,84,687,0,0,0,0.6159,3.5754,0,5447.39
53,82300.92,2321.71,employed,temporary,19683.64,349692.61,120,788,0,0,0,0.3864,4.249,1,84144.46
40,59165.49,2513.36,self_employed,contract,1467.3,283285.9,48,357,1,0,0,0.5147,4.788,0,463.47
49,30020.8,673.26,retired,freelance,4788.31,82613.89,48,387,2,0,0,0.301,2.7519,1,6272.85
52,37130.79,1457.19,retired,permanent,4493.18,48084.6,36,421,2,1,0,0.4951,1.295,1,2339.24
47,29344.03,911.61,self_employed,permanent,2821.25,142984.73,36,543,0,0,3,0.392,4.8727,0,1969.27
66,11344.3,490.75,unemployed,temporary,2743.21,33984.24,48,366,2,1,0,0.5675,2.9957,0,245.98
52,42908.18,1974.34,employed,contract,10101.31,216604.07,48,593,0,0,2,0.5992,5.0481,0,467.58
24,110786.24,3486.88,self_employed,contract,27949.14,322093.85,12,429,1,1,3,0.4281,2.9073,0,2707.32
67,39597.02,1431.94,employed,permanent,2516.51,67061.13,120,339,2,1,1,0.4467,1.6936,0,1338.17
38,80244.37,1946.54,employed,permanent,9170.62,115594.23,120,511,3,1,0,0.3139,1.4405,1,26880.26
23,1823.55,60.16,unemployed,temporary,152.94,8372.96,120,355,2,1,1,0.4127,4.5916,0,82.46
54,28622.5,897.51,self_employed,permanent,6188.23,104812.45,24,590,4,0,0,0.4195,3.6619,1,3110.55
68,74571.92,1951.88,employed,contract,13753.02,203232.04,12,651,5,1,0,0.351,2.7253,1,66667.3
36,18446.1,865.53,part_time,permanent,2437.05,59150.04,12,421,1,1,0,0.5895,3.2066,0,231.5
63,74297.29,1868.77,employed,contract,23359.51,261750.27,24,394,0,0,0,0.3647,3.523,1,15078.64
47,65529.69,2580.28,employed,temporary,2463.23,119053.71,60,727,0,0,0,0.48,1.8168,1,22935.39
49,40984.41,1917.9,employed,contract,15982.23,105736.12,84,748,3,1,0,0.6395,2.5799,1,17213.45
48,11185.56,530.56,unemployed,permanent,521.44,23582.1,60,643,1,1,2,0.5785,2.1083,0,193.51
65,5427.77,238.66,unemployed,contract,1678.42,14309.4,60,847,1,1,0,0.5895,2.6363,1,586.2
25,75394.6,1958.06,employed,permanent,11105.03,245265.58,60,302,0,1,0,0.3411,3.2531,0,4145.51
54,72596.95,3243.27,self_employed,temporary,25126.16,105517.23,36,329,0,1,0,0.6053,1.4535,1,5880.35
60,68239.88,1972.12,employed,permanent,2024.54,181813.75,12,554,0,1,0,0.3527,2.6643,1,18093.12
56,3633.28,173.44,unemployed,permanent,544.59,9519.99,36,344,1,0,1,0.6028,2.6202,0,119.75
43,46019.82,1910.51,employed,permanent,6174.82,95400.05,120,476,2,1,0,0.525,2.073,1,4141.78
48,64841.36,2835.96,employed,permanent,25759.06,388511.91,36,521,1,1,2,0.6043,5.9917,0,2625.78
68,22125.04,515.81,part_time,freelance,8722.12,20022.08,24,421,4,1,1,0.3586,0.905,0,1359.35
65,56456.23,2135.78,employed,permanent,4286.25,227870.4,60,574,2,0,0,0.4692,4.0362,1,4234.22
50,71991.2,3224.0,employed,contract,18140.26,105064.85,48,611,3,1,0,0.5878,1.4594,1,12958.42
54,90598.13,4164.17,self_employed,freelance,19406.82,463625.23,60,717,0,0,0,0.5944,5.1174,0,10156.17
52,13056.16,282.91,part_time,permanent,806.21,72175.51,12,628,1,1,0,0.2724,5.5281,1,6418.62
40,53630.95,2586.38,employed,temporary,3599.27,145239.53,36,402,0,0,0,0.5921,2.7081,0,982.28
51,57647.05,1273.85,employed,permanent,22810.98,289914.59,12,581,3,1,1,0.3443,5.0291,1,16156.16
42,40329.07,1563.03,employed,permanent,7303.27,75596.92,36,544,0,0,0,0.5013,1.8745,0,557.41
52,47410.58,1946.54,self_employed,permanent,2385.72,60229.3,36,432,3,1,0,0.5027,1.2704,0,1656.11
22,37840.3,906.81,employed,freelance,3251.09,84661.26,36,640,4,0,0,0.3048,2.2373,1,22159.28
37,119643.0,2660.1,self_employed,permanent,12842.39,284655.47,48,321,1,1,0,0.2883,2.3792,1,41032.05
44,28940.82,1265.48,part_time,temporary,5914.55,77719.6,120,449,1,1,3,0.5656,2.6855,0,539.87
61,39809.76,1276.02,employed,temporary,5343.24,101565.61,60,466,2,1,1,0.4115,2.5513,0,2235.87
50,36113.72,865.19,employed,contract,6572.87,99720.62,36,644,2,1,0,0.3239,2.7613,1,22894.65
22,74560.83,3211.92,employed,permanent,4965.74,328454.14,24,760,2,0,1,0.5303,4.4052,1,33552.37
59,59155.57,2697.53,employed,temporary,7731.13,109478.67,84,559,0,0,0,0.5733,1.8507,0,1079.03
65,47111.48,1788.61,retired,temporary,1325.09,28368.92,84,499,3,0,0,0.4612,0.6022,1,2473.35
43,85791.18,2190.77,employed,temporary,30531.72,273952.09,36,304,0,0,0,0.3776,3.1932,1,15751.26
69,67961.52,1446.04,employed,freelance,5403.01,201546.81,60,599,1,0,0,0.2712,2.9656,1,23324.39
51,42775.3,1765.48,self_employed,contract,12950.65,35518.79,60,835,0,0,0,0.5558,0.8304,1,17324.0
66,78020.67,2877.33,employed,permanent,10908.91,96426.35,120,535,4,1,0,0.4705,1.2359,1,7021.86
41,115802.12,4610.65,self_employed,permanent,21974.49,382675.62,120,839,1,1,0,0.5157,3.3046,1,56279.83
42,66912.72,2981.04,employed,permanent,7795.63,119849.33,48,451,1,1,0,0.5579,1.7911,1,6022.14
21,43233.91,1448.26,retired,permanent,12043.95,230297.99,36,545,0,0,0,0.4577,5.3268,1,2269.78
46,19761.92,483.48,part_time,permanent,6675.94,28716.22,24,304,3,1,0,0.3611,1.4531,1,2964.53
61,61245.13,2955.05,self_employed,permanent,7013.06,37400.84,48,312,0,1,0,0.6019,0.6107,0,1486.9
21,28897.05,1061.59,part_time,permanent,2799.75,85581.52,48,764,1,1,0,0.4602,2.9616,1,9362.64
45,86027.41,3336.09,employed,freelance,23449.02,500000.0,36,585,5,1,0,0.5199,5.8121,0,2296.39
36,69594.36,3344.55,employed,permanent,5432.62,277423.92,36,638,0,0,1,0.5923,3.9863,0,4482.19
59,100035.55,4802.16,self_employed,freelance,25602.69,244803.34,48,513,2,1,0,0.6272,2.4472,0,1907.21
52,41305.33,1549.75,self_employed,permanent,1560.15,24484.73,48,412,0,1,2,0.4578,0.5928,0,1090.55
28,46657.75,1377.04,employed,temporary,11573.68,147775.19,48,637,1,1,0,0.4038,3.1672,1,16158.51
62,64261.91,3207.69,employed,contract,13197.0,105104.4,12,389,1,0,0,0.6401,1.6356,1,4819.64
67,44710.48,1819.29,employed,permanent,2037.11,181642.92,48,775,4,0,0,0.4974,4.0626,1,20119.72
58,69924.73,2289.76,employed,permanent,18155.36,259179.28,60,329,0,1,0,0.4449,3.7065,1,6935.13
48,51040.93,1896.78,employed,permanent,9117.08,99972.63,84,839,1,1,1,0.4817,1.9587,1,27562.1
61,9498.39,313.08,unemployed,permanent,824.9,8347.71,24,767,3,1,3,0.4129,0.8789,0,351.04
45,79446.07,3713.49,employed,freelance,11229.99,369631.23,24,687,4,0,1,0.5892,4.6526,0,2141.39
54,60508.31,2112.12,employed,contract,11910.51,225094.09,84,656,1,1,0,0.4582,3.7201,1,18152.49
69,42177.01,1891.76,self_employed,permanent,1544.59,216439.52,36,845,0,0,0,0.5456,5.1317,1,17081.69
44,86443.62,3919.22,self_employed,permanent,33111.69,166741.11,120,758,1,0,0,0.6207,1.9289,1,35009.67
43,54733.12,2456.22,retired,permanent,14571.32,223899.04,48,770,2,1,0,0.5918,4.0907,1,20689.12
32,84146.14,3525.48,self_employed,permanent,3451.17,96998.85,24,526,0,1,0,0.511,1.1527,0,1927.4
26,36967.61,1691.91,employed,temporary,12167.7,77815.14,24,490,3,1,0,0.615,2.105,0,418.92
55,18639.88,598.85,retired,permanent,2404.95,76627.9,60,301,1,0,1,0.4113,4.111,0,266.19
64,55434.39,1340.27,self_employed,temporary,13233.29,279427.97,60,417,0,0,0,0.3379,5.0407,0,5370.42
39,45768.11,2078.1,employed,permanent,5073.72,103668.9,12,607,2,0,1,0.567,2.2651,0,2534.01
20,102239.86,3615.53,self_employed,permanent,29993.33,500000.0,84,314,2,1,0,0.483,4.8905,1,8281.43
27,31430.53,771.57,part_time,temporary,9089.82,132876.92,12,723,2,0,0,0.3524,4.2276,1,19484.41
65,49224.03,1191.05,employed,permanent,10869.52,119009.49,24,778,2,0,0,0.3345,2.4177,1,73319.19
35,52910.46,1348.05,employed,freelance,5098.99,281493.34,36,395,0,1,0,0.325,5.3202,1,16666.79
33,47993.58,2051.09,employed,contract,4870.46,158415.28,24,354,2,1,3,0.5331,3.3008,0,2063.93
31,84961.04,3531.55,employed,permanent,13011.37,345397.0,36,577,3,1,0,0.5294,4.0654,1,7646.49
42,62645.71,1677.53,employed,permanent,3633.76,202093.33,120,712,1,0,1,0.3329,3.226,0,31474.13
34,87333.02,3976.73,self_employed,contract,11795.4,261122.22,24,544,1,0,0,0.5734,2.99,0,2052.91
47,57851.51,1679.88,employed,freelance,15836.38,298738.11,60,695,3,0,1,0.4032,5.1639,0,2841.6
53,26513.33,1165.58,part_time,contract,8811.39,56231.44,48,770,0,1,1,0.594,2.1209,1,8590.32
21,4630.26,162.48,unemployed,permanent,615.98,3247.95,24,337,1,1,0,0.4477,0.7015,0,130.82
51,57269.45,2415.06,self_employed,freelance,5351.03,305750.4,12,439,3,0,0,0.5247,5.3388,0,1736.54
42,41475.76,1325.45,retired,permanent,13813.79,208939.61,120,482,1,1,1,0.4501,5.0376,0,859.98
41,67508.41,2089.94,employed,contract,24052.01,169856.74,120,512,3,1,3,0.4428,2.5161,0,1227.67
44,51144.04,2320.56,employed,freelance,8388.06,77737.98,36,425,0,1,1,0.5773,1.52,0,561.32
41,39188.1,856.77,self_employed,permanent,421.73,165194.89,36,439,1,0,2,0.2645,4.2154,0,4012.21
41,31637.34,1558.56,retired,freelance,8794.69,29523.49,24,778,3,1,1,0.6468,0.9332,0,3907.5
68,33362.31,1325.77,retired,permanent,10462.86,94437.06,36,820,0,1,1,0.5396,2.8307,1,12610.95
61,69577.64,2327.19,employed,freelance,501.63,67646.36,12,762,3,0,2,0.4028,0.9722,1,60866.52
25,33034.16,1293.34,part_time,permanent,7862.54,125150.02,60,331,1,1,0,0.5174,3.7885,0,764.38
34,36990.16,903.05,employed,freelance,8705.54,24030.51,48,534,5,1,1,0.34,0.6496,1,10653.17
62,27015.46,967.87,retired,permanent,4092.39,107003.13,48,372,3,0,0,0.4602,3.9608,0,441.57
56,16455.47,815.62,part_time,contract,4935.11,69156.26,36,771,1,1,0,0.6548,4.2026,1,5331.57
52,62626.19,1734.45,employed,temporary,10726.09,199107.11,24,591,2,0,1,0.3666,3.1793,0,3169.6
27,5156.41,216.05,unemployed,permanent,1395.89,7541.46,36,587,2,1,3,0.5569,1.4625,0,87.2
63,75097.07,2517.25,employed,permanent,15533.6,79427.67,120,512,3,0,0,0.4436,1.0577,1,6353.21
63,48332.88,1926.71,employed,contract,4803.6,107449.21,12,466,1,1,0,0.4982,2.2231,1,4349.96
24,81477.34,2184.34,self_employed,permanent,19766.43,249209.59,84,348,5,1,1,0.3702,3.0586,0,6608.19
58,108966.44,3765.36,self_employed,temporary,32119.32,439368.57,24,520,0,1,0,0.4736,4.0321,0,3291.36
23,32945.59,1628.15,part_time,permanent,12834.36,16699.32,60,701,2,1,0,0.6709,0.5069,1,8302.29
25,116084.54,3079.63,self_employed,freelance,17649.91,500000.0,12,588,0,0,0,0.3488,4.3072,1,23695.18
64,77529.36,3054.37,employed,permanent,1999.41,342673.23,60,478,0,0,2,0.4779,4.4199,0,1644.1
51,51521.55,1938.32,retired,permanent,20360.72,151728.8,24,470,1,0,0,0.5305,2.945,1,2704.88
49,17394.21,649.05,part_time,permanent,4340.25,41550.17,60,303,1,1,0,0.4977,2.3887,1,939.29
66,45866.95,1778.46,employed,permanent,17364.32,235421.16,12,635,0,0,0,0.541,5.1327,0,3266.75
54,12149.23,431.08,part_time,permanent,504.57,58501.35,12,494,1,0,0,0.4341,4.8152,0,265.11
59,73876.44,1575.57,employed,permanent,10107.3,436463.37,36,763,4,0,0,0.2833,5.908,1,144081.22
35,52686.29,2480.79,retired,contract,2822.65,134119.24,84,766,1,1,0,0.5757,2.5456,1,19915.42
32,45281.44,2035.56,employed,contract,15133.24,248485.49,24,643,1,1,3,0.6063,5.4876,0,1982.16
69,70031.9,1814.75,employed,temporary,24660.83,68681.01,48,507,4,1,0,0.3814,0.9807,1,14950.41
61,76055.29,2501.24,employed,permanent,15250.96,210145.59,120,802,1,1,0,0.4348,2.7631,1,53555.09
49,113123.35,4899.11,self_employed,temporary,8443.81,346107.41,84,429,0,0,0,0.5346,3.0596,0,3283.65
38,70577.31,3487.82,employed,permanent,3588.69,206425.13,48,300,3,1,1,0.6032,2.9248,0,1785.79
36,88366.16,4292.37,employed,contract,20789.52,347989.48,60,786,0,1,0,0.63,3.938,1,47717.73
38,57743.95,2717.7,self_employed,permanent,11696.07,82928.58,48,747,0,1,0,0.6053,1.4361,1,21827.21
47,20048.36,510.28,part_time,permanent,5571.75,105564.38,48,622,1,0,0,0.361,5.2655,1,5016.1
45,64865.69,3081.48,employed,permanent,7918.99,229280.89,120,323,1,1,1,0.5945,3.5347,0,2646.62
56,56092.6,2605.76,employed,contract,9027.95,307003.35,12,676,2,0,0,0.5896,5.4732,1,14023.15
45,35078.42,1116.47,employed,permanent,299.73,18046.94,12,455,1,1,0,0.3836,0.5145,1,7349.63
42,75247.46,2433.52,employed,temporary,18364.69,298351.26,12,571,2,1,3,0.4369,3.9649,0,1107.56
28,45813.53,1568.99,retired,permanent,7754.28,126835.59,48,392,2,1,1,0.4448,2.7685,0,692.61
31,45638.06,1824.23,retired,contract,16790.51,149603.61,60,823,0,0,0,0.5532,3.278,1,14375.99
20,57776.96,1643.24,self_employed,freelance,14832.18,265249.68,24,420,0,1,1,0.3926,4.5909,0,1666.33
20,63725.92,1370.28,employed,permanent,10162.87,111477.96,120,751,0,0,0,0.2899,1.7493,1,120499.34
66,31319.02,781.49,retired,permanent,3302.14,50954.38,36,621,2,0,0,0.3205,1.6269,1,11805.7
53,26523.46,893.05,self_employed,freelance,9604.52,115815.83,60,330,3,1,0,0.4765,4.3665,0,883.66
51,38810.61,1127.77,retired,temporary,252.5,130695.18,120,733,1,0,1,0.35,3.3675,1,28525.8
67,36757.26,1585.4,self_employed,permanent,4806.56,65612.26,120,428,5,1,0,0.5437,1.785,0,1250.18
44,20961.53,501.93,retired,temporary,7910.93,66282.51,12,752,0,1,0,0.3628,3.1621,1,21741.97
59,96772.41,4605.66,self_employed,temporary,25316.94,292985.36,60,735,4,1,0,0.6234,3.0276,1,36579.97
64,35522.84,1667.69,employed,permanent,7569.48,152852.8,24,806,3,0,1,0.606,4.3029,1,15985.28
20,34057.19,1612.22,part_time,contract,2772.73,17527.06,84,616,1,1,1,0.5843,0.5146,0,400.11
35,73949.26,3135.84,self_employed,permanent,24650.98,275622.31,12,763,0,0,0,0.5755,3.7272,1,29949.45
58,118386.56,2835.85,self_employed,permanent,9669.77,453566.12,24,627,1,1,2,0.3038,3.8312,1,75256.92
24,38189.87,1283.65,employed,contract,3792.31,175685.08,84,408,0,0,0,0.4232,4.6003,0,2001.56
41,80435.31,1984.02,self_employed,permanent,6172.64,433608.06,36,825,2,0,0,0.3113,5.3908,1,122942.96
48,58186.07,2888.43,self_employed,permanent,3680.84,169964.06,60,774,2,0,3,0.6083,2.921,0,9812.55
22,81391.54,2486.26,employed,temporary,31036.63,194026.14,36,691,2,1,0,0.4428,2.3839,1,27933.58
31,54867.25,2079.77,employed,freelance,13212.73,58310.83,120,412,1,0,0,0.503,1.0628,0,1096.13
45,49746.32,2167.23,self_employed,freelance,12692.02,117033.05,48,585,1,1,0,0.5738,2.3526,0,1827.79
35,10290.64,490.71,unemployed,freelance,3928.25,9021.45,60,646,4,1,0,0.6486,0.8767,0,174.21
56,60592.04,2597.59,self_employed,contract,5588.41,297840.85,120,560,0,0,0,0.5329,4.9155,0,1737.29
41,35925.83,1455.22,employed,permanent,85.04,177420.93,84,606,3,0,0,0.4865,4.9385,1,5388.87
48,62077.46,2136.98,self_employed,permanent,14870.87,173494.53,48,333,1,1,2,0.461,2.7948,0,1657.5
33,70998.72,2732.8,employed,contract,14422.53,136887.43,24,468,0,0,1,0.5025,1.928,0,2125.4
47,48989.77,1155.17,employed,permanent,9359.99,56294.65,48,644,0,1,0,0.3212,1.1491,1,31533.74
24,58759.32,2739.03,employed,temporary,1454.42,304479.3,84,445,0,0,0,0.5643,5.1818,0,1287.33
66,38119.33,1398.73,employed,temporary,6929.1,203032.09,84,831,0,0,3,0.4767,5.3262,0,2757.2
68,67345.1,1481.86,employed,permanent,7746.29,132305.7,24,837,1,0,0,0.2871,1.9646,1,129039.95
49,76596.22,3650.87,employed,freelance,8412.25,300232.9,36,545,1,1,0,0.5939,3.9197,0,1727.21
65,57732.19,2026.67,employed,temporary,5135.43,110995.63,12,640,1,1,0,0.439,1.9226,1,12677.99
24,58112.79,2682.9,employed,permanent,7729.66,101011.45,36,380,0,0,0,0.5806,1.7382,1,4358.46
31,33386.84,1529.98,self_employed,freelance,4716.0,20587.8,120,490,2,1,0,0.5782,0.6166,0,492.58
35,46106.75,2057.56,employed,permanent,5694.66,169413.57,48,582,2,0,0,0.5602,3.6744,0,394.97
45,43507.14,984.32,employed,permanent,17033.09,57632.97,24,788,5,1,1,0.3498,1.3247,1,70575.54
45,35822.45,1004.44,retired,temporary,13365.09,20348.64,48,334,0,1,1,0.4111,0.568,0,1266.51
67,64109.05,2972.75,employed,contract,14732.52,69025.02,84,593,3,1,3,0.6024,1.0767,0,899.22
40,115149.31,5418.22,self_employed,contract,45187.12,256291.34,120,341,0,1,1,0.6431,2.2257,0,1042.23
58,39027.73,1334.5,employed,contract,15473.68,163151.43,120,469,0,1,0,0.4896,4.1804,1,3512.5
55,67992.74,2289.17,employed,contract,9680.53,109769.3,12,693,2,1,0,0.4325,1.6144,1,27537.06
52,75017.36,1946.07,self_employed,permanent,13358.72,403724.53,60,487,1,0,1,0.3469,5.3817,0,1770.49
49,74042.14,3633.89,self_employed,contract,28404.39,154502.72,60,595,0,1,1,0.6657,2.0867,0,1732.85
56,50306.89,1360.79,retired,freelance,12247.24,116799.75,60,684,0,1,0,0.3733,2.3217,1,26770.31
42,44526.15,1175.59,self_employed,permanent,3792.36,75644.34,48,363,2,0,0,0.3339,1.6989,1,9984.32
29,12937.79,518.86,part_time,permanent,3567.62,24529.14,60,380,1,0,0,0.5364,1.8959,0,282.76
24,71974.93,2009.27,employed,freelance,5923.43,65334.75,24,484,0,0,0,0.3515,0.9077,1,16032.42
55,53983.66,2602.78,employed,contract,7327.91,114512.2,12,760,5,1,1,0.6057,2.1212,1,29151.18
53,35967.45,760.76,employed,freelance,3273.9,188034.09,120,644,1,1,0,0.272,5.2279,1,29522.08
50,48825.57,1025.39,employed,freelance,4784.52,209282.75,84,837,1,0,1,0.2716,4.2863,0,25446.17
29,54386.04,1933.91,self_employed,temporary,101.28,289006.06,36,537,1,1,0,0.4271,5.314,0,1855.47
38,83599.65,2931.71,self_employed,temporary,29450.78,90013.8,84,595,0,1,0,0.4913,1.0767,1,6771.57
51,44492.22,1138.92,employed,temporary,5267.71,133738.78,24,786,0,1,1,0.3309,3.0059,1,81255.25
20,21500.25,758.03,part_time,permanent,742.83,37859.83,12,668,5,1,2,0.43,1.7609,0,2445.87
24,35851.59,1177.37,retired,contract,1247.45,160137.79,36,598,0,0,0,0.401,4.4667,1,3726.77
64,60258.06,2820.15,employed,temporary,13401.83,351684.6,60,389,2,1,0,0.6061,5.8363,0,2488.05
23,88566.74,1869.05,employed,temporary,35175.89,441458.89,36,739,0,1,3,0.3327,4.9845,0,23073.8
35,37502.73,1849.18,employed,temporary,2175.5,26028.02,120,828,0,1,0,0.6033,0.694,1,20251.47
43,87303.25,3408.74,employed,permanent,3478.92,195701.44,48,387,0,1,2,0.4765,2.2416,0,1017.07
35,67006.55,1692.73,employed,permanent,11747.69,44035.92,48,323,1,1,0,0.3382,0.6572,1,19514.99
21,100594.13,2232.9,self_employed,permanent,22667.13,72520.15,60,631,1,0,0,0.3114,0.7209,1,51224.54
68,58671.59,2143.16,employed,permanent,6908.71,54994.89,60,357,1,1,0,0.4619,0.9373,0,718.3
47,59961.08,1659.98,employed,permanent,7255.82,121109.28,24,763,2,1,0,0.3564,2.0198,1,92992.44
51,32224.51,954.4,part_time,freelance,5471.42,70027.57,24,488,2,0,0,0.3894,2.1731,0,809.82
46,110113.78,3081.32,self_employed,permanent,13836.7,297581.87,84,763,2,1,0,0.3609,2.7025,1,148879.56
39,17489.84,696.04,part_time,permanent,6403.6,47696.91,120,521,1,1,0,0.5508,2.7271,0,225.77
43,45958.3,1699.44,employed,temporary,771.26,217968.71,48,652,1,0,1,0.4471,4.7427,0,2639.78
31,62292.93,1439.44,employed,temporary,5844.83,79592.79,12,350,3,1,1,0.2961,1.2777,0,10694.88
69,110526.32,3999.99,self_employed,permanent,35746.55,151152.85,24,387,1,0,1,0.499,1.3676,0,3153.66
54,52729.53,2315.34,employed,contract,17589.69,208083.37,12,521,0,1,0,0.5936,3.9462,1,4745.66
52,70860.8,1644.08,employed,contract,3161.95,258257.98,84,787,1,0,0,0.2873,3.6446,1,135648.83
52,92274.41,4316.97,self_employed,permanent,35941.38,124296.02,48,466,0,0,1,0.6393,1.347,0,2474.37
62,98974.09,3731.38,self_employed,permanent,27449.67,500000.0,24,400,0,1,1,0.5079,5.0518,0,2375.72
56,66015.85,3205.72,employed,freelance,7198.18,152485.18,12,723,0,0,0,0.6045,2.3098,1,23105.55
31,57135.03,1437.18,employed,contract,10422.29,143884.31,84,824,2,0,0,0.3383,2.5183,1,83148.61
22,88185.88,4392.74,employed,temporary,10481.37,248025.47,12,446,1,0,0,0.6215,2.8125,0,1469.65
20,68623.19,2719.17,employed,permanent,4118.0,156108.17,24,561,0,1,0,0.4875,2.2749,1,6176.09
52,75071.09,2806.55,employed,permanent,8743.62,267703.72,60,445,4,0,0,0.4719,3.566,1,5630.33
59,53974.06,1935.64,employed,temporary,12523.97,142359.96,84,787,1,1,1,0.4768,2.6376,1,29145.99
29,71847.2,1546.39,employed,permanent,23737.44,138441.72,84,820,3,0,0,0.3244,1.9269,1,113547.31
62,17929.35,864.9,part_time,permanent,2607.14,98156.23,36,380,1,1,0,0.608,5.4746,0,453.89
63,48284.21,1912.85,self_employed,temporary,6719.26,106028.7,60,425,4,1,0,0.5032,2.1959,0,791.76
48,8576.67,201.6,unemployed,permanent,1605.56,37237.23,84,438,2,0,1,0.3195,4.3417,0,119.5
32,63676.71,1365.51,employed,contract,16417.27,153444.78,36,438,1,1,0,0.3089,2.4097,1,21903.51
31,72580.21,1619.59,employed,contract,21820.99,210026.07,12,371,4,0,0,0.3279,2.8937,1,18736.58
50,49819.12,1923.39,employed,permanent,6512.35,89559.3,24,544,2,1,0,0.4894,1.7977,1,4483.72
65,67929.78,2631.74,employed,contract,15932.32,315045.61,84,509,1,1,1,0.5118,4.6378,0,2367.35
21,59416.35,2103.75,employed,permanent,9253.76,270618.77,48,493,5,0,0,0.456,4.5546,1,4456.23
69,40087.53,1193.83,retired,contract,11487.48,24947.26,24,837,0,1,0,0.4147,0.6223,1,25851.17
54,52633.57,1912.84,self_employed,permanent,3466.97,43742.03,60,631,0,1,0,0.4493,0.8311,1,8646.01
42,92967.84,3336.81,self_employed,permanent,9554.3,500000.0,36,810,3,1,0,0.4513,5.3782,1,45182.37
36,79326.12,1697.55,employed,temporary,13519.09,427452.58,24,592,2,0,0,0.2909,5.3885,1,24880.64
45,17978.08,522.66,part_time,permanent,6395.99,59030.66,36,335,1,1,1,0.42,3.2835,0,481.13
27,51534.13,1153.57,employed,freelance,11818.34,165603.16,60,827,0,1,0,0.3145,3.2135,1,103243.48
48,71363.48,3360.35,employed,permanent,27557.61,354557.53,60,377,0,1,1,0.6423,4.9683,0,1815.71
45,73257.18,3075.75,employed,permanent,3026.33,92412.16,24,320,1,0,0,0.5121,1.2615,1,5494.29
29,44051.69,2197.59,retired,temporary,8108.6,180406.88,84,544,0,0,0,0.6355,4.0953,0,761.79
45,27702.07,821.27,part_time,permanent,4643.74,86372.46,48,694,0,1,0,0.3893,3.1179,1,11039.83
53,56604.42,2629.61,employed,permanent,13589.73,259719.23,84,353,3,0,0,0.6055,4.5883,0,766.55
60,32609.59,1252.94,retired,temporary,10591.13,21703.81,120,392,0,1,0,0.526,0.6656,0,1016.1
26,27428.25,933.92,retired,contract,9231.78,103129.96,48,592,1,1,1,0.4759,3.76,0,749.12
23,43625.85,1192.08,employed,contract,11695.12,155395.5,36,675,1,1,1,0.3815,3.562,1,31017.98
69,73091.76,3096.88,employed,freelance,18756.41,374570.84,24,475,5,0,0,0.5598,5.1247,0,1226.96
64,40125.38,1894.08,employed,permanent,15232.07,169433.42,12,489,1,1,0,0.6424,4.2226,0,378.95
30,33569.22,929.75,part_time,contract,5152.03,179289.24,60,491,0,1,0,0.3631,5.3409,1,4963.28
48,80467.75,2088.05,employed,permanent,26804.88,432916.76,84,367,0,0,0,0.378,5.38,1,14725.6
55,49727.71,2045.79,retired,temporary,18329.71,136497.69,36,623,2,0,3,0.5674,2.7449,0,1346.4
44,84866.78,4186.34,employed,permanent,16686.14,106583.15,60,454,0,0,2,0.6313,1.2559,0,1727.77
40,4903.26,209.4,unemployed,freelance,1429.99,19449.08,36,753,4,0,0,0.5708,3.9666,1,500.0
55,81568.54,2376.39,employed,contract,12301.18,432770.33,24,525,2,0,1,0.3798,5.3056,0,6479.27
29,40015.82,1323.8,self_employed,freelance,2543.07,36504.17,36,532,1,0,0,0.4097,0.9122,0,2002.41
56,18800.75,602.42,retired,contract,4410.69,67091.94,36,807,2,1,1,0.4314,3.5686,1,9750.37
28,47040.98,2149.12,retired,freelance,3696.89,53273.79,120,403,0,1,2,0.564,1.1325,0,882.84
43,20767.48,899.89,retired,contract,3801.27,13467.25,12,765,1,1,0,0.5566,0.6485,1,7850.11
54,89368.86,3397.07,employed,permanent,31203.29,378744.73,36,727,0,1,0,0.526,4.238,1,37534.92
68,89105.66,2570.96,self_employed,permanent,3065.88,378714.46,48,741,3,1,2,0.3531,4.2502,0,29625.48
54,76439.73,3683.73,employed,permanent,930.38,290747.63,36,425,1,1,0,0.5807,3.8036,1,6879.58
67,48519.21,1935.35,employed,permanent,11770.33,253548.07,36,335,2,1,0,0.5272,5.2257,0,2166.56
55,89017.21,4374.21,self_employed,temporary,11788.06,84105.28,24,537,4,1,0,0.6162,0.9448,1,7210.39
37,37377.1,1411.11,employed,temporary,6248.52,40327.33,36,541,2,1,1,0.4865,1.0789,0,1653.76
68,104593.44,4684.2,self_employed,temporary,16973.87,500000.0,120,432,1,0,0,0.5699,4.7804,0,1399.99
58,15901.35,708.39,part_time,freelance,550.95,51965.96,12,526,2,1,0,0.5415,3.268,0,406.68
51,73354.69,2249.94,employed,freelance,104.65,146840.72,24,702,1,0,1,0.3684,2.0018,1,67574.34
43,46325.65,2267.67,self_employed,permanent,16648.02,211238.63,120,695,2,1,2,0.6593,4.5599,0,5833.98
42,38764.92,832.41,employed,permanent,3377.18,210075.65,60,389,1,1,0,0.2751,5.4192,1,15692.81
51,61482.15,2659.35,employed,permanent,10478.5,263931.68,48,554,0,0,0,0.5531,4.2928,0,739.74
56,44310.74,2171.02,employed,permanent,17226.7,215156.53,48,382,3,1,1,0.6657,4.8556,0,753.92
31,28777.21,883.98,part_time,contract,9516.77,59100.76,60,799,1,0,0,0.4348,2.0537,1,10131.88
68,26789.94,1064.54,retired,temporary,1156.58,55944.48,36,608,0,0,1,0.4855,2.0883,0,562.27
32,19876.87,740.05,part_time,temporary,4043.11,104406.86,12,831,3,0,0,0.4875,5.2527,1,5366.75
42,25051.1,1078.3,part_time,contract,7315.71,97242.0,12,383,3,0,0,0.5749,3.8817,0,183.11
44,50673.26,2335.88,employed,contract,14155.94,90598.47,12,326,2,1,2,0.609,1.7879,0,1707.11
54,55789.35,2143.55,employed,permanent,16978.75,188729.23,12,678,5,0,0,0.5219,3.3829,1,13947.34
60,102484.07,4573.92,self_employed,contract,18752.73,437835.78,120,629,4,0,0,0.5722,4.2722,0,1572.84
49,44856.54,1343.08,employed,permanent,3156.52,76346.73,36,692,3,0,3,0.3734,1.702,1,28394.19
36,39521.09,1086.85,employed,permanent,7348.91,162114.93,60,516,0,0,0,0.3672,4.102,1,7872.6
68,53059.68,1771.9,employed,permanent,13750.68,38828.9,120,680,0,0,0,0.4526,0.7318,1,13264.92
39,65315.79,2651.86,self_employed,permanent,15900.27,141755.12,120,807,1,1,0,0.5359,2.1703,1,31743.47
67,76552.63,2012.93,self_employed,permanent,2159.46,322045.05,60,582,3,0,1,0.3212,4.2068,0,2414.98
44,55483.3,2256.89,employed,permanent,1441.51,73316.73,48,513,3,1,1,0.4933,1.3214,0,776.06
41,78445.14,2535.95,employed,temporary,30287.91,135089.96,60,455,2,1,0,0.4652,1.7221,1,7060.06
32,28735.35,1265.44,self_employed,contract,1744.87,153303.47,12,829,1,0,0,0.5406,5.335,1,11637.82
38,66017.92,1446.3,self_employed,permanent,7775.92,277853.98,36,458,0,1,0,0.2864,4.2088,1,22844.31
68,56024.08,2258.68,employed,permanent,17202.41,181745.08,120,340,0,1,2,0.5452,3.2441,0,918.87
55,7770.94,309.18,unemployed,contract,1273.43,12899.09,24,804,2,0,0,0.5102,1.6599,1,699.38
31,88145.19,4255.41,employed,permanent,6398.1,209587.5,24,818,5,1,2,0.5938,2.3778,0,12962.75
60,63070.65,2626.25,employed,freelance,11787.46,230764.01,12,304,1,1,0,0.5371,3.6588,0,826.14
38,54514.44,2401.84,retired,temporary,12406.4,73824.5,84,320,2,1,0,0.5742,1.3542,0,805.24
31,53713.69,2536.21,self_employed,permanent,9727.91,169176.23,48,541,3,1,0,0.6028,3.1496,0,1074.55
28,36697.75,1487.08,employed,permanent,13489.3,100895.3,120,405,0,1,0,0.5598,2.7494,0,929.34
26,40738.0,1193.47,self_employed,permanent,4639.23,127175.09,24,642,3,1,0,0.3743,3.1218,1,16591.28
47,62536.86,2889.31,self_employed,permanent,16543.05,67576.36,84,716,2,1,0,0.6073,1.0806,1,23638.93
33,29704.35,1266.53,retired,permanent,1334.26,32251.02,12,337,2,0,0,0.5206,1.0857,0,534.25
50,1164.65,38.68,unemployed,temporary,182.75,6758.01,120,635,2,0,0,0.4299,5.8026,0,132.56
38,66102.71,2747.04,self_employed,permanent,19592.66,389115.09,120,772,0,0,0,0.558,5.8865,1,26771.6
66,53596.37,2472.99,employed,temporary,4819.75,152423.02,120,412,2,0,0,0.5717,2.8439,0,1455.96
35,41744.06,2057.56,employed,temporary,9847.78,202019.33,36,550,0,0,1,0.6387,4.8395,0,380.96
24,51286.44,2493.05,employed,permanent,3147.7,210625.86,24,644,0,0,0,0.5956,4.1069,1,7692.97
54,83753.98,2539.59,employed,permanent,3440.67,95734.38,12,370,2,0,0,0.3721,1.143,1,16068.2
31,53694.64,1779.05,self_employed,permanent,11237.92,114462.62,24,563,0,1,1,0.4395,2.1317,0,642.69
44,92825.77,2230.43,self_employed,permanent,25063.37,206545.02,36,683,2,1,0,0.3423,2.2251,1,79048.57
40,68662.59,1926.22,employed,contract,3113.63,259322.08,60,690,1,0,0,0.3457,3.7768,1,52973.19
55,58494.96,2724.15,employed,permanent,21474.11,215838.91,60,772,2,0,2,0.6323,3.6899,0,7159.97
42,48146.41,1509.78,employed,contract,4348.05,268623.16,36,810,3,0,1,0.3944,5.5793,1,45758.35
35,55295.81,2152.82,employed,permanent,2653.65,267919.24,36,433,0,1,0,0.4768,4.8452,1,4976.62
58,7105.29,286.04,unemployed,permanent,576.09,37037.48,60,688,0,0,0,0.4993,5.2127,0,138.2
64,54291.43,2369.1,employed,temporary,3682.53,293269.13,36,360,1,1,0,0.5372,5.4018,0,1214.93
61,45415.16,1188.29,self_employed,contract,1647.2,222853.18,120,769,2,1,0,0.3212,4.907,1,78928.64
58,14678.64,436.3,part_time,permanent,4684.48,34213.66,36,650,3,0,0,0.4205,2.3308,1,3500.86
33,83387.18,2827.64,employed,permanent,16528.6,140304.88,36,357,0,0,0,0.4466,1.6826,1,6679.31
50,59217.21,1863.83,employed,temporary,9202.81,215830.17,60,484,3,1,1,0.4088,3.6447,0,1529.45
24,69386.46,3434.73,employed,permanent,26384.28,297850.1,60,502,0,1,0,0.6701,4.2926,0,2483.17
54,71588.98,3234.8,self_employed,permanent,10624.04,188001.53,84,331,2,0,2,0.5719,2.6261,0,1544.59
42,107893.82,3757.32,self_employed,temporary,7206.13,500000.0,24,468,1,0,0,0.4312,4.6342,0,2497.35
48,65081.42,3024.9,employed,permanent,7134.04,376373.42,60,321,0,1,0,0.5797,5.7831,0,2133.41
62,70674.23,2189.01,self_employed,temporary,6755.51,256665.94,24,378,0,0,0,0.3908,3.6317,0,4715.65
30,52210.24,2284.37,retired,temporary,10415.76,157218.42,120,435,1,0,1,0.5649,3.0113,0,977.46
37,74582.93,2040.38,employed,contract,8696.52,383048.91,120,601,4,0,0,0.3516,5.1359,1,33204.32
66,41135.24,1783.6,employed,contract,8491.32,26058.46,60,686,0,1,0,0.5616,0.6335,1,12340.57
31,24575.07,839.15,retired,temporary,6579.17,29725.25,48,841,0,0,0,0.4633,1.2096,1,7741.15
28,99776.67,2391.52,self_employed,temporary,31022.51,500000.0,24,583,5,1,2,0.3498,5.0112,0,12004.29
29,48926.5,1409.25,retired,contract,13898.21,221449.03,36,628,1,0,0,0.4025,4.5262,1,10017.7
63,76793.13,2500.87,self_employed,permanent,6315.18,214156.98,48,759,0,0,0,0.4072,2.7888,1,57723.86
36,38514.84,1644.11,retired,permanent,1785.54,207544.35,84,452,2,0,0,0.5215,5.3887,0,915.79
57,69756.31,1601.74,employed,contract,15135.73,169718.54,60,786,1,1,0,0.3189,2.433,1,136434.97
26,5269.39,211.15,unemployed,temporary,419.26,21004.58,60,490,3,1,0,0.4968,3.9862,0,73.66
65,27644.58,1153.25,part_time,permanent,939.18,110269.8,84,351,0,1,0,0.5074,3.9888,0,733.39
32,35305.72,1408.91,self_employed,freelance,7443.78,53446.7,48,640,5,0,1,0.521,1.5138,0,1645.67
59,87870.36,3780.14,employed,permanent,11486.21,181600.32,12,824,0,1,0,0.5424,2.0667,1,47449.99
61,76258.52,1985.0,employed,contract,23065.12,422322.59,120,316,1,1,0,0.3729,5.538,1,17446.42
28,69714.58,2646.17,employed,contract,8761.5,105184.08,36,541,2,0,0,0.4806,1.5088,1,5228.59
69,52397.71,2529.94,employed,freelance,20513.01,76220.87,24,639,1,0,0,0.6577,1.4547,1,7859.66
46,43852.55,1694.81,employed,permanent,13305.27,137604.26,48,710,1,0,0,0.5245,3.1379,1,15348.39
21,63887.58,2470.15,self_employed,temporary,1474.35,64340.26,24,593,3,0,0,0.4686,1.0071,1,4312.41
24,87849.79,3717.17,self_employed,permanent,17881.75,476184.87,60,327,1,1,0,0.5485,5.4204,0,1370.93
48,69854.04,2134.17,employed,permanent,15720.53,73404.04,12,709,1,0,0,0.4116,1.0508,1,43225.68
56,61350.91,2531.58,self_employed,permanent,17062.98,238720.45,84,658,2,0,0,0.5508,3.8911,1,13803.95
57,68730.75,3268.62,employed,temporary,13685.58,162809.42,12,715,0,1,0,0.6105,2.3688,1,28866.92
38,79756.16,1686.93,employed,permanent,15423.04,392679.52,24,481,0,0,0,0.2925,4.9235,1,24824.1
27,36445.66,1684.21,employed,permanent,5363.91,136451.06,84,639,0,0,0,0.584,3.744,1,5466.85
67,67809.0,1845.06,self_employed,temporary,7363.01,178723.08,120,652,1,0,0,0.3482,2.6357,1,46320.33
64,76720.54,2618.56,employed,contract,29037.2,453518.24,60,368,0,0,0,0.4853,5.9113,0,856.38
20,65037.95,2971.81,employed,contract,8262.33,56210.38,84,776,5,1,0,0.5737,0.8643,1,35120.49
41,70831.18,3177.78,employed,freelance,1796.88,260504.66,120,624,2,0,0,0.5434,3.6778,0,2350.34
36,37117.03,1738.85,retired,permanent,2483.65,220572.62,84,793,5,0,0,0.5756,5.9426,1,11691.86
26,89553.1,4322.03,employed,freelance,30708.71,385099.78,12,594,3,0,1,0.6477,4.3002,0,2519.1
44,30189.05,1022.67,self_employed,contract,7083.96,137925.71,36,508,0,0,0,0.4534,4.5687,0,727.64
64,71649.26,2864.34,self_employed,permanent,22319.62,48470.82,60,456,0,1,1,0.542,0.6765,0,1156.36
23,21382.41,688.99,retired,permanent,6917.48,13203.58,48,374,0,1,0,0.4514,0.6175,1,1347.09
55,15675.07,486.91,part_time,permanent,5161.72,10950.69,48,586,3,0,0,0.4386,0.6986,1,866.2
25,56067.11,1873.85,employed,permanent,12348.53,333850.57,48,530,2,1,2,0.4451,5.9545,0,654.43
50,43554.71,1851.35,employed,temporary,3085.77,256422.2,36,570,0,1,1,0.5242,5.8874,0,634.71
38,53656.43,1902.59,retired,temporary,3181.46,125545.27,60,382,5,1,0,0.4374,2.3398,1,4232.2
63,87073.44,3881.45,employed,contract,19991.52,182889.05,84,564,2,1,0,0.5808,2.1004,1,7836.61
58,56930.42,2423.46,self_employed,temporary,8346.33,74167.42,24,568,2,1,1,0.5401,1.3028,0,1568.74
46,85776.03,1838.23,self_employed,permanent,19146.87,198165.93,24,600,0,1,0,0.3018,2.3103,1,55082.62
29,75706.57,2968.85,self_employed,contract,15095.22,191978.58,60,389,1,1,0,0.5105,2.5358,1,6132.23
45,30758.5,1032.46,part_time,permanent,7409.08,141967.56,36,659,2,0,0,0.451,4.6156,1,4613.77
38,26431.25,902.67,part_time,freelance,339.5,139150.34,60,599,2,1,0,0.4124,5.2646,0,841.16
58,3.03,0.14,unemployed,permanent,0.04,1000.0,24,301,2,1,0,0.5571,330.0329,0,50.29
22,76974.59,2833.07,employed,freelance,22217.8,312179.15,60,712,3,0,0,0.4994,4.0556,1,26941.11
64,45633.38,2129.43,retired,permanent,3525.22,215045.04,48,475,0,0,0,0.5754,4.7125,0,907.49
32,63034.75,2623.73,employed,permanent,16444.47,287547.9,120,424,0,0,0,0.5517,4.5617,0,1049.66
69,84660.54,3128.87,employed,permanent,18509.36,263855.01,84,477,2,1,0,0.4872,3.1166,1,7619.45
47,51612.51,2211.12,retired,contract,20269.15,121143.99,60,304,1,0,0,0.5926,2.3472,0,1003.03
39,63815.14,1400.86,employed,contract,21324.62,131158.87,84,416,1,1,0,0.3303,2.0553,1,19492.97
47,68439.35,1479.88,employed,permanent,11309.86,289940.23,12,730,4,1,1,0.2925,4.2365,1,119289.79
27,89808.71,2089.34,employed,freelance,22143.7,500000.0,60,689,2,0,1,0.3285,5.5674,1,77010.97
60,29056.35,976.17,retired,temporary,1363.2,107386.49,24,778,2,0,0,0.4125,3.6958,1,16017.31
58,55838.64,1546.77,self_employed,temporary,8630.11,308167.63,120,770,1,0,0,0.3633,5.5189,1,61828.45
20,42363.52,2098.73,self_employed,contract,12436.03,24497.19,24,649,1,1,2,0.6532,0.5783,0,2030.65
22,84272.68,3088.6,employed,permanent,20989.68,410373.28,120,383,5,1,3,0.4896,4.8696,0,1821.93
32,8933.86,358.73,unemployed,permanent,1731.28,46409.75,84,526,2,0,0,0.5206,5.1948,0,229.83
47,1267.71,36.72,unemployed,freelance,89.52,5033.4,24,752,3,0,1,0.3617,3.9705,0,222.17
68,88997.2,2689.41,employed,freelance,28591.1,500000.0,48,746,1,1,1,0.4269,5.6182,0,6291.43
44,75202.89,2302.53,employed,freelance,8217.17,281598.84,24,410,0,0,0,0.3893,3.7445,0,5286.88
52,81778.72,3370.36,employed,freelance,26839.09,149078.76,12,622,1,1,0,0.5602,1.823,1,14720.17
57,13107.47,454.17,part_time,permanent,3206.66,22105.02,60,823,1,1,1,0.4647,1.6864,1,4246.82
25,72971.29,2622.04,self_employed,contract,10879.48,259566.14,36,838,2,1,0,0.461,3.5571,1,35464.05
63,28067.76,1069.38,part_time,permanent,455.88,153970.23,24,404,0,1,0,0.4604,5.4857,0,556.23
64,64862.06,2805.74,employed,freelance,6030.07,58247.67,60,385,1,0,0,0.5377,0.898,0,934.2
51,42665.96,1001.33,retired,permanent,15173.23,163160.94,48,802,0,0,0,0.3528,3.8241,1,39566.7
64,9814.49,426.85,unemployed,temporary,3211.2,46461.0,60,805,1,1,0,0.5873,4.7339,0,163.09
66,60562.02,2256.6,self_employed,temporary,13925.71,68720.41,24,455,4,0,0,0.4931,1.1347,0,899.24
40,31519.38,1271.76,part_time,permanent,5879.28,36002.49,24,795,1,0,0,0.5215,1.1422,1,8510.23
35,43960.39,1335.82,employed,permanent,11379.46,110503.41,84,685,0,1,0,0.4164,2.5137,1,22050.53
40,49898.73,1635.37,employed,freelance,9306.08,100114.14,120,762,2,1,0,0.4306,2.0063,1,37400.1
30,29117.83,802.94,self_employed,contract,7504.3,46318.54,24,842,2,0,1,0.3825,1.5907,1,27712.89
56,4373.12,216.02,unemployed,permanent,537.73,6965.58,12,412,1,1,0,0.6174,1.5928,0,91.38
55,61091.41,2158.31,self_employed,contract,20489.99,74450.86,60,745,1,0,1,0.491,1.2187,1,19243.79
54,79289.88,3955.42,employed,temporary,22261.99,306034.92,84,586,3,1,0,0.6548,3.8597,1,7136.09
38,87047.41,3057.0,self_employed,permanent,11489.41,372971.24,120,500,4,0,0,0.4478,4.2847,1,6134.23
39,59019.74,1607.86,employed,permanent,19610.28,257688.99,36,678,2,0,0,0.3934,4.3661,1,31457.52
37,70866.27,2525.25,employed,contract,13814.46,242925.81,12,812,1,0,0,0.4666,3.4279,1,31889.82
66,30014.42,659.96,self_employed,contract,2096.67,172312.32,36,564,0,1,1,0.2778,5.741,0,2392.51
60,2163.26,102.15,unemployed,temporary,67.24,11558.15,24,487,1,0,0,0.5729,5.3429,0,105.94
68,69482.13,3106.39,employed,temporary,19444.04,400701.45,36,656,0,1,0,0.5925,5.767,1,20844.64
33,70275.18,2951.78,employed,permanent,24318.61,185412.29,36,540,0,1,0,0.5732,2.6384,0,669.82
34,77577.41,2996.04,employed,permanent,25055.7,413317.5,12,492,3,1,0,0.528,5.3278,0,3193.95
50,57164.99,2157.7,employed,permanent,14992.11,268435.98,12,409,3,1,0,0.5054,4.6958,0,1323.04
20,44734.5,2232.46,retired,permanent,2529.74,106014.1,60,798,4,0,0,0.6102,2.3699,1,14091.37
22,27731.55,802.6,part_time,temporary,1043.2,30123.75,36,364,2,0,0,0.3548,1.0863,0,1530.13
35,87986.64,3833.94,employed,freelance,12143.2,374331.85,12,364,2,1,0,0.5505,4.2544,0,2252.07
42,2581.56,97.56,unemployed,permanent,882.8,3228.21,60,616,1,1,1,0.5219,1.2505,0,68.52
30,38412.14,1893.58,retired,permanent,14776.94,81271.14,36,394,3,0,0,0.6685,2.1158,0,638.63
31,40265.28,1811.04,retired,temporary,3887.38,130942.9,120,758,1,1,0,0.559,3.252,1,15220.28
29,89925.63,4492.41,employed,contract,27412.77,381226.57,36,694,0,0,0,0.6605,4.2394,0,9664.08
51,16627.24,631.72,part_time,contract,3816.74,93016.97,84,495,2,1,0,0.5018,5.5943,0,322.48
35,63776.99,1709.17,employed,contract,811.43,239981.35,24,849,1,0,1,0.3241,3.7628,1,100965.35
27,54040.19,1919.73,employed,temporary,11735.72,226578.2,120,338,1,0,1,0.4697,4.1928,0,405.93
57,63924.11,2657.59,employed,contract,20607.61,140957.53,12,448,1,1,0,0.5634,2.2051,1,5753.17
31,47767.07,2073.99,employed,permanent,5275.83,204448.28,48,675,1,1,0,0.5431,4.2801,1,14330.12
43,37618.68,784.28,employed,permanent,13503.02,109389.32,120,665,0,1,2,0.322,2.9078,1,40176.75
47,66491.1,2364.64,employed,permanent,6283.69,346626.18,84,755,0,0,0,0.4457,5.2131,1,32494.2
27,53471.99,1480.87,employed,temporary,1635.67,142154.1,12,575,1,1,0,0.3384,2.6585,1,15553.93
47,24731.83,1146.36,retired,freelance,1582.24,76062.65,84,809,0,1,0,0.569,3.0755,0,3708.21
55,29985.62,758.43,retired,contract,10039.22,86335.58,24,537,0,1,3,0.3705,2.8792,0,675.12
45,37710.41,1518.66,employed,permanent,6294.71,187087.97,84,704,4,1,0,0.5166,4.9612,1,15838.37
27,53166.36,1520.21,retired,permanent,16948.28,305459.11,84,462,3,0,1,0.4069,5.7453,0,2368.68
69,39502.47,1233.76,retired,permanent,8394.01,90856.46,60,619,0,0,0,0.4173,2.3,1,6860.39
47,9777.22,471.91,unemployed,permanent,1879.41,30433.1,120,368,0,1,0,0.6176,3.1127,0,112.47
47,58271.5,1622.65,employed,temporary,18808.02,255380.35,12,408,3,0,3,0.3987,4.3826,0,4189.87
56,110814.89,2615.7,self_employed,freelance,18771.49,500000.0,120,479,5,1,1,0.3171,4.512,0,4263.86
60,23116.32,528.3,part_time,freelance,7416.02,74327.15,36,431,1,1,0,0.3384,3.2154,1,4034.45
55,79524.81,2827.21,self_employed,temporary,3202.06,87390.95,48,818,1,0,0,0.4347,1.0989,1,42063.06
46,62048.67,2454.02,employed,contract,15792.9,156839.96,60,754,0,1,0,0.5255,2.5277,1,33506.28
36,94661.44,2875.76,self_employed,temporary,26603.16,333869.99,120,707,2,0,0,0.4208,3.527,1,47232.27
28,78832.33,3229.44,self_employed,permanent,28351.18,220445.57,12,484,1,1,0,0.5635,2.7964,0,2818.9
52,50801.9,1148.81,self_employed,temporary,4558.43,77526.57,60,756,0,0,0,0.2893,1.5261,1,86702.08
39,43004.67,1971.29,employed,temporary,10393.71,30251.3,120,804,1,0,0,0.5984,0.7034,1,19352.1
32,68336.84,3051.23,employed,contract,11842.95,292532.77,36,809,1,1,3,0.5705,4.2807,0,6210.92
47,36099.66,1789.71,retired,permanent,5527.17,215155.94,84,589,3,1,0,0.6255,5.9601,0,815.72
67,21551.1,1037.64,retired,permanent,919.92,119730.08,48,544,3,1,0,0.5863,5.5556,0,597.93
48,56758.96,1772.15,employed,permanent,3047.58,241679.08,120,337,2,1,0,0.3854,4.258,1,11708.24
32,23839.86,774.29,part_time,freelance,7981.48,122260.67,120,414,1,0,0,0.4567,5.1284,0,212.24
65,80479.13,3427.66,employed,permanent,24135.8,153433.61,36,797,0,1,0,0.5711,1.9065,1,43458.73
54,32229.6,797.49,self_employed,contract,4929.08,126449.27,48,636,3,1,1,0.3275,3.9234,1,18013.12
25,4181.94,125.43,unemployed,contract,1385.87,3484.91,60,758,1,0,1,0.4262,0.8333,0,173.37
37,48438.28,1176.6,retired,permanent,1564.87,212620.39,84,418,2,1,3,0.2979,4.3895,0,2961.64
24,26913.75,917.78,part_time,temporary,6726.0,157022.83,84,355,2,1,0,0.4592,5.8343,0,373.33
66,50947.71,1881.68,employed,freelance,17692.63,266679.94,12,723,4,0,3,0.5127,5.2344,0,8163.51
44,49277.4,1330.1,retired,permanent,16534.82,169485.91,48,419,0,0,0,0.391,3.4394,1,5639.8
21,62131.15,1342.66,employed,freelance,9264.57,300594.93,36,349,3,1,0,0.2891,4.8381,1,23586.23
29,5980.22,250.06,unemployed,permanent,1782.66,34036.08,48,664,1,0,0,0.5614,5.6914,0,150.13
49,11719.05,250.98,unemployed,permanent,2003.81,19782.89,120,672,0,1,0,0.2912,1.6881,1,2936.33
69,114976.07,5659.61,self_employed,freelance,38638.31,500000.0,60,661,3,0,0,0.6579,4.3487,0,11823.8
64,54719.3,1493.67,employed,contract,11617.17,108571.75,84,381,3,1,0,0.37,1.9842,1,12804.32
24,23201.43,932.63,retired,freelance,7098.31,123506.1,60,347,0,0,0,0.5436,5.3232,0,367.25
52,52911.67,1773.26,employed,temporary,1662.94,55078.39,60,537,2,1,0,0.4084,1.0409,1,8724.08
20,36676.58,827.93,employed,freelance,8656.05,54288.72,120,681,0,1,0,0.3181,1.4802,1,40028.82
37,249.21,8.62,unemployed,contract,54.85,1112.32,12,688,2,1,0,0.4591,4.4634,1,500.0
51,56753.72,2037.77,employed,contract,13847.38,82932.86,60,634,2,1,3,0.4797,1.4613,0,2392.22
66,52817.73,2417.02,retired,temporary,14696.88,72323.25,12,486,2,0,0,0.6048,1.3693,0,951.89
68,82924.65,3498.88,employed,permanent,30453.55,294802.76,120,419,0,1,0,0.5798,3.5551,0,3230.62
30,63129.36,1461.21,employed,freelance,19839.84,321481.83,120,656,2,0,0,0.3406,5.0924,1,50314.1
40,38913.38,1048.09,retired,permanent,3418.74,76915.05,24,662,0,1,0,0.3408,1.9766,1,26019.04
45,25563.68,765.12,self_employed,temporary,8445.18,131046.07,48,462,2,1,2,0.4252,5.1263,0,310.97
44,46852.56,1135.17,employed,permanent,2287.9,231627.05,84,307,0,0,0,0.3005,4.9437,1,14020.63
41,297.29,10.16,unemployed,temporary,73.99,1095.54,84,616,2,0,0,0.4599,3.6851,0,159.31
46,96681.26,4789.82,self_employed,permanent,34138.3,392148.39,36,326,3,1,1,0.6651,4.0561,0,2820.64
68,38836.35,1392.01,self_employed,permanent,1570.88,28056.41,84,575,0,1,0,0.4382,0.7224,1,3888.14
32,82797.59,3516.54,employed,freelance,28141.0,208587.46,12,771,3,1,0,0.5776,2.5192,1,44710.7
52,41803.0,1703.57,retired,permanent,13353.9,81460.34,84,776,1,1,0,0.5529,1.9487,1,15801.53
53,26488.49,1208.47,retired,temporary,5337.7,35097.81,12,477,3,1,2,0.5878,1.325,0,329.22
60,1892.64,51.34,unemployed,permanent,233.85,5002.49,84,659,2,1,0,0.3502,2.6431,1,500.0
54,69519.36,2976.81,employed,permanent,11274.32,170459.6,36,535,0,1,0,0.5463,2.452,1,6256.74
20,51330.97,2388.92,retired,permanent,19888.86,231446.43,48,332,0,1,0,0.636,4.5089,0,1520.01
40,93244.22,2409.03,self_employed,contract,7522.85,353351.76,60,840,4,0,0,0.3262,3.7895,1,131267.35
67,58111.93,1798.47,self_employed,permanent,13472.77,320897.01,48,844,3,0,0,0.4177,5.5221,1,38739.16
25,67306.1,3306.61,employed,freelance,2241.04,87480.55,12,399,2,1,3,0.5962,1.2997,0,668.86
47,29498.18,1286.31,retired,permanent,2570.98,24442.7,120,629,1,1,0,0.5407,0.8286,1,3716.77
36,11989.79,348.61,unemployed,permanent,3660.8,41248.99,60,364,1,0,0,0.41,3.4403,0,143.18
24,76186.16,2840.34,employed,permanent,9221.54,38523.48,24,421,2,1,0,0.4716,0.5056,1,6856.75
50,68790.99,2244.39,employed,permanent,27124.73,332429.31,36,775,0,1,1,0.4704,4.8325,1,37147.13
24,33660.59,1182.29,retired,contract,6743.12,110502.7,48,426,5,0,0,0.4616,3.2829,0,197.71
57,68998.38,2152.22,employed,contract,14256.15,219715.73,60,485,0,0,0,0.4156,3.1844,1,8735.19
22,19857.17,575.47,part_time,temporary,288.44,49518.38,36,390,2,1,0,0.3507,2.4937,0,924.45
42,27742.16,1123.94,self_employed,permanent,10614.45,71085.29,48,345,1,0,0,0.5627,2.5624,0,761.31
56,62533.41,2722.75,self_employed,permanent,4358.16,179548.13,12,324,2,1,1,0.5364,2.8712,0,1815.95
56,86176.45,3992.02,employed,permanent,18556.91,50687.08,12,648,0,0,2,0.599,0.5882,0,2573.84
29,69446.56,1761.43,employed,freelance,10991.3,66634.1,120,734,1,0,1,0.336,0.9595,1,79724.65
29,13930.98,624.57,part_time,permanent,2315.8,45662.47,12,629,1,1,1,0.5712,3.2778,0,506.2
38,83674.65,2365.07,employed,contract,21531.17,110925.18,24,593,0,1,0,0.3906,1.3257,1,16477.21
36,3226.5,107.43,unemployed,permanent,854.49,15432.98,84,545,3,1,1,0.4525,4.7832,0,204.94
40,48407.32,2281.22,employed,permanent,2987.48,97282.66,12,465,5,0,1,0.5778,2.0097,0,1524.23
33,51340.0,1750.16,employed,permanent,10259.51,53313.92,12,556,1,1,0,0.449,1.0384,1,4713.01
28,66746.12,1774.18,employed,permanent,21104.52,119719.48,84,651,1,0,0,0.3822,1.7937,1,39313.46
65,76745.37,1956.71,self_employed,contract,13608.07,189103.68,12,488,2,1,0,0.3414,2.464,1,19718.34
20,23302.52,806.94,part_time,permanent,1545.46,16177.57,60,574,2,1,3,0.4288,0.6942,0,712.41
64,74464.53,3207.78,employed,contract,9329.42,95256.17,120,333,3,1,0,0.542,1.2792,0,2248.29
32,52409.58,2616.21,employed,permanent,4452.29,119554.49,36,789,1,0,3,0.616,2.2812,0,4496.79
23,78013.55,3416.95,employed,freelance,3926.19,172226.04,24,798,2,1,0,0.5357,2.2076,1,42127.32
20,41655.56,1933.35,self_employed,permanent,6291.34,204200.84,48,544,0,1,0,0.5872,4.9021,0,578.39
68,78044.14,3328.2,employed,freelance,16886.76,400983.39,84,553,2,1,0,0.555,5.1379,0,1244.95
59,42560.97,1998.25,retired,contract,1238.55,66556.94,120,408,1,1,0,0.5692,1.5638,0,1081.0
51,89904.79,2073.08,self_employed,freelance,21714.65,106237.74,120,622,2,0,2,0.325,1.1817,0,20352.15
53,70747.57,3392.79,self_employed,permanent,28101.63,282133.79,84,413,1,1,0,0.6549,3.9879,0,2439.93
47,71685.08,2322.25,employed,contract,27645.35,353079.81,84,784,0,1,0,0.4659,4.9254,1,38709.94
50,13835.33,660.14,part_time,permanent,4588.76,80251.51,24,577,1,1,0,0.6389,5.8005,0,87.76
27,81835.31,1885.67,employed,permanent,8718.44,43976.62,36,328,3,1,0,0.2978,0.5374,1,29784.78
58,38055.1,1586.69,employed,permanent,341.09,105611.64,120,697,2,1,2,0.5021,2.7752,0,4263.16
45,39130.44,1654.86,self_employed,permanent,13046.74,177532.19,12,521,2,1,0,0.5742,4.5369,0,349.42
53,79795.02,3982.56,self_employed,freelance,1778.48,403529.49,84,617,2,1,0,0.6034,5.0571,0,5898.37
22,75667.63,3273.25,employed,permanent,6223.76,63755.48,12,570,2,1,1,0.5355,0.8426,0,1967.23
69,39193.84,1253.88,employed,temporary,8535.68,166314.35,48,697,0,0,2,0.4275,4.2434,0,6674.29
31,52068.3,1931.03,retired,temporary,3715.14,108779.16,84,750,0,1,1,0.4593,2.0892,1,19681.82
20,88548.42,2791.44,employed,temporary,29532.26,80604.15,120,642,1,1,2,0.445,0.9103,0,6258.49
63,40420.16,1073.18,retired,temporary,12565.17,128942.91,24,680,0,0,0,0.3808,3.1901,1,16863.29
24,70718.13,1985.86,self_employed,permanent,21378.64,96872.76,24,675,1,1,1,0.3974,1.3698,1,39180.67
49,75776.72,2069.36,employed,temporary,24737.39,345052.43,120,639,2,1,0,0.393,4.5535,1,29189.19
49,53059.65,1954.74,employed,permanent,4662.92,242850.83,120,306,0,0,0,0.4597,4.5769,1,3979.47
36,62129.54,2936.43,employed,freelance,18114.3,318809.83,48,572,0,1,0,0.6255,5.1314,0,1417.25
67,10993.81,521.71,unemployed,contract,1562.36,28326.96,24,587,5,1,0,0.5979,2.5766,0,148.3
66,115787.27,2597.18,self_employed,freelance,30884.85,66369.71,24,483,4,1,0,0.3225,0.5732,0,9402.48
42,85988.8,1991.82,employed,permanent,4197.0,165833.5,24,485,1,1,0,0.2877,1.9285,1,32859.76
34,49932.57,1397.25,self_employed,permanent,14092.7,153441.01,84,779,2,0,0,0.3922,3.073,1,43600.12
56,17346.79,490.44,part_time,permanent,6745.18,74887.17,48,556,0,0,0,0.417,4.3171,1,1295.81
40,51371.55,1212.42,employed,permanent,895.93,133628.87,84,803,1,1,1,0.2867,2.6012,1,118341.56
33,22150.16,712.43,part_time,permanent,831.33,76379.65,48,409,3,1,0,0.3935,3.4483,0,599.33
21,52279.21,1985.32,employed,temporary,2585.45,176884.08,36,447,3,1,2,0.4656,3.3834,0,486.89
30,55581.7,2095.23,employed,permanent,9572.59,78225.85,24,513,1,1,0,0.4868,1.4074,1,5002.35
58,69135.03,2536.11,employed,temporary,8041.24,271477.52,36,736,1,1,0,0.4635,3.9268,1,29036.71
57,76938.91,2362.89,employed,freelance,24833.42,224344.98,60,633,2,1,0,0.4331,2.9159,1,18529.97
53,75455.7,3126.76,employed,temporary,14299.98,373019.24,60,728,2,1,1,0.5352,4.9436,1,31691.39
57,79793.3,3585.84,employed,permanent,15465.13,342980.46,24,395,5,0,0,0.578,4.2984,1,5984.5
69,12740.24,394.09,part_time,permanent,3654.1,14180.91,12,347,2,1,0,0.4286,1.1131,0,399.75
53,19766.15,461.11,retired,permanent,2861.89,63017.87,120,577,0,1,0,0.3089,3.1882,1,4759.41
37,9472.6,279.22,unemployed,permanent,1338.32,41335.76,60,502,0,1,1,0.382,4.3637,0,139.33
49,64319.34,1597.69,employed,temporary,19474.0,62940.62,12,498,0,1,0,0.3586,0.9786,1,16370.56
34,66797.74,2302.16,employed,permanent,20842.01,324552.43,36,807,0,1,0,0.476,4.8587,1,36070.78
46,37892.28,961.76,employed,contract,218.24,65213.55,24,628,0,0,0,0.3057,1.721,1,22087.41
53,3063.77,105.19,unemployed,contract,176.22,10009.23,120,423,1,1,3,0.4235,3.267,0,80.08
57,26682.15,727.87,part_time,temporary,2274.37,151370.16,36,499,0,1,0,0.3444,5.6731,0,1218.96
52,82255.0,3485.94,employed,permanent,11568.36,299600.54,84,374,4,0,0,0.5367,3.6423,0,1714.24
43,85434.09,1848.57,employed,permanent,9959.84,241974.93,36,456,1,1,0,0.283,2.8323,1,33370.56
34,72539.85,2684.95,self_employed,contract,19397.74,38980.89,48,433,3,1,3,0.4976,0.5374,0,2456.66
49,65001.08,1675.52,employed,permanent,21531.87,80196.7,24,611,1,1,1,0.3756,1.2338,1,29110.08
61,80817.73,1686.04,employed,permanent,6209.61,297623.52,48,419,3,0,0,0.2657,3.6827,1,28403.39
36,76074.34,3513.49,self_employed,permanent,17131.33,244657.95,36,311,1,0,0,0.5993,3.216,0,1942.13
24,6202.3,250.69,unemployed,permanent,912.52,15512.33,12,844,0,1,1,0.5145,2.5011,0,152.79
48,84779.62,2010.9,employed,contract,17151.86,472874.22,24,419,1,1,3,0.3251,5.5777,0,11471.89
23,78446.3,3153.71,employed,permanent,19478.46,182674.29,24,382,0,1,0,0.5321,2.3287,0,3417.36
29,32908.67,1272.68,part_time,temporary,11762.87,113677.38,60,527,1,0,0,0.5356,3.4543,0,509.5
36,47003.59,1628.18,employed,permanent,3615.38,170525.44,12,485,2,1,0,0.4311,3.6279,1,5829.39
29,63840.65,2110.68,employed,temporary,2221.82,217126.91,84,510,1,0,1,0.4037,3.4011,0,4140.56
36,81335.97,3798.89,employed,contract,20405.96,254314.78,12,342,3,0,0,0.6107,3.1267,0,2818.35
39,41113.13,1150.49,employed,contract,6481.58,96774.16,36,808,4,0,0,0.3673,2.3539,1,49101.41
43,78706.42,2554.08,employed,permanent,5128.6,432743.64,36,372,2,0,0,0.4024,5.4982,0,4366.21
24,24770.02,753.81,retired,permanent,1160.1,73800.24,36,318,3,0,0,0.3746,2.9794,1,3261.47
53,79446.53,3442.16,employed,permanent,17761.38,270632.12,60,464,0,1,0,0.5646,3.4065,0,1316.12
25,68660.05,3265.72,employed,temporary,8252.13,282235.99,12,566,0,1,2,0.5948,4.1106,0,926.56
21,43357.42,1977.91,self_employed,temporary,17298.33,37812.36,48,739,1,0,0,0.6272,0.8721,1,13657.59
32,69968.65,3085.6,self_employed,temporary,11360.13,335645.55,12,427,1,0,1,0.5617,4.7971,0,791.53
62,43230.49,2144.87,retired,permanent,3670.9,143472.93,48,752,2,1,2,0.6124,3.3188,0,3219.74
62,41452.56,1706.47,retired,temporary,10426.96,170555.45,24,600,3,1,0,0.5443,4.1145,0,2439.38
67,58498.6,2500.18,employed,permanent,5715.43,277638.24,48,617,0,1,0,0.5324,4.7461,1,10529.75
30,10792.4,534.21,unemployed,contract,2132.95,57281.17,120,333,1,0,0,0.6335,5.3075,0,100.71
66,63559.49,1337.12,employed,permanent,12268.92,168891.06,24,397,0,0,0,0.2911,2.6572,1,19916.37
42,23634.95,929.48,part_time,contract,4287.92,117297.05,84,509,1,1,0,0.5082,4.9629,0,359.68
35,38423.78,1628.66,employed,permanent,12235.45,73912.1,84,615,0,1,0,0.5723,1.9236,1,6916.28
50,33208.77,1580.85,part_time,permanent,2877.38,137213.53,120,619,1,1,1,0.5886,4.1318,0,556.53
30,2125.4,99.07,unemployed,contract,768.81,2263.32,36,734,0,1,1,0.6317,1.0649,0,213.48
35,64058.96,2907.67,employed,permanent,20276.98,39086.7,120,555,3,0,1,0.608,0.6102,1,4804.42
27,101338.92,4906.72,self_employed,contract,13503.3,104044.38,12,704,0,0,0,0.6077,1.0267,1,31921.76
23,16955.43,618.99,part_time,temporary,1224.88,38261.69,36,753,1,0,0,0.4525,2.2566,1,4577.97
59,37512.81,789.09,retired,temporary,4194.46,25171.86,12,488,5,0,0,0.2748,0.671,0,1611.6
23,48237.67,1020.5,employed,permanent,6418.24,191392.7,48,687,2,1,3,0.2805,3.9677,0,12173.63
44,9116.34,334.74,unemployed,permanent,2030.88,20429.67,12,442,3,1,0,0.4852,2.241,0,225.27
22,66038.76,2214.2,employed,temporary,1224.84,300480.87,48,521,3,0,0,0.4061,4.5501,0,2285.12
51,82078.67,2790.24,employed,permanent,30019.75,61766.93,12,739,1,1,0,0.4811,0.7525,1,34473.04
22,84200.69,2737.52,employed,temporary,3323.4,142455.66,120,831,0,1,0,0.398,1.6919,1,92755.48
46,70680.34,3364.41,employed,permanent,7895.66,193948.18,120,579,1,0,0,0.5935,2.744,1,5301.03
48,44839.48,1403.89,retired,permanent,1960.16,116788.17,120,547,2,1,2,0.3845,2.6046,0,3040.14
51,65207.11,2986.92,employed,permanent,6694.76,79584.8,120,415,1,1,0,0.5702,1.2205,0,1853.91
69,32223.86,1519.9,retired,permanent,10797.23,192304.02,24,704,1,1,1,0.633,5.9678,0,3821.09
38,70646.49,2501.04,employed,permanent,17384.0,145843.86,48,554,3,0,0,0.474,2.0644,1,5298.49
40,84955.87,2877.37,employed,contract,7724.98,379385.43,120,596,0,1,0,0.4246,4.4657,1,11530.21
24,57917.42,2492.17,employed,contract,20196.0,99047.29,36,824,1,1,1,0.5861,1.7101,1,31275.41
37,52292.55,2169.23,employed,permanent,16748.51,278624.21,36,633,1,0,0,0.5618,5.3282,0,3618.05
47,56364.03,1714.35,employed,freelance,16991.48,148387.93,36,370,0,0,1,0.4253,2.6327,0,2623.41
61,58946.87,1404.37,employed,temporary,19986.12,321553.04,36,358,1,1,0,0.3537,5.455,1,15523.07
41,31988.3,913.53,self_employed,freelance,7928.62,76135.1,24,350,1,1,0,0.3923,2.3801,1,5581.13
40,62414.3,1538.82,employed,contract,12518.74,34174.39,24,315,4,0,0,0.336,0.5475,1,15353.92
25,62187.28,1830.15,employed,contract,9301.6,207930.16,60,803,1,0,1,0.3831,3.3436,1,65427.24
20,67364.41,1917.85,employed,permanent,6029.49,228118.37,60,350,1,0,1,0.3595,3.3863,0,3434.63
24,31424.34,1239.16,retired,permanent,7006.52,36423.58,120,427,0,1,0,0.5178,1.1591,0,228.65
60,26101.47,1270.43,part_time,permanent,9286.82,46781.66,60,469,0,0,1,0.6552,1.7923,0,244.42
31,83301.9,3401.57,employed,contract,19791.92,400617.64,84,479,0,0,1,0.5375,4.8092,0,2142.44
45,87550.9,4190.24,employed,permanent,32204.96,61474.48,120,627,0,1,0,0.6479,0.7022,1,15759.16
65,67098.67,2932.47,employed,contract,9579.47,214205.58,60,600,3,1,0,0.553,3.1924,0,5702.27
53,12979.59,545.96,part_time,permanent,3609.04,44354.43,12,550,0,1,0,0.5604,3.4172,0,272.56
68,88307.98,2906.23,employed,contract,22912.94,378657.23,84,817,4,1,3,0.4468,4.2879,1,50738.23
33,73822.41,2237.3,employed,permanent,19797.22,52119.32,48,561,3,0,0,0.4173,0.706,1,9157.67
45,53478.0,2434.13,employed,permanent,13798.22,198994.57,36,390,2,0,2,0.5978,3.7211,0,1488.36
64,43093.67,2035.77,employed,permanent,3820.77,22281.12,12,493,3,0,1,0.5846,0.517,0,1585.98
46,42888.02,1458.76,employed,permanent,2463.33,83995.37,84,628,3,1,1,0.4196,1.9585,1,12413.51
28,24206.54,510.7,retired,permanent,9475.68,78629.22,120,363,3,0,0,0.3315,3.2483,0,1161.27
45,37506.49,1648.37,employed,contract,679.54,206737.55,24,593,1,0,0,0.531,5.512,0,576.87
66,110704.65,3226.8,self_employed,permanent,20712.24,132429.77,36,525,4,1,1,0.3872,1.1962,1,20229.72
41,64742.25,1367.47,employed,permanent,11008.26,92652.0,48,744,3,0,0,0.2875,1.4311,1,96304.1
66,73497.77,3256.85,employed,contract,10584.24,307285.02,48,633,0,0,1,0.5605,4.1809,0,4202.09
49,31046.5,1115.33,part_time,permanent,9711.14,79533.04,120,362,1,1,0,0.4937,2.5617,0,653.16
62,78534.76,3205.68,employed,freelance,23414.36,308548.76,120,796,1,0,1,0.5495,3.9288,0,14553.92
67,50656.41,2406.78,retired,freelance,18342.18,303229.16,24,831,1,0,0,0.6426,5.986,1,15956.77
36,116889.19,4280.2,self_employed,permanent,18491.29,500000.0,36,758,1,1,0,0.4711,4.2776,1,56808.15
45,59148.88,2100.37,employed,permanent,13348.23,144644.13,60,632,1,0,0,0.4713,2.4454,1,8872.33
55,33857.72,992.4,part_time,permanent,12084.59,110768.56,36,544,0,1,3,0.4231,3.2716,0,1123.16
20,74780.95,2223.6,employed,contract,29728.36,409485.22,36,363,2,1,3,0.4363,5.4758,0,3792.59
27,20614.72,908.4,retired,temporary,7992.69,20757.42,48,565,1,0,0,0.6063,1.0069,1,1082.27
68,72498.07,2459.86,employed,temporary,20816.92,216600.42,24,461,3,0,1,0.4646,2.9877,0,1074.2
54,43408.52,1111.38,retired,contract,2486.92,111849.67,36,344,2,1,0,0.3187,2.5767,1,9916.16
34,84822.33,2000.99,employed,permanent,786.68,179980.71,12,324,0,1,1,0.2849,2.1219,1,32841.51
66,60428.55,2092.45,self_employed,contract,19946.7,360645.03,12,599,1,1,1,0.4815,5.9681,0,627.82
41,7018.94,241.41,unemployed,contract,2361.01,31827.53,120,524,2,0,0,0.48,4.5345,0,90.74
33,12280.31,489.89,part_time,temporary,3666.22,32396.79,24,373,1,0,1,0.5384,2.6381,0,238.19
45,19637.73,678.93,part_time,freelance,2198.82,99359.46,60,415,2,0,0,0.4373,5.0596,0,447.47
47,20303.02,507.94,retired,contract,5196.09,64830.86,84,451,5,1,0,0.3514,3.1932,0,710.84
42,37309.3,1329.86,retired,permanent,4719.6,197759.22,36,390,0,0,3,0.453,5.3005,0,275.45
33,79959.62,3780.6,employed,permanent,14413.47,157127.78,84,588,0,1,0,0.6034,1.9651,1,7196.37
43,46354.35,1181.28,employed,permanent,7091.01,80183.81,36,391,1,0,3,0.3364,1.7298,0,3411.07
21,64009.26,2621.25,employed,permanent,23392.57,119062.14,48,686,2,0,0,0.5645,1.8601,1,16002.32
64,46220.48,1763.51,employed,freelance,4329.15,159998.81,36,714,1,1,1,0.4766,3.4616,1,19412.6
45,41637.87,1776.57,employed,permanent,9620.2,87532.12,84,840,0,0,0,0.5582,2.1022,1,18737.04
33,73544.7,1855.23,self_employed,temporary,10619.31,96281.65,60,471,1,1,0,0.3316,1.3092,1,20063.58
26,39353.17,1900.63,employed,temporary,10437.58,234956.27,36,671,2,1,2,0.6326,5.9705,0,2214.64
22,80798.69,3146.69,self_employed,permanent,18246.38,440545.38,36,797,3,1,0,0.5125,5.4524,1,39268.16
66,36723.56,1672.38,employed,freelance,13572.7,146621.33,120,535,5,0,1,0.6204,3.9926,0,1128.87
42,40869.32,1145.4,employed,contract,1661.13,220836.79,48,341,2,0,1,0.3444,5.4035,0,3260.02
65,77249.76,3275.35,self_employed,temporary,6817.78,436078.38,12,448,1,1,0,0.5264,5.645,0,1414.38
62,39882.07,1739.39,retired,permanent,12225.42,168246.33,12,777,0,1,0,0.5847,4.2186,1,15075.42
66,347.84,11.28,unemployed,permanent,51.31,1166.22,120,419,4,0,0,0.4186,3.3527,0,94.78
64,79470.79,2545.61,self_employed,permanent,5269.99,425248.98,60,828,1,1,2,0.3976,5.351,1,79099.5
37,81117.64,3246.25,employed,permanent,16331.29,293879.76,24,840,2,1,0,0.5205,3.6229,1,43803.53
57,93620.04,2205.48,self_employed,temporary,24421.43,112100.92,24,347,1,0,0,0.3349,1.1974,1,20866.5
54,42215.18,1785.24,employed,freelance,756.95,106285.5,48,685,0,1,0,0.5111,2.5177,1,12664.55
34,67586.11,1492.58,employed,temporary,7883.84,199552.4,84,427,1,0,0,0.2883,2.9526,1,21461.97
44,71973.89,1899.55,employed,freelance,23302.92,406258.75,84,801,3,1,0,0.3815,5.6445,1,92112.18
56,37047.72,1489.47,employed,temporary,7709.55,152841.11,36,746,1,1,2,0.5241,4.1255,0,3797.01
47,82044.12,1944.54,employed,permanent,1161.06,435984.64,48,338,2,0,0,0.2872,5.314,0,5895.56
29,32844.15,1615.23,part_time,contract,3704.18,153275.58,84,772,0,1,0,0.6127,4.6668,0,1448.55
58,31560.4,1456.88,part_time,permanent,8068.61,69566.53,12,432,4,1,0,0.6051,2.2042,0,271.19
36,80354.73,3141.91,employed,contract,6407.79,357811.53,120,418,5,0,0,0.4852,4.4529,0,3004.24
58,75973.09,3397.71,employed,permanent,25143.79,119592.93,60,623,1,0,0,0.6029,1.5741,0,2794.48
41,69838.76,3262.94,employed,permanent,18900.49,191693.57,24,351,1,1,2,0.6148,2.7448,0,2653.41
45,72324.49,2054.11,employed,contract,13636.9,356813.25,120,435,0,1,0,0.3785,4.9335,1,15817.37
63,30547.09,1393.19,part_time,temporary,11187.86,118083.15,36,703,0,1,0,0.6205,3.8656,1,7697.87
44,71437.42,1894.15,employed,freelance,11195.69,360028.08,120,468,2,0,2,0.3495,5.0398,0,4514.36
36,3932.72,129.34,unemployed,freelance,369.79,7475.59,24,847,2,1,0,0.4135,1.9009,1,734.79
32,55677.86,2066.53,employed,permanent,14730.2,257433.19,12,816,1,0,1,0.4983,4.6236,1,25055.04
39,32632.32,1359.3,part_time,temporary,7483.18,52628.88,36,659,1,0,0,0.5457,1.6128,1,4894.85
44,35941.71,780.38,employed,permanent,4819.75,125766.26,12,536,1,1,0,0.2874,3.4992,1,13754.17
23,8385.85,245.76,unemployed,temporary,1152.77,24188.48,24,367,4,0,0,0.3792,2.8844,0,112.98
29,87512.77,3376.4,employed,contract,13939.39,311599.48,24,449,0,1,1,0.4948,3.5606,0,1839.71
22,92091.68,2878.47,self_employed,permanent,10724.58,114694.09,12,780,2,1,0,0.3984,1.2454,1,90945.32
60,89665.16,3894.9,employed,temporary,25473.56,222975.13,36,714,0,1,0,0.5781,2.4868,1,37659.37
64,72814.97,2900.94,employed,contract,18971.46,303490.69,12,520,1,1,0,0.5302,4.168,1,6553.35
37,12790.35,353.91,part_time,permanent,2255.08,45686.1,36,560,1,1,0,0.3673,3.5719,1,1833.06
66,31021.23,778.31,part_time,contract,4936.78,109174.06,48,565,0,0,0,0.3329,3.5193,1,4665.28
55,28531.31,1117.87,retired,temporary,4166.16,94426.24,48,758,0,0,2,0.4994,3.3096,0,2318.24
66,67375.44,2288.88,self_employed,freelance,7639.52,383458.36,36,355,1,0,1,0.4303,5.6914,0,1309.92
41,29547.4,761.18,retired,permanent,1012.85,166651.28,12,707,0,0,1,0.316,5.6401,0,6932.56
53,49770.48,1510.66,employed,permanent,5339.47,123470.47,120,768,0,1,0,0.3857,2.4808,1,61438.67
66,58727.31,1742.57,employed,temporary,7545.32,143025.82,120,542,0,0,0,0.3818,2.4354,1,10412.35
27,55831.33,1339.24,employed,permanent,12231.17,198309.62,36,813,0,0,0,0.3317,3.5519,1,84567.72
59,85167.17,3132.86,self_employed,freelance,26360.55,87367.43,24,468,1,1,0,0.5033,1.0258,0,2262.23
68,79723.32,3436.59,employed,permanent,12618.68,172723.51,120,732,2,1,0,0.5489,2.1665,1,33483.79
63,51339.88,1931.29,employed,contract,19401.48,90859.86,12,584,3,1,1,0.527,1.7698,0,857.56
38,45303.51,2035.65,self_employed,temporary,14992.74,78313.6,84,753,1,0,0,0.6054,1.7286,0,5889.1
61,42675.13,1047.85,retired,permanent,16810.62,171203.25,36,487,4,0,0,0.3734,4.0118,1,5672.81
60,71867.6,2410.34,employed,permanent,25188.24,187856.65,24,595,0,1,2,0.4726,2.6139,0,1956.43
56,84562.22,3264.77,employed,temporary,20860.69,121888.33,60,822,0,0,0,0.5126,1.4414,1,38053.0
25,35877.01,1454.81,employed,temporary,8588.66,193077.34,24,681,4,1,0,0.5345,5.3816,0,5049.22
45,81917.24,3369.02,employed,permanent,4244.17,434801.78,84,642,1,1,0,0.5039,5.3078,1,14745.1
53,63655.12,2679.55,employed,freelance,18393.76,333778.55,36,522,1,0,0,0.5629,5.2435,0,1892.83
64,84023.7,3346.95,self_employed,permanent,20172.64,222586.95,12,634,3,1,0,0.526,2.6491,1,13611.84
25,33680.29,794.24,self_employed,permanent,6829.45,27395.67,12,756,3,0,0,0.3235,0.8134,1,48151.03
56,66098.42,2717.51,self_employed,temporary,18330.07,71854.34,48,747,3,1,0,0.5488,1.0871,1,24985.2
52,47501.63,1993.78,employed,permanent,8437.2,95870.85,84,636,0,1,0,0.5392,2.0183,1,8550.29
41,27406.33,1365.1,retired,freelance,5742.83,46860.3,36,654,3,0,0,0.6396,1.7098,0,1271.55
40,62725.23,2575.27,employed,permanent,9994.7,332877.83,24,655,2,1,2,0.5245,5.3069,0,7610.05
25,79685.08,3256.4,employed,permanent,22865.5,472131.71,24,531,2,1,0,0.5478,5.925,0,1142.1
25,45519.89,1631.83,retired,permanent,15961.29,227221.87,84,566,1,1,0,0.5003,4.9917,0,1223.77
67,67505.0,3115.2,employed,temporary,22704.5,304728.98,36,489,0,1,2,0.621,4.5142,0,1683.85
23,64668.0,3227.43,employed,temporary,20332.27,241692.3,24,347,1,1,0,0.6618,3.7374,0,2444.35
49,33810.32,1472.62,retired,temporary,186.47,160074.81,120,583,2,1,2,0.5238,4.7345,0,634.52
30,88499.05,3424.73,employed,permanent,32280.22,500000.0,60,354,2,1,0,0.5373,5.6498,0,960.69
49,78218.29,1809.67,self_employed,permanent,8600.12,297807.98,84,638,1,1,1,0.2996,3.8074,1,50786.82
50,48968.15,2058.13,employed,contract,17392.98,66125.26,48,418,2,1,0,0.5754,1.3504,0,1193.8
43,46858.63,1944.62,self_employed,permanent,3691.86,65659.28,12,301,2,0,0,0.5138,1.4012,0,897.4
28,68624.42,2982.01,employed,contract,12068.17,254682.06,24,523,2,0,0,0.5566,3.7112,0,2125.82
22,63755.51,1559.85,employed,permanent,19111.32,148810.27,60,502,0,1,2,0.3535,2.3341,1,16812.33
50,25731.29,1026.69,self_employed,contract,6590.08,141685.76,36,310,1,0,0,0.53,5.5064,0,191.51
59,80653.6,2375.94,employed,permanent,13418.24,311648.16,24,558,2,0,0,0.3868,3.864,1,13694.98
56,73726.73,3170.83,employed,temporary,20013.09,311179.1,84,597,3,0,0,0.5704,4.2207,0,896.02
55,71400.61,1988.1,employed,permanent,15678.13,37986.12,36,496,1,0,2,0.378,0.532,0,3103.59
43,38782.94,1581.67,employed,permanent,4277.55,125798.94,60,714,5,0,0,0.5115,3.2437,1,13574.03
50,54913.07,1616.49,employed,permanent,14196.77,157677.72,60,632,0,0,0,0.405,2.8714,1,15650.22
25,86446.02,1823.64,employed,permanent,7062.54,378831.98,120,452,0,1,0,0.2695,4.3823,1,35866.45
21,31839.55,1251.49,part_time,permanent,8838.51,82926.51,12,675,1,0,3,0.5272,2.6045,0,877.7
39,50704.86,1223.86,employed,temporary,63.09,297696.48,36,433,1,1,0,0.2899,5.8712,1,19175.56
47,43638.24,1748.26,employed,temporary,9578.99,182674.8,48,415,1,0,0,0.5247,4.1861,0,329.74
30,59699.84,2855.46,employed,contract,9577.47,246533.52,12,366,1,1,0,0.606,4.1296,0,2195.84
23,54570.67,2679.58,employed,temporary,6616.23,303215.18,36,555,1,1,1,0.6135,5.5564,0,1401.27
34,27691.21,767.45,part_time,temporary,5712.23,165416.95,120,487,1,1,0,0.3738,5.9736,0,1682.81
25,88153.91,3917.26,employed,permanent,22754.7,139989.62,36,338,0,0,0,0.5849,1.588,0,800.87
68,20349.03,633.78,part_time,permanent,7857.27,100889.11,120,779,4,1,1,0.451,4.9579,1,6593.09
49,38422.33,1809.56,employed,permanent,12803.31,53512.98,60,626,3,1,1,0.6318,1.3928,0,1404.49
57,10771.37,471.81,unemployed,contract,3089.87,32462.1,84,429,3,0,0,0.583,3.0137,0,227.63
21,28605.22,657.62,self_employed,permanent,5480.38,30064.65,60,362,1,0,1,0.3142,1.051,0,1733.61
34,53252.34,1741.79,retired,permanent,8353.04,209203.97,36,396,1,0,1,0.4239,3.9285,0,743.62
30,88135.05,2703.26,self_employed,temporary,1146.8,271178.32,84,711,4,0,0,0.3707,3.0768,1,71793.93
27,114460.47,5005.87,self_employed,permanent,16440.96,453016.71,84,829,5,1,0,0.5535,3.9578,1,55627.79
45,45981.28,1508.19,employed,freelance,15603.79,194444.91,60,745,4,1,2,0.4615,4.2288,0,4632.04
64,37238.49,1519.35,employed,contract,5720.2,145486.21,120,535,2,0,0,0.5203,3.9069,1,2792.89
63,23228.83,892.09,part_time,permanent,4288.83,49179.15,120,384,0,0,0,0.4978,2.1172,0,265.01
24,59784.29,2946.74,employed,permanent,6500.57,305095.69,120,654,2,0,2,0.6132,5.1033,0,1593.07
25,53232.08,2565.01,employed,permanent,5837.06,188136.76,36,701,2,1,3,0.6002,3.5343,0,11081.76
45,11491.88,382.77,unemployed,temporary,284.41,36707.15,36,465,4,1,1,0.4046,3.1942,0,97.73
23,80242.11,3365.17,employed,permanent,19701.17,475743.51,84,527,1,0,1,0.5524,5.9289,0,1190.06
38,27216.39,1225.44,part_time,contract,4877.93,56046.53,12,666,0,1,0,0.5762,2.0593,1,4898.95
39,1954.3,91.95,unemployed,temporary,473.69,6652.76,12,709,0,0,0,0.6131,3.4042,0,81.59
52,94760.72,2162.49,self_employed,permanent,20729.36,402996.99,48,359,0,0,0,0.3176,4.2528,0,7018.56
39,44899.46,1331.0,retired,permanent,14347.08,53373.9,12,463,2,0,3,0.4196,1.1887,0,1803.84
68,58378.75,1761.48,employed,contract,17537.25,142929.77,24,529,3,0,1,0.4222,2.4483,0,2581.23
31,85863.23,2876.82,employed,permanent,26495.81,421527.32,24,456,1,0,1,0.4638,4.9093,0,2337.83
66,44183.78,1138.63,employed,contract,8823.31,79626.7,60,673,0,0,0,0.3492,1.8022,1,33314.57
20,49703.57,1754.83,employed,permanent,7035.67,159702.39,84,541,1,1,0,0.452,3.2131,1,4473.32
45,758.69,30.48,unemployed,temporary,283.28,3010.84,24,467,1,0,0,0.5568,3.9685,0,144.67
33,30295.37,1070.63,part_time,contract,657.65,126979.8,12,420,2,0,0,0.4284,4.1914,0,552.5
57,69196.77,2785.33,employed,contract,4224.36,311780.4,84,301,1,0,1,0.4952,4.5057,0,2583.48
56,52321.72,1191.43,employed,permanent,8781.66,275362.68,48,417,0,1,0,0.3068,5.2629,1,18195.4
30,15767.71,731.35,part_time,permanent,3872.28,41953.57,36,806,4,0,0,0.6057,2.6607,1,4257.28
55,37208.13,1794.28,employed,contract,122.05,163212.55,48,673,1,0,0,0.5793,4.3865,1,9302.03
32,44171.01,1716.29,employed,permanent,12709.29,199960.42,12,407,1,0,0,0.5238,4.527,0,545.6
62,59930.66,2789.21,employed,permanent,13393.94,128941.28,12,598,5,0,2,0.6032,2.1515,0,2224.49
22,17685.07,436.24,part_time,freelance,3428.8,103013.21,12,732,3,1,0,0.3348,5.8249,1,14724.73
52,49603.31,2187.12,self_employed,permanent,8402.7,260849.2,60,411,3,0,0,0.563,5.2587,0,533.95
25,10506.92,255.41,unemployed,permanent,2183.28,22003.98,24,705,0,0,0,0.3333,2.0942,1,2452.1
69,37060.09,1213.11,retired,permanent,2398.32,156129.63,12,799,3,1,1,0.4057,4.2129,1,26420.43
29,75108.86,2274.15,employed,temporary,3266.09,334076.96,36,318,1,1,0,0.372,4.4479,1,17305.08
24,36964.1,1401.42,employed,temporary,4282.48,106203.77,24,319,0,1,0,0.4781,2.8732,1,3326.77
42,31511.04,933.59,retired,permanent,8942.89,165451.49,24,805,5,1,0,0.4123,5.2506,1,20892.2
29,61354.31,2418.69,employed,permanent,14437.6,263594.16,60,453,0,1,0,0.5201,4.2963,0,1208.72
63,24897.42,785.48,retired,permanent,4781.53,102573.65,48,814,4,1,1,0.417,4.1199,1,15622.63
21,14764.41,678.27,part_time,temporary,3375.27,25315.38,84,777,0,1,1,0.597,1.7146,0,1818.13
32,107678.86,4234.11,self_employed,permanent,24088.11,295377.4,24,683,1,1,0,0.5166,2.7431,1,29073.29
59,11273.18,305.65,unemployed,freelance,1384.54,32540.86,24,497,0,1,0,0.3499,2.8866,0,237.37
21,20915.85,640.8,retired,permanent,815.35,94856.22,12,478,4,1,0,0.3754,4.5351,0,1318.94
39,30913.69,1408.11,retired,freelance,11089.14,120599.56,36,827,0,1,2,0.6183,3.9012,0,1735.88
20,87705.71,2815.85,employed,permanent,21046.26,85270.41,12,346,2,0,0,0.4333,0.9722,1,8774.96
56,39573.9,1442.9,employed,contract,11045.04,86759.39,36,482,2,0,0,0.4934,2.1923,1,2968.04
28,70400.28,2799.17,employed,permanent,13066.21,218364.86,24,653,3,0,0,0.5142,3.1018,1,17600.07
36,117361.03,3635.58,self_employed,permanent,35512.54,500000.0,36,786,2,1,0,0.4323,4.2604,1,77228.72
28,88802.3,2611.47,employed,contract,20761.88,407569.72,12,515,0,1,0,0.3997,4.5896,1,16032.37
30,5654.68,196.19,unemployed,contract,121.69,18083.6,12,722,1,1,0,0.4206,3.198,0,88.54
34,43951.2,1191.11,employed,permanent,15648.33,50241.85,48,308,1,1,0,0.3964,1.1431,1,8196.02
43,44198.01,1287.17,self_employed,contract,5401.64,93300.62,60,512,5,0,1,0.3739,2.111,0,1347.87
57,83928.08,1900.46,employed,temporary,4629.16,159531.17,48,438,3,0,0,0.2828,1.9008,1,27343.77
54,10940.2,324.91,unemployed,contract,385.27,52465.32,24,620,2,1,0,0.3634,4.7956,0,152.12
49,82748.57,2497.95,self_employed,permanent,23846.16,123289.14,36,390,1,1,0,0.4199,1.4899,1,10737.62
50,77139.7,3771.11,employed,temporary,21721.56,235821.21,12,614,3,0,0,0.643,3.0571,1,11570.96
68,75696.22,2879.01,employed,permanent,21199.85,317087.94,12,411,0,0,0,0.5124,4.189,0,1063.9
24,7941.86,347.84,unemployed,permanent,2909.11,46113.01,12,412,0,1,1,0.5988,5.8063,0,150.67
63,80500.23,1783.63,employed,freelance,11236.0,482665.15,84,673,2,1,1,0.2938,5.9958,1,99594.88
69,72697.36,1740.42,employed,permanent,16317.16,417360.76,12,562,1,0,1,0.3322,5.7411,0,1841.8
33,24282.05,1082.75,part_time,permanent,6017.05,108063.21,84,667,1,0,0,0.5846,4.4503,0,1381.46
30,2843.48,110.95,unemployed,temporary,1114.05,13095.43,24,677,1,1,0,0.5466,4.6054,0,216.91
28,29109.43,768.59,part_time,temporary,3636.89,136105.67,60,344,0,1,0,0.3418,4.6757,0,1640.65
53,61039.08,1992.31,employed,permanent,23349.43,320108.88,48,570,0,1,0,0.4682,5.2443,1,5493.52
31,51213.54,1871.58,employed,permanent,3046.88,293700.44,84,794,0,0,3,0.4504,5.7348,0,5941.86
54,47672.01,2166.15,retired,freelance,14568.59,140698.4,48,546,1,1,0,0.6064,2.9514,1,3003.34
54,91187.79,2060.42,self_employed,permanent,23084.59,254487.78,84,473,3,0,0,0.3218,2.7908,1,21937.05
20,11248.07,430.1,unemployed,temporary,3675.4,34110.39,12,335,1,1,0,0.5242,3.0326,0,68.84
59,44099.29,1841.01,employed,contract,506.01,182085.72,12,601,3,0,3,0.5033,4.129,0,3196.83
41,70705.41,3489.68,employed,permanent,2209.71,336907.72,36,457,0,1,0,0.5985,4.7649,0,2363.48
48,48433.17,2149.25,employed,freelance,1350.24,256114.32,12,332,0,0,0,0.5381,5.288,0,1375.98
27,84697.06,2446.89,employed,contract,20088.77,254866.93,48,681,0,1,0,0.3941,3.0092,1,53816.51
30,40472.47,1680.8,employed,permanent,9760.92,101122.47,36,723,1,1,0,0.5466,2.4985,1,16998.44
60,71088.9,3063.62,employed,temporary,25765.6,420024.46,120,594,0,1,0,0.5896,5.9084,0,1640.82
56,30194.97,1271.73,part_time,temporary,5647.71,53607.6,36,714,3,1,0,0.5428,1.7754,1,7609.13
33,54520.48,2440.02,employed,temporary,1484.03,93831.2,12,618,0,1,0,0.5425,1.721,1,9813.69
49,115643.12,5457.44,self_employed,contract,9692.25,500000.0,120,324,1,0,0,0.5831,4.3236,0,2674.13
54,49477.04,1172.81,retired,permanent,159.77,73627.53,120,733,1,1,0,0.2851,1.4881,1,62519.78
40,52988.74,1265.85,self_employed,permanent,16462.85,142897.36,36,358,0,1,0,0.3488,2.6967,1,12979.27
56,35414.76,1560.43,employed,permanent,11553.7,74658.83,60,476,2,1,1,0.594,2.1081,0,1008.11
24,3559.89,100.37,unemployed,permanent,1421.02,5083.19,12,841,1,0,1,0.4182,1.4279,0,95.99
38,51724.49,1165.91,self_employed,permanent,8528.22,190780.08,60,344,0,1,0,0.3035,3.6884,0,7197.73
33,10679.58,347.47,unemployed,contract,82.44,27278.99,12,751,3,0,0,0.392,2.5543,1,2076.11
45,11605.45,519.3,unemployed,temporary,1089.66,35307.12,84,608,2,1,1,0.5557,3.0423,0,188.13
23,13620.12,334.03,part_time,temporary,3202.19,21482.29,60,453,0,0,1,0.3413,1.5772,0,505.72
44,69773.01,2820.83,self_employed,temporary,26847.06,329556.58,120,439,1,0,0,0.5621,4.7233,0,1882.86
64,65158.26,1364.34,employed,contract,2699.6,145362.63,12,684,0,1,0,0.2596,2.2309,1,93984.27
61,33826.61,812.99,self_employed,permanent,1644.96,80674.77,48,332,4,1,1,0.2981,2.3849,0,2374.84
44,55762.37,1732.34,employed,contract,15652.7,105215.05,84,670,2,0,0,0.4289,1.8868,1,19823.52
37,29732.05,691.92,retired,permanent,7934.97,85902.42,84,477,2,1,1,0.3326,2.8892,0,2530.36
59,64483.1,2934.33,employed,freelance,6461.37,196652.27,84,659,0,1,0,0.5661,3.0497,1,19344.93
27,71365.5,3285.34,employed,temporary,23212.19,243582.44,12,735,4,1,0,0.6175,3.4132,1,29973.51
58,44028.95,1887.56,retired,permanent,2268.0,256320.06,48,305,0,1,1,0.5248,5.8216,0,663.44
59,37991.73,1060.18,self_employed,temporary,14068.21,208035.3,24,530,1,0,0,0.4089,5.4758,0,790.21
33,79712.12,2877.19,employed,temporary,6409.87,307023.94,84,700,2,1,0,0.4492,3.8517,1,34014.76
51,72319.81,1895.18,employed,permanent,2353.36,51634.11,24,322,1,0,0,0.321,0.714,1,19417.87
57,50895.77,1477.88,retired,temporary,6912.1,196835.92,12,460,3,1,3,0.3756,3.8674,0,2678.84
52,59713.48,2142.73,employed,permanent,4486.66,59306.08,84,493,3,1,1,0.4456,0.9932,0,2278.63
42,51073.92,2158.96,retired,permanent,10765.18,225077.32,48,565,0,0,0,0.5494,4.4069,0,1059.14
34,82617.58,1949.29,employed,freelance,22698.24,218558.78,48,382,2,0,1,0.3381,2.6454,0,3633.9
52,5260.91,155.13,unemployed,temporary,1033.08,26869.21,84,467,0,0,0,0.3931,5.1073,0,61.21
44,32102.3,1536.41,retired,contract,8482.81,182466.61,120,643,2,1,0,0.6272,5.6839,1,4044.89
36,86304.66,2878.21,employed,temporary,12597.74,241144.44,36,311,2,1,2,0.4294,2.7941,0,4254.07
52,74334.06,3584.17,employed,permanent,830.24,225459.23,36,833,1,1,1,0.5808,3.0331,1,40140.39
66,86053.49,4281.09,employed,temporary,33528.65,322340.17,84,829,3,1,0,0.6749,3.7458,1,46468.88
21,9563.7,346.15,unemployed,temporary,3134.65,15151.1,120,749,2,1,0,0.4999,1.5842,1,803.35
33,82883.26,2423.06,self_employed,freelance,2434.08,464173.66,60,789,1,1,0,0.3567,5.6003,1,115446.1
59,36006.01,1580.58,self_employed,permanent,6469.22,103751.3,36,466,1,1,0,0.5627,2.8815,0,1421.46
59,51031.44,1300.28,employed,contract,12962.38,72337.67,12,764,0,0,0,0.3566,1.4175,1,65861.18
58,88286.33,2488.32,employed,freelance,6730.75,414506.53,36,306,1,1,0,0.3535,4.695,1,23281.11
25,52568.22,2298.58,employed,temporary,12153.53,89646.3,36,462,0,0,1,0.5709,1.7053,0,466.88
25,40129.02,1343.57,employed,freelance,8565.92,51742.8,120,494,2,1,0,0.4445,1.2894,0,977.12
22,92217.57,2463.27,self_employed,permanent,7682.28,331595.61,12,618,2,0,0,0.3372,3.5958,1,40535.16
26,45158.16,1798.4,retired,freelance,2550.72,189358.28,12,429,0,1,0,0.4892,4.1932,0,880.91
27,52118.48,2199.69,self_employed,contract,15822.38,189325.33,120,408,0,1,0,0.5672,3.6326,0,1650.98
61,51371.96,1257.65,employed,permanent,6628.76,211180.29,60,518,1,0,0,0.3196,4.1108,0,6300.29
34,22784.54,658.74,part_time,freelance,2224.14,25869.16,48,805,1,1,1,0.3665,1.1354,1,19710.45
66,261.47,7.13,unemployed,permanent,77.17,1000.0,36,728,3,1,0,0.3863,3.8245,1,500.0
48,30154.43,962.3,part_time,permanent,8878.29,74288.53,84,543,1,1,0,0.4418,2.4636,1,1895.39
52,55123.43,2375.85,self_employed,temporary,6094.48,322666.51,84,737,1,0,0,0.5393,5.8535,1,17363.88
49,81956.97,3413.49,employed,permanent,28605.23,63347.14,24,606,1,1,0,0.5696,0.7729,1,14752.25
58,79144.67,3178.21,employed,permanent,21788.53,169418.51,48,554,1,1,2,0.5369,2.1406,0,2165.34
46,7936.82,166.81,unemployed,contract,1097.71,45083.06,12,626,2,0,1,0.2799,5.6802,0,321.33
55,52868.12,1320.6,employed,permanent,9040.23,312409.83,84,708,2,0,0,0.3339,5.9092,1,61469.76
48,63397.41,1733.68,employed,permanent,18428.6,319330.14,120,300,1,0,0,0.3863,5.037,0,3172.04
57,67258.78,1934.72,self_employed,permanent,5692.35,61742.91,36,493,2,0,0,0.3621,0.918,1,12521.23
52,57193.78,1435.8,self_employed,permanent,10724.08,205179.98,60,663,2,1,0,0.3388,3.5875,1,49786.04
56,105572.95,3462.88,self_employed,contract,27599.23,285118.38,120,421,1,1,0,0.4459,2.7007,0,1806.75
46,61592.89,1418.24,employed,contract,13291.71,303991.04,24,663,1,0,2,0.3195,4.9355,0,20200.04
52,80799.77,3450.88,employed,freelance,19661.12,64852.59,48,303,0,0,0,0.5612,0.8026,0,1780.27
23,34995.76,1533.11,self_employed,temporary,7646.05,55440.57,36,448,1,1,3,0.5694,1.5842,0,464.72
41,15243.57,572.9,part_time,permanent,1214.77,48635.72,12,360,2,0,0,0.4669,3.1906,0,210.96
21,11727.84,275.01,unemployed,freelance,1924.33,16032.69,48,416,0,0,0,0.3142,1.3671,0,289.98
29,25518.67,1194.12,part_time,contract,5430.22,109983.77,120,537,3,1,0,0.6041,4.3099,0,151.38
24,6117.24,299.73,unemployed,temporary,1908.73,30673.19,120,437,2,0,0,0.6504,5.0142,0,220.25
29,74699.83,1997.15,self_employed,temporary,19538.61,326801.25,24,757,0,1,0,0.3731,4.3749,1,92139.85
52,46839.78,1938.48,employed,freelance,7992.57,136845.25,12,784,0,0,0,0.5308,2.9216,1,21077.9
57,93276.88,4233.83,self_employed,contract,36355.59,497271.38,24,381,0,1,0,0.6226,5.3311,0,3453.23
32,33054.16,1209.08,self_employed,permanent,1425.24,41558.13,36,346,2,1,1,0.4476,1.2573,0,1339.78
50,79465.75,2404.92,self_employed,contract,6573.56,153516.88,48,643,0,1,1,0.3797,1.9319,1,30973.52
66,66392.28,2309.87,employed,permanent,9064.21,211955.25,60,638,2,1,0,0.4448,3.1925,1,13193.47
55,111847.9,4001.3,self_employed,permanent,10226.12,93657.21,120,535,1,0,0,0.4476,0.8374,0,1476.53
64,63940.05,2079.24,employed,permanent,15996.32,65619.87,36,763,1,1,2,0.4403,1.0263,1,41225.99
43,38020.96,1823.25,self_employed,permanent,601.5,102121.96,84,675,3,1,1,0.5786,2.6859,0,3304.89
34,66501.43,2828.3,employed,permanent,4719.92,378484.55,36,422,3,1,0,0.5246,5.6914,0,2819.37
48,21379.12,595.86,retired,permanent,2508.6,117505.53,60,545,1,0,0,0.3579,5.4963,0,388.38
27,46208.66,1751.87,employed,temporary,12630.6,141530.74,60,553,0,0,0,0.5096,3.0629,0,1078.54
24,36710.97,1502.22,employed,contract,12861.54,47058.76,84,580,0,0,3,0.5611,1.2819,0,1022.59
48,63231.15,1575.8,employed,freelance,20195.82,93556.31,84,366,4,0,1,0.3629,1.4796,0,5177.59
66,33030.6,1033.44,self_employed,permanent,2405.7,85103.45,12,832,0,0,1,0.39,2.5765,1,29430.26
23,60816.69,2873.29,employed,temporary,13754.44,100676.44,24,833,3,0,0,0.6122,1.6554,1,27367.51
31,86311.98,3225.99,employed,freelance,1036.53,82545.82,36,474,1,1,2,0.4509,0.9564,0,2186.5
64,93377.33,2536.36,self_employed,permanent,11598.84,392724.15,12,490,0,1,0,0.3508,4.2058,1,22569.67
21,39257.64,958.46,employed,contract,12656.41,145173.48,84,584,4,0,1,0.3575,3.698,0,2112.07
46,17156.83,616.76,part_time,contract,3133.97,36065.92,12,604,4,0,0,0.4679,2.1021,0,327.59
50,27494.24,1011.99,part_time,permanent,1649.01,131538.39,36,706,2,1,0,0.4537,4.7842,1,6928.55
55,109996.68,3364.48,self_employed,contract,19295.77,500000.0,24,631,1,1,0,0.4021,4.5456,1,34890.51
55,36810.52,1443.73,employed,contract,2915.88,117812.47,60,604,2,1,0,0.4865,3.2005,1,6625.89
45,9749.41,222.64,unemployed,permanent,1533.35,10050.95,36,850,2,1,0,0.3055,1.0309,1,4095.92
62,65899.76,1651.88,employed,permanent,12859.24,365847.9,24,636,2,1,0,0.3398,5.5516,1,38005.71
46,65035.02,2391.1,employed,permanent,9093.41,271692.44,60,329,2,1,2,0.4692,4.1776,0,2260.87
24,87679.73,1984.74,employed,permanent,32861.27,162977.29,120,739,0,0,0,0.3466,1.8588,1,94150.49
39,29195.83,1358.38,part_time,temporary,6569.42,112622.91,120,557,0,1,0,0.6033,3.8575,0,683.74
30,81756.54,2042.22,employed,temporary,27564.8,223000.63,120,533,0,1,0,0.3672,2.7276,1,19543.08
29,58629.58,2373.87,self_employed,permanent,17840.48,234191.34,48,325,1,0,0,0.5467,3.9944,0,1823.11
59,6652.37,214.5,unemployed,freelance,1759.33,20664.19,36,822,2,1,0,0.4398,3.1063,1,865.02
57,68847.31,2237.11,employed,permanent,13683.78,218252.64,120,683,0,0,0,0.4297,3.1701,1,24199.83
25,52687.12,2273.06,employed,permanent,45.81,239586.85,84,835,1,1,0,0.5179,4.5474,1,28451.04
27,25115.71,889.12,part_time,permanent,6163.07,97335.72,36,692,0,1,3,0.4739,3.8755,0,1110.64
42,47482.26,1994.17,self_employed,temporary,6760.67,44620.97,84,761,1,0,0,0.5325,0.9397,1,19230.32
66,38620.69,1373.66,self_employed,permanent,1819.22,33196.59,24,437,4,1,0,0.4362,0.8596,1,3991.68
45,55568.36,2118.62,employed,permanent,9882.86,121002.93,12,409,3,1,1,0.4931,2.1776,0,545.61
65,75660.93,3255.0,employed,permanent,22261.06,216870.93,12,774,4,0,0,0.5751,2.8664,1,34047.42
62,85390.29,3291.5,employed,contract,32847.18,171952.48,24,627,2,0,0,0.5395,2.0137,1,12808.54
31,60174.27,2334.09,employed,freelance,9004.6,245693.3,36,505,1,1,3,0.4954,4.083,0,636.27
45,70355.3,3085.24,employed,permanent,15273.38,110675.47,36,370,3,1,0,0.5696,1.5731,1,6331.98
32,21812.37,1058.23,retired,permanent,7427.06,95380.61,84,509,0,1,0,0.6503,4.3728,0,251.72
59,84745.51,2696.68,employed,temporary,11321.98,402738.55,36,484,5,0,0,0.4086,4.7523,0,5800.46
37,66273.23,2496.24,employed,contract,3771.14,78451.35,48,682,1,1,0,0.4634,1.1838,1,19881.97
44,99132.13,2314.7,self_employed,permanent,11177.42,404403.02,84,698,2,1,0,0.3027,4.0794,1,105617.35
52,9533.29,298.38,unemployed,freelance,3428.64,55177.71,12,844,2,0,1,0.4475,5.7879,0,160.28
66,49106.43,1613.22,employed,temporary,3130.89,76632.11,120,613,2,1,2,0.407,1.5605,0,1795.09
59,75271.57,3401.86,self_employed,permanent,9912.39,414081.37,48,527,3,1,0,0.5687,5.5012,0,1990.62
62,87826.39,3144.82,employed,temporary,16323.07,336661.71,36,445,0,1,0,0.4669,3.8333,0,2958.9
31,39929.9,1683.29,employed,freelance,13530.06,149744.98,120,321,1,0,0,0.5736,3.7502,0,1083.51
63,72567.74,1552.06,employed,contract,27219.09,57007.38,12,599,1,1,0,0.3317,0.7856,1,21983.67
55,53603.77,1842.95,retired,permanent,9130.02,247416.32,120,564,2,1,0,0.4466,4.6157,0,653.96
67,51531.74,2428.27,employed,permanent,19210.09,161320.2,84,349,1,1,0,0.64,3.1305,0,567.19
23,82379.64,2255.21,employed,permanent,5320.38,367945.3,36,674,3,1,2,0.3414,4.4665,1,78392.47
24,86351.16,1878.37,employed,permanent,5417.75,427481.08,84,360,1,0,1,0.2736,4.9505,0,5812.19
56,45642.19,1527.85,retired,contract,17330.35,154310.77,36,318,1,0,0,0.4776,3.3809,0,324.66
27,47723.06,1974.74,employed,contract,9729.4,93062.05,24,607,1,1,2,0.5373,1.95,0,2077.14
61,53370.04,1819.31,employed,contract,3968.76,68241.53,12,836,2,1,1,0.4239,1.2786,1,43863.77
68,36969.51,1266.18,employed,freelance,7216.31,51120.23,36,506,1,1,2,0.45,1.3828,0,1006.49
47,80729.93,3259.01,employed,permanent,25291.43,425296.62,60,624,4,0,0,0.5471,5.2681,1,12109.49
50,105713.06,2986.71,self_employed,contract,34966.51,124707.53,60,374,0,1,0,0.4052,1.1797,0,8043.36
28,85107.48,3639.49,self_employed,contract,29412.1,222625.63,120,717,0,1,0,0.5823,2.6158,1,32170.63
48,54389.03,1376.0,employed,permanent,12391.36,127189.32,120,627,1,0,3,0.3492,2.3385,0,7134.57
33,39224.61,1269.94,employed,contract,13602.25,206321.69,84,580,2,0,0,0.4579,5.26,1,2941.85
59,76418.17,3054.2,employed,permanent,15590.23,238983.63,36,374,2,0,0,0.5204,3.1273,0,2523.25
60,74958.94,3372.71,employed,contract,18201.83,448288.59,120,540,5,0,2,0.5885,5.9805,0,2693.95
41,85193.14,3741.65,employed,temporary,25855.09,387952.62,24,304,0,0,0,0.5877,4.5538,0,1576.83
30,8766.38,367.16,unemployed,permanent,1491.81,45410.55,84,514,2,0,1,0.5366,5.1801,0,134.71
42,31059.98,972.39,part_time,temporary,914.18,32386.16,36,786,3,1,0,0.3816,1.0427,1,23830.21
20,29156.96,711.45,part_time,temporary,4083.91,55166.79,120,656,4,0,0,0.3208,1.8921,1,15674.78
65,41335.43,1122.57,retired,permanent,10316.4,51460.71,120,693,1,1,0,0.3758,1.245,1,21562.21
56,65561.81,3019.62,self_employed,permanent,5043.86,199958.33,60,454,1,0,0,0.5681,3.0499,0,1213.06
40,10825.41,496.22,unemployed,permanent,642.53,48179.37,12,690,4,0,0,0.5619,4.4506,0,236.48
45,70803.27,3440.13,employed,temporary,8300.42,101238.03,120,668,3,1,0,0.6065,1.4298,1,21240.98
65,62843.76,1448.53,self_employed,contract,807.2,76413.42,24,328,1,1,2,0.2792,1.2159,0,4789.84
55,39590.81,1444.68,employed,freelance,11773.09,153626.13,36,722,2,0,2,0.4974,3.8803,0,5150.89
42,50988.77,2026.97,employed,temporary,5276.64,90082.89,120,308,0,0,0,0.4977,1.7667,1,3824.16
20,6524.72,271.17,unemployed,contract,324.25,20463.4,60,499,2,0,0,0.5087,3.1363,0,228.04
59,50159.95,1986.97,employed,permanent,14027.32,39182.32,120,744,1,1,0,0.5313,0.7811,1,21067.18
34,47167.94,2041.99,employed,contract,15903.67,200151.04,120,633,0,0,0,0.5869,4.2434,0,1428.28
40,24130.05,755.7,part_time,permanent,191.84,83905.98,12,529,3,0,0,0.3774,3.4772,1,2662.51
66,44340.12,1155.8,employed,permanent,4143.14,180057.51,60,692,1,1,0,0.3315,4.0608,1,44827.86
28,79022.55,2117.83,employed,temporary,29877.87,159209.5,84,607,1,0,0,0.3972,2.0147,1,24370.55
28,23140.47,490.18,part_time,permanent,3565.98,47028.76,24,630,0,1,0,0.285,2.0323,1,10746.43
29,79516.96,2469.09,self_employed,contract,29853.6,390228.12,84,659,0,0,0,0.4477,4.9075,1,18714.32
45,39001.41,916.89,self_employed,contract,4277.87,173637.89,48,482,0,0,1,0.304,4.4521,0,2394.75
60,52851.7,1596.65,employed,permanent,4610.1,194943.9,36,686,2,1,0,0.38,3.6885,1,38053.22
54,57554.93,2253.63,employed,permanent,4929.2,227617.61,84,408,0,1,1,0.487,3.9548,0,2164.6
44,47903.87,2247.76,retired,contract,1633.11,48729.88,12,638,1,0,0,0.5699,1.0172,0,2191.25
45,98165.15,4449.02,self_employed,contract,35199.36,500000.0,24,499,5,0,0,0.6156,5.0935,0,1727.45
30,46182.86,1302.5,self_employed,permanent,18100.63,218652.23,120,480,0,0,0,0.4168,4.7345,1,5187.26
57,68889.85,1704.62,employed,permanent,26302.39,258178.73,120,839,5,1,1,0.3733,3.7477,1,94266.12
21,48390.1,1280.63,employed,temporary,16491.89,268675.06,24,736,0,1,0,0.3857,5.5523,1,46460.3
26,34729.68,1707.09,part_time,temporary,11764.86,49576.91,120,339,3,1,0,0.6576,1.4275,0,691.54
37,87366.81,3220.31,employed,permanent,23102.77,373634.26,120,521,1,0,3,0.4952,4.2766,0,2202.67
46,78510.15,2053.54,self_employed,permanent,25946.46,455076.22,48,596,0,1,0,0.38,5.7964,1,15262.37
53,73439.64,3330.86,employed,freelance,6120.24,161938.03,48,328,3,0,0,0.5609,2.205,0,2530.7
46,101135.89,3272.73,self_employed,temporary,15692.76,59074.25,36,501,0,1,0,0.4193,0.5841,0,5659.25
36,28582.96,1345.13,part_time,freelance,7326.8,129817.26,84,784,1,1,0,0.616,4.5418,1,9260.88
62,91483.73,2601.47,self_employed,contract,32010.94,49254.09,36,429,2,1,0,0.4112,0.5384,1,13160.48
63,87720.47,2833.57,employed,freelance,23174.68,464825.07,84,347,0,1,0,0.4405,5.2989,0,1546.74
43,81663.33,2904.03,self_employed,permanent,27406.93,66119.28,84,715,1,0,3,0.4939,0.8097,0,4099.33
44,7635.63,357.87,unemployed,contract,1447.56,31231.3,120,756,0,1,1,0.6003,4.0902,0,230.65
26,81709.78,3772.71,employed,permanent,23444.29,210362.87,24,348,3,0,0,0.6114,2.5745,0,1803.04
25,42785.96,1608.13,retired,temporary,16771.77,69243.67,84,375,1,0,0,0.5294,1.6184,0,318.17
43,94628.6,2583.53,self_employed,permanent,5809.76,500000.0,36,845,0,0,0,0.3399,5.2838,1,122715.31
52,26664.24,869.2,retired,permanent,9886.25,122771.55,36,547,0,1,1,0.4653,4.6044,0,286.58
68,60270.36,2970.68,self_employed,contract,12593.23,142986.8,48,589,0,1,0,0.6333,2.3724,0,1563.47
48,43101.57,1662.0,employed,contract,11089.48,88911.73,24,834,0,0,1,0.5142,2.0628,1,19395.71
62,62817.1,2739.79,employed,permanent,22058.07,285696.42,60,830,1,0,2,0.5936,4.5481,0,3798.61
41,60065.01,2039.47,employed,temporary,9842.35,306399.98,60,735,4,0,0,0.4402,5.1011,1,25143.21
45,34934.74,1269.89,part_time,permanent,5850.77,155011.64,12,682,0,1,2,0.4697,4.4372,0,1216.67
47,7334.5,244.57,unemployed,permanent,1546.65,29484.26,48,395,1,1,0,0.4423,4.0199,0,164.93
69,99712.26,4121.63,self_employed,contract,761.88,174854.02,12,550,2,0,0,0.4976,1.7536,0,3078.62
40,53370.81,2437.33,employed,permanent,10602.99,277017.02,24,540,0,1,0,0.5877,5.1904,0,859.37
68,80734.99,2876.7,employed,freelance,9400.37,373249.24,120,604,0,0,0,0.4509,4.6231,1,12110.25
26,7381.02,257.29,unemployed,permanent,2739.7,24689.58,60,739,0,1,1,0.4925,3.345,0,85.09
36,73334.58,2255.65,employed,temporary,2573.61,243011.2,120,787,3,0,0,0.3761,3.3137,1,81775.39
39,51193.69,1330.97,employed,temporary,9405.72,185856.22,60,797,2,0,0,0.3487,3.6305,1,69710.45
60,77120.65,3719.38,self_employed,permanent,29227.74,389885.0,60,431,1,0,0,0.6545,5.0555,0,1917.54
68,69872.03,2099.82,employed,permanent,25182.86,320183.51,12,701,4,1,0,0.4327,4.5824,1,39500.06
39,67400.21,2978.2,employed,contract,18908.41,351111.11,120,675,4,1,0,0.5863,5.2093,1,20220.06
41,85335.65,3558.29,employed,contract,20117.4,280759.0,36,842,1,1,1,0.5475,3.2901,1,46081.25
47,84405.0,3705.53,employed,permanent,9478.04,332181.77,12,670,1,1,1,0.5493,3.9356,0,7321.91
59,34332.63,1653.31,part_time,temporary,5039.44,178534.65,120,711,1,1,0,0.6072,5.2001,1,8651.82
68,71708.54,2797.71,employed,permanent,2585.38,127480.6,60,454,0,1,0,0.4754,1.7778,1,6453.77
26,88455.28,4159.48,employed,permanent,27814.17,260245.49,48,544,3,0,0,0.6272,2.9421,1,6634.15
20,80786.29,2078.19,employed,permanent,10465.69,316164.2,48,841,2,1,0,0.3346,3.9136,1,144310.17
51,3249.99,127.12,unemployed,permanent,868.11,17983.18,84,374,1,1,1,0.5228,5.5333,0,81.53
32,58508.96,2536.83,employed,contract,8369.0,34350.5,120,505,0,0,0,0.5489,0.5871,0,1555.54
49,47647.28,1370.15,self_employed,contract,8849.63,79530.57,12,727,2,1,0,0.3822,1.6692,1,42433.14
42,35230.84,1495.15,employed,freelance,7821.28,63044.81,84,720,1,1,0,0.5537,1.7895,1,14796.95
38,45342.68,1974.17,employed,temporary,14543.25,104123.56,84,448,0,0,0,0.5866,2.2964,0,1004.74
51,35223.33,1587.74,employed,freelance,2975.05,72201.71,12,387,0,0,0,0.5578,2.0498,0,973.14
49,44634.02,1337.19,retired,temporary,7119.4,167188.47,84,805,2,1,0,0.3914,3.7458,1,36645.24
48,33744.77,1373.87,retired,temporary,1755.83,181240.17,24,467,1,0,0,0.499,5.3709,0,371.85
68,52191.61,1550.48,employed,freelance,1581.63,208942.75,12,488,0,1,0,0.3626,4.0034,1,12908.03
64,97363.48,4127.11,self_employed,temporary,23549.28,178019.0,84,413,0,0,0,0.557,1.8284,0,3104.24
48,31147.2,1069.49,part_time,permanent,2355.86,163542.76,84,312,3,1,2,0.4272,5.2506,0,699.64
49,88641.47,3391.57,employed,contract,2120.28,352460.81,12,456,0,1,0,0.4639,3.9763,1,7977.73
35,41754.5,1376.31,retired,freelance,14983.15,71161.85,60,480,0,1,0,0.4673,1.7043,0,961.85
59,60384.09,1543.29,employed,contract,12905.64,150306.02,84,619,2,1,0,0.3494,2.4892,1,32737.84
38,19021.08,495.04,part_time,temporary,1024.31,92153.45,36,591,0,0,0,0.3231,4.8448,1,3028.35
37,2667.82,61.62,unemployed,temporary,57.01,12176.25,60,776,2,1,0,0.2814,4.5641,1,1259.68
20,16897.3,656.64,part_time,freelance,810.12,62033.42,36,732,1,1,0,0.4759,3.6712,1,4258.12
33,63872.99,2911.67,self_employed,permanent,12042.29,82793.53,60,468,0,0,1,0.5847,1.2962,0,1641.38
66,89548.25,1920.01,employed,temporary,23943.96,440406.45,120,701,0,0,2,0.3108,4.9181,0,34656.03
69,12019.64,273.63,part_time,permanent,3083.18,26340.85,60,457,0,1,0,0.3245,2.1915,1,2278.2
21,45846.32,1566.85,employed,temporary,2648.51,217485.25,24,683,2,1,0,0.4217,4.7438,1,21538.6
47,45361.61,1921.07,employed,temporary,11494.43,184241.4,84,697,2,1,0,0.5589,4.0616,1,13608.48
68,8605.43,218.86,unemployed,permanent,1393.62,16805.86,120,355,2,1,0,0.3376,1.9529,1,503.11
69,4229.82,121.63,unemployed,permanent,786.31,7055.47,36,372,2,1,0,0.3822,1.668,0,94.32
49,22517.0,621.47,part_time,temporary,7218.32,27470.84,60,772,0,0,1,0.3953,1.22,1,12730.66
57,43174.33,1401.97,employed,permanent,5742.18,79039.43,60,479,3,0,0,0.4163,1.8307,1,5420.54
23,32984.89,903.65,retired,permanent,1939.5,45125.3,36,493,2,1,1,0.3405,1.3681,0,1460.82
20,1238.4,38.54,unemployed,contract,432.67,4822.06,120,683,2,0,3,0.4433,3.8938,0,107.82
27,64317.38,2706.64,employed,permanent,5457.47,243975.58,24,528,0,0,0,0.522,3.7933,0,1018.88
48,40386.61,1561.12,employed,permanent,4749.95,150397.57,36,565,0,0,2,0.4874,3.7239,0,499.96
58,78477.96,1820.78,employed,freelance,22180.7,316297.1,24,370,4,1,0,0.3349,4.0304,1,23322.08
22,66163.09,2609.09,employed,permanent,18090.32,329579.19,120,390,1,1,0,0.5279,4.9813,0,1228.05
51,28651.26,995.58,part_time,permanent,9172.99,158285.03,24,375,2,0,0,0.481,5.5245,0,489.24
29,64759.06,3114.36,self_employed,temporary,4762.81,114433.5,48,744,0,1,0,0.5918,1.7671,1,24478.92
29,4577.9,134.0,unemployed,contract,645.08,17088.2,24,496,1,0,1,0.3794,3.7328,0,197.08
38,14258.8,599.06,part_time,freelance,717.98,13272.79,48,483,3,1,1,0.5142,0.9308,0,122.37
65,63812.06,2689.69,employed,freelance,13809.93,74071.98,84,376,4,1,0,0.5491,1.1608,0,939.13
53,37036.58,1010.87,retired,contract,4334.33,151807.99,12,747,2,1,0,0.3509,4.0989,1,32470.27
52,60745.61,2865.82,employed,permanent,16739.93,192939.79,24,596,1,0,0,0.6212,3.1762,1,4555.92
42,45399.18,1596.21,retired,permanent,6.25,212051.69,36,687,4,0,0,0.4219,4.6708,1,12409.87
47,80787.74,3282.74,employed,permanent,1928.66,229536.24,48,621,3,1,0,0.4924,2.8412,1,14541.79
51,29268.16,734.26,part_time,permanent,5064.1,35174.22,120,720,3,0,0,0.3357,1.2018,1,20196.79
69,42912.62,1216.68,employed,contract,16447.28,227277.9,120,845,3,1,0,0.4169,5.2963,1,38513.22
26,69213.27,2625.13,employed,temporary,24663.5,66160.04,12,605,1,1,0,0.5264,0.9559,1,12458.39
48,963.88,29.05,unemployed,permanent,383.24,1483.71,84,645,1,1,0,0.4412,1.5393,1,500.0
27,73204.23,2591.99,employed,contract,12205.49,148119.45,12,560,1,0,0,0.4582,2.0234,1,5490.32
20,61274.71,1944.97,self_employed,permanent,1141.39,366057.77,24,645,2,0,0,0.3846,5.974,1,19091.97
22,42287.44,1671.04,employed,permanent,5175.24,118097.36,36,448,2,0,0,0.4987,2.7927,1,3171.56
43,10344.61,362.49,unemployed,temporary,2796.23,33717.19,24,717,0,0,0,0.4746,3.2594,0,348.14
42,68770.46,1441.96,employed,permanent,3718.11,325513.43,60,328,0,0,3,0.2624,4.7333,0,7726.1
27,54509.87,2168.53,employed,permanent,6540.58,218055.05,12,762,0,0,0,0.5014,4.0003,1,24529.44
66,36689.99,1216.1,employed,permanent,824.29,188139.44,60,488,2,0,0,0.4022,5.1278,0,550.86
56,64552.06,1988.17,employed,permanent,12264.04,204977.58,60,364,0,0,0,0.4076,3.1754,1,8946.92
22,85777.42,2022.57,employed,contract,7168.27,500000.0,48,758,1,1,0,0.2997,5.829,1,185557.15
52,67800.89,1848.31,employed,freelance,2474.68,331035.68,120,523,3,1,0,0.3344,4.8825,1,20210.09
47,88440.78,2419.74,employed,permanent,14547.3,239454.26,60,775,4,1,0,0.3612,2.7075,1,132576.27
66,42504.81,2045.12,employed,permanent,5971.51,110384.78,12,625,1,1,1,0.6055,2.597,0,837.46
27,78988.98,2642.05,self_employed,contract,16983.19,443302.08,12,818,1,0,0,0.4444,5.6122,1,35573.48
53,47530.63,1048.54,retired,freelance,14240.91,202684.2,36,491,3,1,1,0.3246,4.2643,0,2106.55
54,63904.74,1590.09,employed,permanent,2877.47,250371.42,24,387,4,0,0,0.3076,3.9179,0,4799.59
51,33651.3,778.64,self_employed,permanent,10648.96,157086.57,36,757,1,1,0,0.341,4.6681,1,52007.41
43,80374.17,3054.92,self_employed,contract,845.21,288108.13,36,457,1,0,0,0.4582,3.5846,0,2339.6
33,68645.58,1803.76,employed,temporary,12166.79,94416.32,120,572,1,1,0,0.3508,1.3754,1,18435.46
51,8744.51,309.33,unemployed,permanent,2054.72,19724.86,24,631,0,1,1,0.4715,2.2557,0,60.81
65,76866.63,2431.05,employed,temporary,29424.51,274313.69,12,581,3,0,0,0.4561,3.5687,1,5765.0
62,98223.41,4349.31,self_employed,permanent,22549.07,58926.48,48,462,1,1,1,0.5773,0.5999,0,2065.38
35,71489.44,2157.62,employed,temporary,4539.56,207707.48,120,473,1,1,0,0.3749,2.9054,1,16097.99
23,45502.06,1556.14,self_employed,temporary,9419.69,211899.26,60,407,1,1,0,0.4518,4.6569,0,494.9
56,63402.4,2654.71,self_employed,contract,10037.46,88971.77,48,600,0,0,0,0.5341,1.4033,0,3227.0
40,77687.15,2600.4,employed,permanent,14895.91,66428.28,60,630,2,0,0,0.44,0.8551,1,13983.69
33,87438.48,3844.56,employed,permanent,6893.55,445775.39,24,443,2,1,0,0.5434,5.0982,0,2073.34
50,13815.78,554.46,part_time,permanent,2767.73,53812.55,24,357,0,0,0,0.5217,3.895,0,283.22
67,64454.52,2114.57,employed,contract,3868.3,94824.48,36,597,0,1,0,0.4057,1.4712,1,10940.51
37,54689.62,1943.28,self_employed,permanent,16276.57,269875.63,84,487,4,0,0,0.4859,4.9347,1,3691.55
26,17184.06,842.77,part_time,permanent,4082.29,70793.38,84,739,1,0,0,0.636,4.1197,1,3608.65
29,6069.73,243.58,unemployed,permanent,190.66,14188.94,24,787,1,1,0,0.4878,2.3377,1,655.53
26,82578.49,3900.1,self_employed,contract,29385.21,212150.71,60,689,0,0,0,0.6379,2.5691,1,18580.16
52,18361.57,478.27,retired,permanent,4527.08,24923.72,84,319,0,1,0,0.3619,1.3574,1,3195.02
42,46867.64,1636.98,retired,permanent,5926.08,238739.34,48,511,1,0,1,0.4444,5.0939,0,1145.41
40,80093.52,3791.3,employed,permanent,1462.26,264271.5,120,835,2,0,1,0.5717,3.2995,1,36042.08
38,88103.1,2664.49,employed,contract,22280.45,313964.64,48,519,3,1,0,0.4135,3.5636,1,13717.65
67,44935.41,2204.39,employed,temporary,6712.28,240818.1,48,472,0,1,0,0.6186,5.3592,0,1909.69
38,25674.71,607.59,part_time,contract,9321.13,15072.81,84,300,3,1,0,0.3566,0.5871,1,3976.29
55,65529.41,3090.45,self_employed,freelance,914.21,56884.56,120,767,1,0,1,0.5687,0.8681,0,11282.3
48,53415.53,1806.44,employed,freelance,835.47,74177.31,48,324,1,0,0,0.409,1.3887,1,7291.22
37,38928.44,894.74,retired,permanent,14781.9,25895.51,36,503,1,1,1,0.3518,0.6652,0,2265.44
21,78031.07,3627.36,employed,freelance,30116.06,321477.0,84,500,3,0,0,0.635,4.1199,0,2094.38
20,36267.9,1022.09,employed,permanent,402.46,144576.07,48,490,0,1,1,0.3404,3.9863,0,2542.8
66,117093.01,2515.43,self_employed,permanent,33536.99,194305.37,60,708,3,1,0,0.3151,1.6594,1,163677.76
24,79543.49,1972.23,employed,freelance,7047.39,105135.45,36,777,0,0,0,0.3153,1.3217,1,132225.14
39,45792.69,1834.34,retired,permanent,12847.46,59588.46,120,603,4,0,0,0.5368,1.3013,1,4808.23
30,76821.31,3791.35,employed,permanent,26694.88,441171.55,36,835,1,0,0,0.6617,5.7428,0,11664.24
61,32395.25,780.22,retired,permanent,1306.58,139762.01,84,381,5,1,0,0.2971,4.3143,1,8281.98
21,96403.95,3307.31,self_employed,temporary,9207.21,358609.06,36,846,2,0,0,0.4308,3.7199,1,54036.34
22,56272.36,1468.82,employed,permanent,541.96,127945.22,24,845,0,0,0,0.3151,2.2737,1,93642.83
42,32670.26,1390.56,part_time,contract,572.77,94147.12,36,561,0,0,1,0.5143,2.8817,0,419.65
31,41836.13,1015.64,self_employed,freelance,495.64,41490.24,60,476,0,1,0,0.2937,0.9917,1,13981.89
39,51079.11,1421.47,employed,temporary,16359.26,305955.46,120,514,1,1,0,0.398,5.9898,1,9378.12
24,65323.56,1735.11,employed,permanent,7794.22,303948.57,84,440,2,0,2,0.3426,4.653,0,3929.94
56,29810.81,1101.46,retired,freelance,5881.21,116798.53,84,567,0,0,1,0.4828,3.918,0,725.2
57,58333.05,2700.89,employed,permanent,18382.94,217740.92,48,438,0,0,0,0.6186,3.7327,0,1367.96
49,62083.25,2218.86,employed,permanent,12291.08,203243.74,120,346,2,0,0,0.4685,3.2737,0,1366.16
28,82099.43,1849.87,employed,permanent,14094.7,157290.26,24,359,0,1,0,0.3047,1.9159,1,28861.23
53,63775.57,2376.63,employed,temporary,295.24,111297.76,48,360,1,1,0,0.4481,1.7451,1,5957.91
63,31411.01,1385.05,retired,permanent,7137.08,110643.04,12,394,1,1,0,0.5746,3.5224,0,205.49
54,48625.49,1200.46,employed,permanent,2426.28,43087.26,24,774,4,0,3,0.3062,0.8861,1,84812.58
41,57477.18,1319.34,employed,permanent,17579.93,52280.63,120,339,0,0,0,0.3366,0.9096,1,14087.66
63,63365.49,1667.21,employed,permanent,6532.67,227132.0,60,645,4,0,1,0.3364,3.5845,1,31099.78
43,76036.32,3238.71,employed,temporary,20505.09,422683.34,24,626,1,0,0,0.5651,5.559,0,5135.35
36,14784.12,563.14,part_time,contract,3821.54,81733.94,36,736,0,0,0,0.5088,5.5285,1,3104.67
29,47188.51,1727.13,employed,contract,11640.0,26404.6,24,705,3,1,2,0.4885,0.5596,1,19819.17
49,20732.04,582.77,part_time,permanent,2213.78,22611.78,36,510,0,0,0,0.3587,1.0907,0,328.53
65,54821.91,1673.36,employed,permanent,5856.95,203220.84,48,337,5,0,0,0.3876,3.7069,1,9242.97
42,56546.14,2771.04,employed,freelance,19520.81,292152.22,24,767,1,1,0,0.6571,5.1666,1,30534.92
51,47360.29,1319.06,retired,permanent,242.62,272296.57,24,616,1,0,3,0.3352,5.7495,0,7628.93
36,52828.49,2489.88,employed,contract,3835.83,276462.17,60,510,5,1,0,0.5801,5.2332,0,1115.46
69,6022.78,227.45,unemployed,permanent,1469.97,25457.52,12,382,0,1,0,0.502,4.2269,0,69.02
36,26349.86,643.71,part_time,freelance,8611.62,42235.87,24,655,4,0,0,0.3585,1.6029,1,11185.52
33,47769.82,1646.3,employed,permanent,6847.24,42965.04,48,838,2,1,0,0.4422,0.8994,1,29819.83
28,74528.25,3614.57,employed,permanent,19480.0,56741.1,36,508,2,0,0,0.6343,0.7613,0,1779.74
59,6565.34,216.93,unemployed,contract,1463.17,25384.38,48,575,2,1,0,0.4411,3.8664,0,131.49
21,59572.96,2741.28,employed,temporary,1537.94,41643.72,120,791,2,1,2,0.5573,0.699,0,15542.39
64,79538.12,2251.92,employed,permanent,19781.14,363156.72,84,597,0,1,0,0.3895,4.5658,1,15820.13
44,48392.24,1813.99,employed,temporary,15754.64,213825.42,84,357,0,0,0,0.5149,4.4186,0,900.55
58,83574.68,3798.11,employed,contract,33177.42,78381.31,60,595,1,1,1,0.6247,0.9379,0,2517.68
28,6732.58,321.05,unemployed,permanent,79.82,36937.78,84,758,1,1,1,0.5746,5.4864,0,226.21
41,68504.62,2397.88,employed,permanent,18086.81,230902.43,24,695,2,0,1,0.4728,3.3706,1,17126.16
62,83128.24,3282.81,employed,permanent,13784.31,455078.24,120,673,2,1,1,0.5071,5.4744,1,24938.47
65,102670.36,2147.89,self_employed,permanent,401.97,500000.0,12,361,2,1,0,0.2518,4.87,1,41282.11
23,68085.91,1921.32,employed,temporary,16731.73,107826.79,12,745,1,1,0,0.3878,1.5837,1,64169.61
45,76425.32,2213.46,employed,permanent,3742.62,198184.38,24,386,2,1,0,0.3573,2.5932,1,19630.61
48,34032.82,801.82,retired,permanent,5153.48,42215.84,12,698,2,0,0,0.313,1.2404,1,22274.48
64,65105.78,1887.49,employed,permanent,6806.6,310058.4,48,423,3,1,2,0.3688,4.7624,0,1755.74
53,744.84,22.49,unemployed,temporary,107.6,2437.63,36,818,3,1,1,0.3912,3.2727,0,109.13
42,21324.74,1046.81,retired,permanent,4202.64,119598.56,24,582,0,0,1,0.6285,5.6084,0,420.37
56,80618.4,3251.68,employed,permanent,11583.56,132632.08,84,813,1,0,0,0.5127,1.6452,1,36278.28
30,30668.81,1020.0,self_employed,permanent,6780.65,131447.2,36,456,1,0,1,0.4433,4.286,0,920.39
25,44316.95,2200.41,employed,freelance,4230.49,263278.25,12,525,3,0,0,0.6149,5.9408,0,539.0
37,78770.8,1993.11,employed,permanent,20019.18,327654.78,60,693,1,0,0,0.3545,4.1596,1,57305.76
40,18042.4,626.4,retired,contract,6161.57,15845.86,120,565,1,1,0,0.4849,0.8783,1,1136.67
61,28448.96,1129.59,retired,permanent,2549.79,106294.81,36,565,2,0,1,0.4944,3.7363,0,471.24
55,67122.13,1507.19,employed,permanent,13635.92,99953.92,120,848,0,0,0,0.3101,1.4891,1,114718.43
60,81567.74,3405.11,self_employed,temporary,21164.86,54468.1,120,587,2,1,0,0.5528,0.6678,0,1557.0
57,29874.52,709.4,part_time,permanent,6747.17,69974.61,60,591,2,1,0,0.3301,2.3423,1,5481.74
53,23636.3,589.13,part_time,freelance,3457.04,46411.59,48,619,2,1,1,0.3283,1.9636,1,8766.04
36,73393.18,1870.86,self_employed,freelance,18853.23,355093.82,60,772,2,0,0,0.3573,4.8382,1,84832.97
56,74892.08,3589.27,employed,contract,846.17,191367.46,36,698,4,0,0,0.5774,2.5552,1,18723.02
44,62424.35,2544.48,employed,temporary,9236.46,282861.79,36,372,0,1,0,0.5187,4.5313,0,2282.02
57,25995.29,1038.51,part_time,permanent,5538.16,15319.4,24,827,3,0,2,0.522,0.5893,0,2596.83
31,84377.57,3124.94,employed,permanent,695.72,49062.75,84,382,2,0,0,0.4461,0.5815,1,6821.93
42,63137.85,1854.58,self_employed,freelance,12820.74,41748.26,60,473,0,1,0,0.3931,0.6612,1,10934.09
61,56181.88,2187.87,employed,temporary,14702.9,95872.77,48,727,2,0,0,0.5197,1.7065,1,19663.66
41,35195.19,1154.26,employed,temporary,10688.18,89991.74,24,590,2,1,0,0.4543,2.5569,1,3167.57
40,68738.44,1723.59,employed,permanent,3117.26,264172.27,24,680,0,1,0,0.31,3.8432,1,78361.82
46,12684.75,519.4,part_time,permanent,5026.03,75125.77,48,662,2,0,1,0.5706,5.9225,0,416.96
50,62728.17,1543.92,employed,freelance,15209.52,153637.13,24,485,4,0,1,0.3438,2.4493,0,5339.2
25,101402.21,2676.46,self_employed,permanent,14731.46,81742.75,48,304,1,0,0,0.3458,0.8061,1,21108.9
46,65245.66,2915.37,employed,permanent,6500.89,102562.97,12,561,5,0,0,0.5561,1.572,1,4893.42
59,49829.99,1997.52,employed,permanent,11418.98,270984.71,24,478,0,1,0,0.5269,5.4382,1,4484.7
53,78239.26,3069.89,employed,contract,27593.79,340073.64,36,441,0,0,0,0.5414,4.3466,0,2912.24
31,50623.12,1672.13,self_employed,permanent,10541.06,245324.93,12,567,0,1,3,0.438,4.8461,0,2070.54
64,75316.75,2439.62,employed,contract,19927.97,89094.08,24,769,0,1,0,0.4416,1.1829,1,47503.78
26,68564.22,2808.8,employed,permanent,9810.07,85186.14,48,367,1,0,1,0.5202,1.2424,0,1524.96
29,44349.8,1881.18,employed,freelance,6885.79,49554.38,12,406,2,0,0,0.5401,1.1174,0,1607.21
64,84782.36,3027.96,employed,contract,9705.04,442091.72,84,736,0,0,0,0.4515,5.2144,1,29673.83
36,16614.8,815.85,part_time,permanent,4689.61,27494.53,12,330,1,0,0,0.6457,1.6548,0,200.16
45,34760.5,1693.11,part_time,temporary,4994.22,140339.77,36,846,1,0,0,0.6132,4.0373,1,9385.33
40,35402.08,1163.4,employed,permanent,2700.7,118204.54,24,820,0,1,0,0.4096,3.3389,1,34563.76
47,50030.92,2239.79,self_employed,permanent,7392.58,174815.26,24,341,0,1,0,0.5668,3.4941,0,1834.41
65,16596.79,608.75,part_time,contract,5668.32,26138.19,48,486,0,1,0,0.5085,1.5749,0,284.22
21,35769.64,1279.11,employed,permanent,10562.8,142858.7,12,600,0,1,1,0.4882,3.9939,1,6438.54
62,45097.61,1011.83,retired,permanent,6036.6,33239.33,36,560,2,0,0,0.296,0.7371,1,9659.91
20,27948.79,1050.16,part_time,permanent,10137.69,166689.31,48,789,0,1,0,0.5234,5.9641,1,9055.41
55,78579.3,3701.1,employed,permanent,2352.12,50854.48,84,556,1,0,0,0.5712,0.6472,1,5893.45
45,49118.42,2140.94,employed,contract,977.53,38109.07,48,366,0,0,0,0.527,0.7759,1,3683.88
48,22219.71,972.5,part_time,permanent,1132.94,50784.5,36,519,2,1,2,0.5354,2.2856,0,283.46
40,87615.78,2234.02,self_employed,freelance,4081.31,444557.16,24,622,1,1,0,0.3153,5.0739,1,52431.74
30,59187.27,1851.86,employed,freelance,2079.47,113316.44,36,358,1,1,0,0.3825,1.9145,1,12518.11
59,73352.92,2027.12,employed,permanent,19404.56,227074.42,24,477,2,1,0,0.3845,3.0956,1,15250.07
30,69868.54,2099.38,employed,permanent,16791.99,41842.54,60,760,2,1,3,0.4086,0.5989,1,68968.63
55,35891.54,1354.42,self_employed,contract,9297.42,33516.82,12,589,1,0,0,0.5046,0.9338,1,2422.68
68,9372.52,294.98,unemployed,permanent,2580.69,36026.22,36,411,2,1,0,0.4327,3.8438,0,234.96
58,28575.56,1062.64,part_time,permanent,8651.31,44834.24,84,623,1,1,0,0.5068,1.569,1,3086.16
59,71070.89,2389.61,employed,permanent,5889.7,306912.54,84,481,0,1,0,0.42,4.3184,1,10234.21
54,39733.89,1159.95,self_employed,temporary,9890.62,191503.5,120,765,2,1,0,0.4001,4.8197,1,38582.72
53,50459.66,1191.65,self_employed,contract,11707.62,261221.49,48,523,2,1,0,0.3298,5.1768,0,6420.3
66,56624.74,2652.6,employed,permanent,21373.8,69982.31,24,697,3,0,2,0.6376,1.2359,0,2949.71
43,50396.13,1066.64,employed,permanent,4684.17,151455.34,12,459,1,0,0,0.2726,3.0053,1,17190.12
41,17239.64,359.99,part_time,freelance,404.94,98420.21,84,753,0,1,1,0.2553,5.7089,1,27336.14
24,47798.23,2148.45,retired,contract,12494.36,226872.36,12,662,3,1,2,0.5917,4.7465,0,1448.55
52,70102.77,3498.62,employed,temporary,20755.27,80147.24,36,302,0,0,1,0.6581,1.1433,0,2181.32
55,78719.85,3309.42,self_employed,contract,8917.26,256922.02,48,659,4,0,0,0.5271,3.2638,1,17711.97
66,47427.4,1009.2,employed,permanent,10829.54,264317.32,84,614,1,0,0,0.301,5.5731,1,28314.16
39,112217.27,3079.82,self_employed,contract,2672.39,327698.38,36,321,0,1,1,0.3341,2.9202,1,30159.29
38,43162.39,2122.65,self_employed,permanent,16575.13,220378.39,48,720,0,0,3,0.6669,5.1058,0,2656.81
54,100520.34,4464.87,self_employed,permanent,4419.88,324393.26,60,425,1,0,0,0.5418,3.2271,0,943.16
62,34233.47,1279.13,part_time,contract,925.27,37227.67,36,704,0,0,0,0.4538,1.0875,1,7189.03
36,94073.81,2609.77,self_employed,permanent,1659.84,123537.92,120,567,1,0,2,0.3364,1.3132,0,9886.18
64,89607.23,1904.37,employed,freelance,15314.66,67807.28,24,405,0,0,1,0.2892,0.7567,0,6904.46
62,7812.61,167.52,unemployed,permanent,303.63,12298.85,36,844,0,0,0,0.2651,1.5742,1,3303.33
53,46960.32,1816.56,employed,freelance,13987.57,254284.38,36,470,0,1,3,0.5238,5.4149,0,1541.07
28,46210.07,992.13,employed,freelance,16614.82,188356.37,84,604,0,1,0,0.3295,4.0761,1,28363.74
45,52851.04,2632.73,employed,permanent,5501.14,241196.99,120,633,1,0,0,0.6186,4.5637,1,7927.66
21,35392.15,926.64,employed,contract,8901.45,138706.72,60,317,2,1,0,0.3645,3.9191,1,8632.15
28,43222.84,1796.44,retired,permanent,732.0,113501.71,84,699,1,1,0,0.5021,2.626,1,9076.8
28,49776.73,1262.13,employed,freelance,7696.77,84258.87,60,467,2,0,0,0.3352,1.6927,0,3071.63
59,48161.78,1762.05,retired,permanent,5643.45,269266.74,84,634,1,1,2,0.4625,5.5909,0,1182.72
36,59121.4,1370.7,self_employed,contract,5406.51,196966.72,36,454,0,0,0,0.2965,3.3316,1,16242.13
20,61397.61,2652.24,employed,permanent,15833.79,193159.91,48,675,4,0,0,0.57,3.146,1,15349.4
44,53730.49,2036.04,retired,permanent,2798.88,321231.63,60,380,1,0,0,0.4651,5.9786,1,2820.85
62,48319.47,1128.09,employed,permanent,16635.63,126191.85,60,749,1,1,0,0.349,2.6116,1,61288.42
59,74668.98,3403.69,employed,permanent,19857.05,388106.15,48,609,1,0,0,0.6002,5.1977,1,11200.35
61,96736.19,3558.74,self_employed,contract,27501.53,500000.0,12,654,2,0,0,0.4983,5.1687,1,21765.64
44,47154.9,2249.91,employed,temporary,17642.43,83920.92,120,623,3,1,0,0.6474,1.7797,1,8487.88
58,62554.83,2975.62,employed,temporary,23579.99,63907.16,60,527,3,0,0,0.6462,1.0216,1,4691.61
54,58269.18,2778.36,self_employed,permanent,12857.73,341801.8,60,490,5,1,0,0.6163,5.8659,0,1630.61
22,98331.09,2271.65,self_employed,permanent,19484.49,279499.51,48,596,1,0,0,0.3169,2.8424,1,24305.97
69,69236.58,1686.69,employed,permanent,9288.27,35463.79,48,488,4,1,2,0.3192,0.5122,0,3202.85
56,22947.61,1139.15,part_time,contract,6568.26,74455.77,36,492,1,1,1,0.6529,3.2446,0,248.89
63,99039.51,3471.83,self_employed,freelance,21321.58,386863.38,120,812,0,0,1,0.4637,3.9062,1,40111.0
63,26700.76,741.78,retired,permanent,9963.39,127322.18,36,308,0,1,1,0.408,4.7685,0,1340.79
49,76449.2,3308.87,employed,permanent,7297.11,434704.04,12,442,1,0,0,0.5385,5.6862,0,663.86
57,107210.56,3059.97,self_employed,permanent,13304.95,500000.0,12,786,2,0,0,0.3673,4.6637,1,115237.41
53,50509.0,2123.59,retired,temporary,6386.16,286423.76,12,493,0,1,0,0.5298,5.6707,0,459.64
31,99448.99,4500.48,self_employed,temporary,32062.29,67295.97,24,821,1,1,0,0.6075,0.6767,1,48332.21
38,4896.17,214.0,unemployed,contract,193.97,21615.4,48,732,5,1,0,0.5324,4.4148,0,97.45
56,88999.44,2565.53,employed,permanent,16221.01,155056.5,60,438,3,0,0,0.3824,1.7422,0,5719.23
63,55877.65,1818.66,employed,contract,9556.88,85578.84,48,329,2,0,0,0.4248,1.5315,0,1492.85
68,70124.4,2306.15,employed,temporary,2051.55,343732.43,48,578,0,0,0,0.4005,4.9018,1,10466.07
36,43859.08,1542.18,employed,permanent,7206.87,122551.62,12,341,0,0,0,0.4548,2.7942,1,3289.43
29,54276.61,1395.73,retired,temporary,11145.77,300763.0,48,527,0,0,0,0.3497,5.5413,0,3624.54
68,73719.23,2508.69,employed,permanent,1919.79,54065.17,24,779,1,0,0,0.4136,0.7334,1,57324.07
66,29327.68,1047.91,part_time,permanent,5981.23,144057.4,84,716,2,1,0,0.4696,4.912,1,7390.58
31,13512.86,491.08,part_time,freelance,5184.82,16926.06,60,500,0,0,1,0.5128,1.2526,0,172.08
35,76987.98,3444.99,employed,permanent,30145.85,113262.76,84,620,0,0,1,0.6153,1.4712,1,11548.2
43,77609.79,2787.92,employed,contract,16505.42,242564.31,12,667,0,0,2,0.4736,3.1254,0,6948.36
38,42855.59,1181.29,retired,temporary,8829.91,114670.62,120,625,1,1,0,0.372,2.6757,1,13823.5
27,18713.92,751.82,part_time,permanent,2137.19,59397.0,36,609,3,0,1,0.5049,3.1739,0,389.4
50,61932.95,2730.52,employed,temporary,24701.72,351168.86,120,660,3,0,0,0.6088,5.6701,0,2229.86
40,41073.89,1238.31,employed,temporary,4505.46,169045.31,120,827,0,0,0,0.3837,4.1156,1,42992.04
36,69800.77,2767.93,self_employed,permanent,12645.14,146351.39,84,602,2,0,0,0.5121,2.0967,1,9423.1
42,48163.27,1209.81,self_employed,permanent,56.53,69884.8,60,578,1,1,1,0.3017,1.451,1,15472.26
56,54200.33,1669.71,employed,permanent,7571.4,152316.72,84,620,5,0,0,0.3976,2.8103,1,16650.34
35,1951.2,92.39,unemployed,permanent,55.76,5822.43,36,776,1,0,1,0.5739,2.984,0,216.44
25,47652.99,2259.38,employed,permanent,14178.19,181420.62,36,603,1,1,1,0.6285,3.8071,0,2918.44
27,39211.28,1474.88,employed,permanent,8799.24,76972.33,48,818,1,1,0,0.4962,1.963,1,21174.09
44,85594.58,3536.65,employed,permanent,19589.92,404117.76,60,355,0,1,2,0.5416,4.7213,0,3317.76
37,64172.59,2935.39,employed,freelance,7354.47,66837.76,24,491,1,1,0,0.5718,1.0415,0,1145.88
44,56820.81,2772.35,employed,permanent,18521.23,203560.18,48,321,3,0,1,0.6507,3.5825,0,979.95
31,64426.61,2262.77,employed,contract,84.29,253159.47,36,379,2,0,0,0.4217,3.9294,1,7566.91
34,69556.13,2588.37,employed,temporary,9281.6,113903.29,84,583,5,0,1,0.4732,1.6376,1,5216.71
45,85703.33,2824.46,employed,contract,22608.45,432207.24,60,727,1,1,0,0.4482,5.0431,1,37291.23
60,44828.11,1028.03,employed,permanent,16280.18,174151.68,48,402,0,1,0,0.3478,3.8849,1,12281.11
64,18797.71,623.43,part_time,freelance,1764.1,76158.4,60,441,2,1,2,0.4168,4.0515,0,840.72
45,88668.41,3891.95,employed,temporary,19191.39,287071.89,84,702,0,1,1,0.57,3.2376,0,5877.37
66,55415.61,2455.42,employed,contract,11925.25,304939.26,12,461,0,0,0,0.5747,5.5028,0,908.57
51,27143.36,1271.96,self_employed,permanent,9491.21,117167.07,24,515,1,1,1,0.6323,4.3166,0,878.97
29,15395.8,343.86,part_time,permanent,311.1,40030.55,24,777,2,1,0,0.2721,2.6001,1,22736.39
35,36448.63,1319.76,employed,temporary,6188.62,66057.03,24,550,2,1,0,0.4685,1.8123,1,3280.38
26,119042.7,2853.04,self_employed,permanent,8688.48,106047.91,36,709,5,0,0,0.3022,0.8908,1,148343.87
36,3346.45,89.31,unemployed,permanent,28.82,4716.77,36,618,2,1,0,0.322,1.4095,1,500.0
42,112736.56,5308.72,self_employed,permanent,6630.3,500000.0,24,687,2,1,0,0.5768,4.4351,1,30438.87
45,89773.75,3171.09,employed,temporary,35064.57,245730.32,60,384,5,1,1,0.502,2.7372,0,3549.11
40,81984.92,3521.87,self_employed,freelance,7045.74,446225.86,12,814,2,1,2,0.5327,5.4428,0,11288.3
41,36825.8,836.36,employed,permanent,13773.3,52960.34,36,304,2,1,0,0.3473,1.4381,1,10121.94
26,32751.2,1080.49,self_employed,contract,2688.93,92996.53,84,534,0,1,0,0.4123,2.8395,1,4653.09
33,5779.07,234.04,unemployed,temporary,2152.81,33419.5,48,712,1,0,0,0.5605,5.7829,0,203.72
34,57339.46,1417.68,employed,permanent,15014.24,57409.84,48,674,4,1,0,0.3491,1.0012,1,51915.15
26,40428.56,1226.46,retired,freelance,1830.91,152290.89,36,574,3,1,0,0.3731,3.7669,1,6464.28
28,59136.63,1343.35,employed,freelance,13765.0,328530.32,24,670,1,1,0,0.3191,5.5554,1,64186.9
67,52560.84,2093.54,retired,contract,6696.55,300819.28,60,831,1,1,2,0.5035,5.7233,0,5689.79
27,64410.68,3165.85,employed,permanent,9871.66,331910.88,12,693,3,0,1,0.6205,5.153,0,7302.2
69,73154.93,3288.72,employed,temporary,12880.27,380964.49,48,303,0,0,1,0.5747,5.2076,0,632.64
42,84306.69,4152.93,employed,permanent,14254.81,344561.97,36,833,3,0,0,0.6249,4.087,1,37938.01
48,15378.05,699.65,part_time,permanent,4085.08,26332.25,60,823,3,0,1,0.5991,1.7123,0,640.25
37,47635.41,2180.58,employed,permanent,14640.61,215251.65,24,705,0,0,2,0.6108,4.5187,0,5614.24
50,40902.53,1540.7,employed,contract,5385.68,240552.46,12,712,2,0,0,0.4783,5.8811,1,14315.89
49,42680.11,1534.31,employed,freelance,15780.78,144798.01,12,488,3,1,0,0.5053,3.3926,0,687.65
58,73695.48,2408.55,self_employed,permanent,27664.29,142514.93,48,616,0,1,1,0.4673,1.9338,1,11938.67
54,55512.03,2481.08,self_employed,permanent,903.52,202846.0,120,838,1,0,0,0.5396,3.6541,1,22482.37
37,58274.51,1523.51,employed,contract,347.52,250484.65,48,730,3,0,0,0.3149,4.2984,1,75506.28
61,89036.94,2000.95,employed,permanent,15138.64,146514.0,84,639,0,1,0,0.3037,1.6455,1,62920.62
58,43618.74,2114.65,employed,temporary,10305.28,194345.1,36,818,1,1,0,0.629,4.4555,1,23554.12
36,64744.66,1355.98,employed,permanent,7197.14,241554.6,120,729,2,1,0,0.2736,3.7309,1,123128.8
33,40437.91,1994.57,employed,permanent,4196.06,156410.78,12,726,0,0,3,0.6126,3.8679,0,1795.25
50,3821.96,160.87,unemployed,freelance,1037.03,8343.08,24,821,0,1,0,0.5594,2.1829,1,500.0
43,64013.93,1946.95,employed,permanent,15406.98,86672.78,24,814,1,0,0,0.4131,1.354,1,50065.29
54,87064.75,3585.88,employed,permanent,5821.04,342075.18,120,599,1,1,1,0.5076,3.929,1,7835.83
63,56517.55,2525.66,employed,permanent,19995.93,210487.26,36,353,1,0,0,0.607,3.7243,0,1864.22
64,13492.85,377.66,part_time,freelance,3669.93,31830.54,12,461,0,1,2,0.3903,2.3591,0,177.26
53,20927.71,906.54,part_time,contract,3035.16,44521.93,48,748,4,0,1,0.5488,2.1274,0,1598.81
22,23392.42,1036.15,retired,permanent,6396.65,56372.1,84,510,3,1,0,0.5862,2.4098,1,1473.72
56,47649.43,1339.24,employed,permanent,2147.14,152209.36,24,746,1,0,0,0.3463,3.1944,1,51266.02
62,68994.98,1521.77,employed,temporary,12922.93,404414.66,60,369,0,0,0,0.3021,5.8615,1,20481.16
59,38708.31,1036.88,employed,permanent,2616.44,181913.78,36,600,0,1,2,0.335,4.6996,0,3614.72
45,60559.81,1616.07,employed,temporary,1003.63,313976.49,24,367,0,1,0,0.3235,5.1846,0,4061.0
42,82898.85,1884.8,self_employed,permanent,11218.74,271997.15,60,581,2,0,0,0.2999,3.2811,1,22393.88
63,5062.3,212.66,unemployed,permanent,305.23,17179.83,120,453,2,0,2,0.5162,3.3937,0,232.3
58,18707.67,597.07,retired,temporary,4740.66,30377.25,60,761,0,0,0,0.4337,1.6238,1,7814.01
34,54464.22,2539.55,retired,permanent,14685.03,243223.7,24,523,0,1,0,0.6135,4.4658,0,457.04
68,55191.37,1555.75,employed,contract,3282.61,155568.58,36,667,2,0,1,0.3502,2.8187,1,41338.34
23,98964.83,3370.01,self_employed,permanent,974.33,453601.11,60,488,1,1,0,0.4106,4.5835,1,14332.88
48,52910.56,2088.45,employed,permanent,16779.22,145493.7,60,685,1,1,0,0.5371,2.7498,1,15873.17
41,61125.92,2837.84,employed,freelance,50.29,67045.63,12,340,2,1,1,0.5573,1.0968,0,2215.73
44,4661.56,168.44,unemployed,permanent,641.27,6767.63,84,816,1,0,0,0.4611,1.4518,1,500.0
32,53839.66,1708.21,employed,contract,10651.28,267240.44,84,429,1,0,0,0.4203,4.9636,1,6436.53
37,36201.83,1669.67,employed,permanent,11854.54,69594.06,84,321,0,1,1,0.6189,1.9224,0,1327.34
52,54801.15,1637.58,employed,temporary,18381.59,107078.67,12,340,1,0,0,0.4257,1.9539,1,6107.59
35,109501.55,2534.95,self_employed,contract,31752.8,500000.0,84,452,0,0,1,0.3358,4.5661,0,5240.92
64,8284.72,280.14,unemployed,permanent,819.19,34108.16,12,649,4,1,0,0.4255,4.117,0,108.4
61,42998.26,1880.4,employed,contract,12386.71,48531.77,60,308,0,1,0,0.5824,1.1287,1,3869.84
63,39872.74,866.48,retired,temporary,3932.08,51424.63,60,346,0,0,0,0.2805,1.2897,1,9189.67
21,84072.7,3188.17,employed,permanent,7217.08,167979.01,36,629,0,1,0,0.4722,1.998,1,15133.09
54,73501.87,2805.7,employed,temporary,16085.97,276879.8,48,302,0,0,0,0.5018,3.767,0,793.97
61,1784.21,85.49,unemployed,temporary,484.49,8279.7,12,708,3,0,1,0.6293,4.6405,0,109.43
53,107444.09,3136.14,self_employed,permanent,2280.04,215933.66,84,335,0,1,0,0.3545,2.0097,1,25325.65
49,18935.51,548.49,part_time,permanent,454.62,100141.04,48,542,2,0,0,0.3524,5.2885,0,1176.83
32,59974.19,2019.98,employed,permanent,18812.0,66001.06,12,733,2,1,0,0.4669,1.1005,1,25189.16
32,74983.56,2342.74,self_employed,permanent,25779.27,123107.67,84,717,1,1,0,0.4437,1.6418,1,31915.1
37,105798.13,4476.33,self_employed,contract,25579.49,500000.0,120,518,3,0,0,0.5561,4.726,0,2395.08
51,33426.97,1322.07,part_time,permanent,5733.77,41486.1,120,500,0,1,0,0.5089,1.2411,0,612.66
51,86130.91,3700.92,employed,freelance,29123.15,463781.55,12,693,0,1,0,0.5832,5.3846,0,2617.05
54,95.45,4.27,unemployed,permanent,27.83,1000.0,84,838,0,1,0,0.5951,10.4767,0,52.55
58,112579.41,5376.07,self_employed,permanent,26100.15,101544.26,36,568,1,0,0,0.6194,0.902,0,1607.24
65,37991.28,1269.0,employed,contract,4859.19,120067.17,36,423,1,0,0,0.4264,3.1604,0,518.54
48,49617.55,2458.73,employed,temporary,3929.61,166436.44,120,699,2,1,0,0.6105,3.3544,1,14885.26
68,63324.33,1717.57,employed,temporary,10604.88,356311.31,24,580,2,1,0,0.359,5.6268,1,16071.71
48,70592.94,2941.54,self_employed,permanent,8099.06,198795.03,12,732,0,1,0,0.523,2.8161,1,26684.13
63,40374.26,1469.97,retired,permanent,5478.93,119394.76,12,699,2,0,2,0.464,2.9572,0,2436.99
35,70547.39,3150.62,self_employed,permanent,14550.57,78918.59,120,301,0,0,1,0.5772,1.1187,0,1532.22
63,113765.69,3952.12,self_employed,freelance,7694.84,456820.34,12,628,5,1,1,0.4304,4.0154,0,3399.49
66,47852.14,2091.05,self_employed,permanent,15430.91,79431.36,36,682,4,0,1,0.5889,1.6599,0,1629.19
29,50071.36,2401.59,employed,freelance,2914.74,46387.76,84,377,0,0,2,0.5872,0.9264,0,437.17
49,85640.59,3613.34,employed,temporary,16477.03,500000.0,12,631,2,1,0,0.5448,5.8384,1,15415.31
44,39220.67,1704.9,employed,permanent,11703.0,77773.14,24,462,4,0,3,0.5813,1.983,0,674.87
58,68525.85,1561.88,employed,temporary,13294.58,87424.76,60,449,0,0,2,0.3123,1.2758,0,5034.3
39,72495.48,1943.7,employed,contract,10468.99,315152.14,24,804,0,0,0,0.3506,4.3472,1,97477.42
24,73026.46,3596.59,self_employed,freelance,13871.85,366538.2,84,449,1,0,1,0.629,5.0193,0,2403.34
20,73182.75,3004.25,employed,permanent,24843.22,62382.89,60,346,0,0,2,0.5605,0.8524,0,1899.31
49,44501.51,1655.85,employed,permanent,17630.28,48046.64,36,661,3,1,0,0.5257,1.0797,1,13350.45
68,81894.77,2582.7,employed,permanent,20674.93,81563.59,120,673,3,0,1,0.4289,0.996,1,29113.59
22,42701.41,944.9,employed,permanent,13552.47,32379.46,84,394,4,0,0,0.329,0.7583,1,10952.91
64,21218.69,670.51,part_time,temporary,122.97,87569.76,48,400,0,1,1,0.3804,4.127,0,1140.86
33,20784.53,735.46,retired,contract,7319.18,77645.24,84,689,0,1,0,0.495,3.7357,1,4364.75
49,6542.53,176.65,unemployed,permanent,2496.76,27121.64,36,381,1,1,0,0.4003,4.1454,0,133.01
69,71836.02,1859.34,employed,contract,16527.15,235706.15,48,712,3,1,3,0.3566,3.2812,0,26727.39
23,11294.66,402.79,unemployed,temporary,3405.59,56431.42,60,302,2,1,0,0.4882,4.9963,0,95.72
37,45355.44,1719.98,retired,permanent,9302.31,159046.82,48,312,5,0,1,0.4961,3.5067,0,907.31
56,6493.23,180.71,unemployed,permanent,743.35,36057.61,60,463,4,0,1,0.3569,5.5531,0,245.85
44,86293.94,3276.19,employed,contract,29417.53,273643.86,84,644,1,0,1,0.5238,3.1711,0,3506.16
67,70451.5,3317.79,self_employed,contract,16819.22,341592.74,48,465,0,1,1,0.6129,4.8486,0,2848.53
20,38764.61,1342.58,retired,temporary,8983.82,106233.71,60,374,0,1,2,0.462,2.7405,0,490.78
65,81629.36,3741.93,self_employed,permanent,21521.82,236213.44,84,359,2,1,0,0.6028,2.8937,0,980.18
34,63948.07,3061.75,self_employed,permanent,21895.9,330576.75,48,681,4,0,0,0.643,5.1695,1,14388.32
28,81116.55,1908.52,employed,permanent,23747.88,88589.74,60,372,1,1,2,0.3409,1.0921,0,5817.53
34,42591.71,1006.35,self_employed,temporary,3596.86,153630.33,24,422,3,1,0,0.3004,3.607,1,13772.11
68,65516.32,2274.59,employed,contract,12233.82,294486.07,12,766,2,0,0,0.454,4.4949,1,29482.34
43,93612.16,3555.98,self_employed,permanent,36707.14,433172.8,24,588,0,1,1,0.5343,4.6273,0,2663.29
23,84718.69,2817.31,employed,contract,18792.66,317967.41,36,815,3,0,2,0.4434,3.7532,1,43155.7
31,83615.51,2538.13,employed,temporary,31380.75,247866.03,120,780,1,0,2,0.4393,2.9644,1,45679.15
56,62980.72,2489.56,employed,temporary,20490.64,121823.82,120,536,0,1,0,0.5394,1.9343,0,2236.83
56,86100.34,1798.98,self_employed,freelance,22937.94,473710.66,48,471,3,0,1,0.304,5.5018,0,7940.5
62,56683.08,2781.37,employed,permanent,7921.24,143625.5,120,684,2,1,0,0.6168,2.5338,1,17004.92
25,69476.89,1917.72,self_employed,freelance,8457.26,340051.61,84,745,1,0,0,0.3556,4.8945,1,63204.52
58,51531.83,2451.99,retired,permanent,13262.67,34740.74,60,506,0,0,0,0.6225,0.6742,0,956.35
65,86188.72,2069.64,employed,permanent,14912.76,153151.38,24,449,1,0,0,0.3228,1.7769,1,22908.96
43,84247.77,2340.2,employed,contract,26917.28,202255.0,24,450,1,1,3,0.3972,2.4007,0,4655.83
30,42610.4,1179.62,employed,freelance,12961.35,178693.42,84,412,0,1,1,0.393,4.1937,0,2598.93
32,49453.11,2467.11,retired,temporary,6174.33,111582.01,60,531,0,0,0,0.6236,2.2563,0,1130.31
53,115094.55,2413.25,self_employed,temporary,32352.1,83731.39,48,787,0,1,0,0.3078,0.7275,1,215017.8
44,54868.73,2166.74,employed,contract,10854.14,79903.76,84,682,1,0,0,0.5134,1.4563,1,13717.18
26,63525.55,2934.83,employed,contract,8214.92,122312.69,36,673,3,0,0,0.5803,1.9254,1,15881.39
23,99014.05,4004.26,self_employed,permanent,16355.8,145378.48,36,546,2,1,1,0.5183,1.4683,0,2140.64
27,38796.89,1218.73,retired,contract,13894.75,62869.78,84,439,0,1,3,0.4486,1.6205,0,660.97
39,54758.89,2671.36,retired,permanent,7874.72,258969.2,36,701,0,0,0,0.6142,4.7293,1,13415.93
48,68292.77,3202.55,self_employed,permanent,7850.92,188910.44,120,424,0,0,0,0.5857,2.7662,0,2116.03
64,74266.85,2487.22,employed,permanent,10451.05,202636.05,60,655,1,1,2,0.43,2.7285,1,31192.08
65,78592.51,2951.57,employed,temporary,6746.96,457120.35,24,538,3,0,0,0.4678,5.8163,0,1212.77
29,62175.52,3049.87,employed,freelance,13545.19,183844.31,84,812,0,1,0,0.6322,2.9569,1,33574.78
62,82134.11,4064.93,employed,temporary,4843.82,460125.12,36,831,1,1,0,0.6057,5.6021,1,44352.42
53,65038.5,2208.26,employed,freelance,21266.13,139497.63,24,572,0,1,0,0.4728,2.1448,0,1297.49
45,57640.79,2625.41,employed,permanent,5201.05,155828.67,84,476,0,1,0,0.5646,2.7034,0,1486.13
60,40930.3,1213.22,employed,contract,9791.43,109675.13,36,705,0,1,0,0.4035,2.6796,1,33178.1
68,21048.51,666.77,part_time,contract,1052.64,73742.06,36,413,2,0,3,0.3901,3.5034,0,883.7
22,94723.96,2428.78,self_employed,temporary,37073.18,351744.17,84,326,0,0,0,0.386,3.7134,0,6082.55
25,52087.6,1402.96,retired,temporary,9471.1,97127.1,48,717,0,1,0,0.3596,1.8647,1,43001.02
24,3020.15,120.78,unemployed,temporary,993.23,14692.16,60,761,2,0,0,0.5457,4.8647,0,121.21
24,54537.95,1948.7,employed,contract,16768.19,176206.27,48,479,2,1,0,0.4903,3.2309,0,1224.42
66,1847.53,50.95,unemployed,contract,527.43,1000.0,120,546,0,0,1,0.388,0.5413,0,149.2
42,72989.76,2378.36,employed,permanent,24155.67,273884.84,24,799,0,1,0,0.4572,3.7524,1,39414.47
68,116217.9,3686.18,self_employed,contract,4670.27,500000.0,120,616,2,0,0,0.3887,4.3023,1,34924.64
28,70252.37,3486.72,employed,permanent,19066.41,131903.54,24,733,1,0,0,0.6499,1.8776,1,24588.33
54,26192.76,1197.77,part_time,permanent,2785.1,18552.08,84,532,1,1,0,0.57,0.7083,0,328.61
39,65441.95,2103.89,employed,contract,20571.59,323249.37,60,668,0,1,0,0.4487,4.9395,1,20143.03
68,39865.07,1893.16,employed,permanent,15258.26,233988.9,36,467,0,1,0,0.6464,5.8695,0,848.53
61,28778.59,887.15,part_time,contract,10377.44,26507.96,60,367,1,1,3,0.442,0.9211,0,772.33
54,68112.72,2745.88,employed,permanent,3131.88,385463.67,36,850,2,1,0,0.493,5.6592,1,36780.87
69,87840.29,4306.57,self_employed,permanent,12984.64,217493.37,12,644,2,1,2,0.6179,2.476,0,2479.59
37,10785.73,347.48,unemployed,permanent,1571.79,61240.49,120,829,2,1,0,0.4157,5.6779,1,1963.95
36,47006.55,1911.44,retired,permanent,2299.49,191251.61,12,351,1,0,0,0.4977,4.0686,0,268.15
43,29961.05,882.79,part_time,contract,1175.98,161680.12,60,744,2,0,2,0.3614,5.3963,0,2822.43
22,33325.23,953.13,part_time,permanent,5130.62,160696.98,120,439,2,0,0,0.374,4.8221,0,1257.89
51,89446.42,3361.36,employed,permanent,35494.9,58496.85,12,708,2,0,0,0.5303,0.654,1,31306.25
54,39507.46,1951.48,retired,permanent,8990.99,33973.8,12,634,0,1,0,0.6383,0.8599,1,4977.94
57,35343.75,1203.45,self_employed,permanent,8790.44,119871.7,120,580,3,0,0,0.4583,3.3916,1,2385.7
32,68617.34,3306.06,self_employed,contract,12928.03,83226.29,120,704,0,0,0,0.6159,1.2129,1,21614.46
66,78318.06,3720.29,employed,permanent,20748.98,237749.22,24,421,3,0,0,0.623,3.0357,0,1256.88
44,27633.91,780.24,self_employed,temporary,10574.53,158907.88,36,759,1,1,0,0.4154,5.7505,1,22723.7
28,13308.41,433.23,part_time,freelance,3133.85,28229.33,84,338,1,0,0,0.4377,2.1212,0,193.14
23,13544.63,536.32,part_time,temporary,352.37,43194.09,12,374,0,0,0,0.4804,3.189,0,140.88
33,75206.97,2703.16,employed,contract,14827.52,196548.0,48,516,1,0,0,0.4707,2.6134,1,5640.52
56,62564.16,1478.52,employed,permanent,24844.26,248007.35,120,545,3,0,1,0.363,3.964,0,6372.38
53,55289.39,2754.31,employed,permanent,8567.7,86591.32,24,717,0,1,1,0.6288,1.5661,1,23221.54
30,21907.83,937.34,retired,freelance,5204.26,42274.8,36,502,2,0,0,0.5609,1.9297,0,158.7
60,8786.88,295.23,unemployed,contract,374.8,45895.84,24,818,2,1,0,0.4117,5.2232,1,1675.9
22,52656.09,2046.39,employed,temporary,2973.61,261297.91,48,595,0,1,1,0.4777,4.9623,0,2175.08
47,49592.82,1159.85,employed,temporary,17351.17,240056.19,84,749,3,1,0,0.3506,4.8405,1,62237.01
48,70877.56,2500.53,employed,permanent,8515.08,335963.73,36,527,5,1,0,0.4474,4.7401,0,2005.89
28,65745.6,3154.65,employed,permanent,8032.83,199005.77,60,402,0,1,0,0.6002,3.0269,1,5917.1
22,20335.44,955.44,part_time,contract,3149.66,91690.45,60,391,2,1,0,0.5948,4.5089,0,305.71
44,85941.31,2636.13,self_employed,temporary,33224.18,225993.55,24,656,0,1,0,0.4454,2.6296,1,25338.94
53,49917.18,1813.57,employed,permanent,1685.01,52607.85,84,445,4,1,0,0.4427,1.0539,1,5148.46
31,100508.87,4138.32,self_employed,freelance,32917.22,267711.46,60,566,1,1,0,0.5596,2.6636,1,8141.22
61,47612.54,1464.1,employed,permanent,6504.98,65355.2,120,418,5,0,1,0.3963,1.3726,0,1820.9
28,15653.27,355.73,part_time,permanent,5318.78,41476.22,36,802,0,1,3,0.3407,2.6497,1,16158.31
34,78034.17,2776.1,employed,contract,30956.33,166668.4,48,563,3,1,0,0.5062,2.1358,1,7023.08
59,73934.06,2837.67,employed,contract,10311.36,280608.12,48,575,1,0,0,0.4885,3.7954,0,568.86
44,45045.14,946.12,employed,temporary,2330.75,112093.58,60,358,0,0,0,0.2624,2.4885,1,16054.09
24,36043.35,851.38,self_employed,permanent,2081.51,157896.66,12,646,2,1,0,0.295,4.3807,1,23939.99
30,104647.91,2812.86,self_employed,permanent,31760.26,347096.89,12,485,2,1,0,0.3833,3.3168,1,19784.11
53,9319.18,288.75,unemployed,temporary,540.22,51788.62,84,414,4,0,0,0.3834,5.5572,0,207.86
43,52999.16,1940.51,employed,permanent,5520.85,53033.07,12,661,0,0,2,0.4602,1.0006,0,4312.71
34,71200.86,2093.57,employed,contract,5821.34,304910.6,60,535,4,1,0,0.3692,4.2824,1,16763.53
57,41828.81,1208.38,employed,freelance,5951.04,175604.99,60,741,2,1,2,0.3751,4.1982,1,43885.11
27,73169.53,3379.65,self_employed,contract,2176.55,419147.7,60,562,1,0,1,0.5602,5.7284,0,1632.29
24,36030.17,903.06,employed,permanent,12347.43,91644.01,120,350,0,0,0,0.3693,2.5435,1,7063.71
67,62202.18,2194.76,self_employed,contract,21401.19,135595.08,36,650,2,0,0,0.4922,2.1799,1,13995.49
45,20769.18,1009.88,retired,permanent,3430.51,30077.18,12,716,3,0,1,0.6165,1.4482,0,631.82
37,35580.45,1389.88,retired,permanent,8711.34,69705.19,24,312,3,1,0,0.5177,1.9591,1,2241.57
25,58192.49,2429.64,employed,permanent,14942.7,189730.75,84,693,2,1,3,0.5524,3.2604,0,6023.35
56,59441.18,1985.99,employed,permanent,17814.71,303591.15,36,831,5,1,0,0.4609,5.1074,1,32098.24
67,37493.22,802.91,employed,freelance,7808.94,77370.12,84,512,3,1,0,0.2986,2.0636,0,1458.19
32,59353.55,2355.08,self_employed,permanent,12116.1,81170.83,84,569,4,1,1,0.517,1.3676,0,2276.29
47,45989.9,1805.77,retired,permanent,11613.44,91828.34,36,339,2,0,1,0.5217,1.9967,0,311.98
24,55290.29,1329.96,employed,freelance,15548.7,58336.69,60,480,3,0,0,0.3449,1.0551,1,12863.29
32,74334.46,2550.64,employed,permanent,10308.42,416036.95,60,564,0,0,0,0.4395,5.5968,0,1190.59
36,31670.71,1505.32,retired,contract,4185.23,167836.8,36,405,2,1,0,0.5968,5.2994,0,407.02
69,33659.86,902.59,retired,permanent,3631.47,73940.76,60,786,0,0,0,0.3434,2.1967,1,33208.14
59,66014.07,2263.1,employed,permanent,14492.64,122682.73,12,703,0,0,0,0.4553,1.8584,1,23104.92
64,115314.78,3953.24,self_employed,freelance,16612.51,500000.0,36,689,2,0,1,0.4402,4.336,0,11722.55
51,40987.32,1823.14,employed,permanent,8858.4,20893.11,120,422,3,1,1,0.577,0.5097,0,1696.85
48,36810.26,1652.17,employed,temporary,5977.76,139995.91,120,336,0,1,1,0.5711,3.8032,0,717.71
22,25983.02,1116.72,part_time,permanent,8696.35,143894.5,84,802,0,1,0,0.5827,5.538,1,8418.5
59,53116.59,1672.77,retired,permanent,1553.77,175128.91,120,826,0,0,0,0.3838,3.2971,1,38884.53
53,11876.68,272.38,unemployed,permanent,2718.38,6132.15,36,391,2,0,3,0.321,0.5163,0,162.83
59,61629.03,1912.14,employed,permanent,14190.05,105003.1,120,399,0,0,0,0.4184,1.7038,1,7543.39
46,35319.02,1436.09,retired,permanent,5421.01,196848.04,36,754,0,1,1,0.5186,5.5734,0,1362.02
32,70473.01,2912.66,employed,contract,11868.24,41834.42,60,693,0,0,0,0.5296,0.5936,1,17618.25
64,65559.91,3211.07,employed,permanent,20982.62,175129.45,120,804,0,1,0,0.6518,2.6713,1,35402.35
52,85238.37,2903.61,self_employed,permanent,9569.67,412860.23,36,416,2,1,0,0.4312,4.8436,1,9500.33
25,83069.97,3262.94,employed,permanent,28954.99,424446.05,24,790,0,1,0,0.5411,5.1095,1,44857.78
43,8955.67,327.42,unemployed,freelance,3210.94,28002.98,24,641,2,1,1,0.5104,3.1268,0,249.14
38,72203.35,1821.43,self_employed,freelance,18790.76,128425.26,12,725,1,1,0,0.3548,1.7787,1,79258.48
35,60402.55,2070.91,employed,contract,18673.03,229431.59,36,769,0,0,2,0.4733,3.7984,1,27181.15
59,70178.1,2577.25,employed,freelance,17206.2,136901.98,120,433,2,1,3,0.4897,1.9508,0,3097.39
47,60063.85,2916.91,employed,permanent,12619.63,114358.77,36,479,1,0,3,0.6248,1.904,0,2154.38
52,60177.86,1897.05,employed,permanent,23269.04,297386.87,84,511,3,1,0,0.4556,4.9418,1,5416.01
67,26549.06,1312.04,self_employed,temporary,3001.69,35800.4,60,817,5,1,0,0.6156,1.3485,1,12902.84
60,24440.37,895.75,retired,temporary,1507.0,12962.39,84,712,3,0,0,0.4521,0.5304,1,5987.89
32,61868.25,1726.46,employed,permanent,7114.49,145530.44,120,656,2,1,2,0.3579,2.3523,0,25582.93
62,80245.94,2120.38,employed,permanent,19728.48,256815.64,48,752,1,1,0,0.3663,3.2004,1,115871.93
64,51479.07,1285.23,self_employed,freelance,3813.23,225372.39,84,734,1,1,0,0.3144,4.3779,1,72232.14
44,37337.81,1271.12,retired,contract,13573.25,179077.14,120,376,0,0,0,0.4812,4.7961,1,1960.24
61,53972.91,1158.95,employed,permanent,8873.67,223952.8,48,582,2,1,3,0.2906,4.1494,0,10163.5
55,40764.22,1378.39,employed,contract,13859.23,160847.41,120,836,2,1,3,0.4738,3.9458,0,4923.23
46,116038.36,5762.67,self_employed,permanent,11568.4,482907.32,36,720,0,1,0,0.6159,4.1616,1,43862.5
57,82007.06,3311.29,employed,permanent,10272.81,163472.53,12,450,1,1,0,0.5096,1.9934,1,7380.64
26,39317.08,1690.39,employed,permanent,931.4,102341.86,24,802,2,1,0,0.5207,2.603,1,21231.22
24,8637.45,209.93,unemployed,permanent,890.58,33603.14,36,814,1,1,1,0.3123,3.8904,1,3501.9
62,58020.09,2009.36,self_employed,permanent,11379.22,49934.33,36,634,2,0,0,0.4548,0.8606,1,7832.71
64,119510.73,3487.5,self_employed,contract,45229.41,253875.38,12,711,3,0,0,0.4259,2.1243,1,55791.19
50,3628.78,170.23,unemployed,permanent,564.5,9925.82,12,554,0,1,1,0.594,2.7353,0,243.84
42,47680.15,1245.45,self_employed,temporary,12201.23,163730.0,48,517,1,0,0,0.3646,3.4339,0,2041.98
61,66233.98,2266.07,employed,permanent,11331.58,210336.04,120,507,1,0,0,0.4448,3.1757,1,5484.17
29,80931.94,3074.18,employed,permanent,1514.78,360124.9,36,589,0,0,0,0.4596,4.4497,0,2531.53
51,45588.54,1633.26,employed,freelance,9182.13,141499.84,120,584,3,0,1,0.4702,3.1038,0,1022.53
62,74017.15,3334.38,employed,temporary,1951.5,405074.76,36,815,2,1,1,0.5459,5.4727,0,6926.62
49,30833.63,850.52,self_employed,freelance,10899.07,79913.09,60,531,1,0,0,0.4017,2.5918,0,996.86
58,52000.59,1655.73,retired,freelance,15663.35,176258.31,24,631,0,1,1,0.4423,3.3895,0,1371.49
50,13864.72,609.16,part_time,permanent,2099.96,7177.17,60,506,1,1,1,0.5575,0.5177,0,137.47
37,111851.98,4053.0,self_employed,permanent,28643.89,246927.65,60,660,3,1,2,0.486,2.2076,0,3935.59
55,61994.4,2018.65,employed,contract,2778.05,326471.89,24,650,2,1,1,0.3997,5.2662,1,37308.23
21,59645.01,1293.82,employed,freelance,16761.56,139251.43,36,672,0,1,1,0.3165,2.3347,1,65669.16
33,54012.36,2312.11,retired,temporary,17775.09,102219.73,48,400,3,0,0,0.5795,1.8925,0,351.07
32,119086.5,5857.7,self_employed,contract,39143.53,415546.78,120,843,0,0,0,0.656,3.4895,1,48230.03
48,86766.92,3377.41,self_employed,contract,9866.35,80954.88,24,769,5,1,0,0.4898,0.933,1,42168.72
31,22703.41,1040.17,retired,permanent,2395.18,77732.58,12,430,3,1,0,0.5709,3.4238,0,235.75
58,6074.04,218.11,unemployed,temporary,1266.8,13181.65,36,828,4,0,0,0.4726,2.1702,1,546.66
21,37579.03,1036.83,retired,contract,14547.18,97971.01,24,776,2,0,0,0.4085,2.6071,1,21662.43
51,63294.55,1345.3,employed,temporary,23305.64,307137.28,24,547,2,0,0,0.3287,4.8525,0,4141.77
32,6833.9,272.61,unemployed,permanent,983.09,28297.83,84,674,0,1,0,0.5075,4.1408,0,173.11
65,18692.81,658.28,retired,permanent,5830.88,55210.78,120,695,2,1,0,0.485,2.9536,1,3925.49
46,74117.5,3234.82,employed,permanent,27314.31,272481.11,24,377,2,1,0,0.5974,3.6763,0,887.08
68,92677.46,3808.57,self_employed,permanent,9672.8,437226.6,48,340,0,1,0,0.514,4.7177,0,3547.8
60,41350.84,2053.01,employed,freelance,13733.37,190288.73,60,557,1,0,0,0.6622,4.6018,0,1402.88
36,25115.51,897.06,part_time,permanent,2691.33,38157.23,60,480,4,1,0,0.45,1.5193,0,558.32
59,66259.87,2205.96,employed,permanent,9098.33,142793.71,84,589,1,0,1,0.427,2.1551,0,1023.45
50,89832.79,2622.81,self_employed,permanent,7144.25,216973.42,24,424,1,1,1,0.3663,2.4153,0,4209.48
53,39696.87,1379.14,employed,temporary,8051.79,60795.07,24,767,0,0,0,0.4575,1.5315,1,17863.59
43,7518.04,348.03,unemployed,temporary,2536.02,4261.89,60,534,1,0,0,0.623,0.5669,0,156.85
64,50441.36,1113.3,employed,permanent,10654.27,73483.98,48,799,2,1,0,0.3071,1.4568,1,105085.49
54,62885.16,3103.72,employed,permanent,3105.02,310988.74,36,373,0,1,3,0.6021,4.9453,0,2413.88
67,77532.8,3861.51,employed,permanent,7808.36,271563.48,60,304,2,1,2,0.6178,3.5026,0,2601.86
25,28229.86,1080.35,part_time,temporary,6355.8,67162.2,24,417,2,0,2,0.5043,2.3791,0,564.57
38,41539.67,1267.1,employed,permanent,9690.17,159757.19,48,613,2,1,0,0.4127,3.8459,1,13055.09
49,67515.16,1845.79,employed,freelance,15579.96,308482.69,120,500,5,1,0,0.3742,4.5691,1,15288.13
26,11629.4,336.06,unemployed,permanent,358.2,28484.5,48,842,1,1,0,0.3529,2.4494,1,3695.08
29,39893.1,889.41,self_employed,permanent,12026.91,122208.99,120,729,0,1,0,0.3278,3.0634,1,51934.11
60,31616.86,1096.81,part_time,contract,11501.31,26974.64,84,458,3,0,2,0.489,0.8532,0,455.62
51,73640.14,1657.29,employed,permanent,15037.87,278654.14,24,600,0,0,0,0.3109,3.784,1,41776.05
53,98530.31,4117.47,self_employed,temporary,28330.59,242408.11,12,719,3,1,1,0.559,2.4602,0,9260.08
47,50507.71,1600.15,employed,permanent,18465.93,145683.43,48,557,5,1,0,0.4533,2.8844,1,4545.69
34,50833.89,1354.63,employed,temporary,13066.81,143570.33,60,361,4,0,0,0.3712,2.8243,1,9821.11
49,111071.85,4079.1,self_employed,contract,29959.44,441871.71,12,461,5,1,1,0.4946,3.9783,0,2662.0
56,59184.04,2913.91,self_employed,freelance,17078.25,215936.49,84,385,0,0,0,0.6485,3.6486,0,1352.37
48,756.18,31.09,unemployed,permanent,78.79,2133.62,36,312,0,0,0,0.5142,2.8216,0,198.08
41,68032.82,2393.12,employed,permanent,15856.49,40360.65,60,574,0,1,2,0.4687,0.5933,0,823.74
23,41864.97,1820.85,employed,permanent,14103.05,163913.68,84,716,3,1,0,0.5893,3.9153,1,17583.29
39,78812.79,3337.17,employed,freelance,9336.56,420677.15,120,423,0,0,1,0.5318,5.3377,0,1200.02
51,26760.17,1253.51,part_time,freelance,9603.37,126643.4,84,348,2,0,2,0.6339,4.7325,0,220.07
55,83109.96,2227.58,employed,permanent,20623.97,490256.18,84,302,0,1,0,0.3713,5.8989,1,19253.25
69,78166.05,3586.57,employed,permanent,13231.16,98873.36,24,570,2,1,0,0.5845,1.2649,1,7034.94
23,41166.25,1219.07,employed,permanent,10261.64,70964.86,12,849,0,1,1,0.4052,1.7239,1,42147.65
46,61201.71,2954.77,self_employed,permanent,9837.81,212123.36,84,452,1,0,0,0.6115,3.466,0,1133.07
36,77600.81,2252.83,employed,permanent,26012.9,139475.77,84,616,5,1,1,0.4154,1.7973,1,23634.1
31,21598.85,1033.86,part_time,permanent,4167.01,14903.72,84,733,2,1,0,0.613,0.69,1,5442.91
41,88480.1,4330.56,employed,temporary,31895.78,240009.84,60,821,0,1,0,0.6594,2.7126,1,47779.25
36,45222.4,1134.03,retired,freelance,9221.9,94155.12,84,789,3,0,3,0.3417,2.082,0,8332.39
29,35852.5,1765.96,employed,freelance,9470.34,69936.92,48,498,1,1,0,0.6439,1.9507,1,3226.72
20,108598.64,2534.0,self_employed,permanent,43341.47,500000.0,24,735,2,1,0,0.3598,4.6041,1,115105.0
41,14318.51,389.58,part_time,temporary,841.73,25937.95,12,516,2,1,0,0.3383,1.8115,1,2500.53
45,42728.8,1443.73,employed,contract,12591.82,51782.14,48,809,3,1,0,0.4644,1.2119,1,23073.55
37,28893.33,1439.27,part_time,permanent,1604.99,34361.56,84,339,1,1,0,0.6089,1.1893,0,312.4
69,82573.27,2896.93,employed,temporary,27707.18,407481.12,120,788,3,0,0,0.4881,4.9348,1,37157.97
33,24336.04,897.68,part_time,permanent,5806.13,107849.16,24,548,0,1,0,0.4904,4.4317,1,1314.15
66,52459.72,2155.43,self_employed,permanent,19686.24,63590.31,24,384,1,1,0,0.5681,1.2122,0,548.52
48,54322.35,2665.88,employed,permanent,18816.32,92817.46,12,703,0,1,1,0.6582,1.7086,1,22815.39
31,53858.91,2352.62,employed,permanent,1613.01,248310.39,12,328,1,0,0,0.5302,4.6104,0,880.35
55,52967.3,1449.78,employed,temporary,2909.02,106484.94,12,336,1,1,0,0.3394,2.0104,1,15311.79
54,48360.03,1434.87,employed,permanent,11629.06,285250.74,60,806,5,0,0,0.4041,5.8985,1,41739.54
31,68487.69,1621.84,employed,permanent,14199.27,237867.02,120,831,1,0,0,0.3256,3.4731,1,107498.28
26,84522.29,3349.61,employed,permanent,5699.0,131520.39,24,559,4,0,1,0.489,1.556,0,1079.07
48,51889.53,1354.57,employed,contract,2684.96,271042.18,84,554,1,1,0,0.3236,5.2234,1,16475.96
30,24907.69,705.91,retired,permanent,5619.08,56219.53,36,385,1,1,0,0.3852,2.2571,0,1685.75
52,81121.77,3791.36,employed,temporary,1587.44,169417.99,48,711,1,0,0,0.5648,2.0884,1,28392.62
25,75798.08,2301.51,employed,temporary,26490.98,174405.83,12,687,2,0,0,0.4343,2.3009,1,24899.67
66,113429.52,4237.79,self_employed,permanent,36618.81,500000.0,24,699,2,1,2,0.5129,4.408,0,14392.05
34,44103.59,1430.24,employed,permanent,13855.05,64068.02,120,721,3,1,1,0.452,1.4527,1,18523.51
51,42933.82,987.16,employed,contract,274.73,111620.28,84,632,2,0,0,0.2772,2.5998,1,28696.97
30,64778.62,2035.14,employed,permanent,1234.45,43374.48,48,752,1,0,1,0.3808,0.6696,1,69494.5
42,26131.97,855.44,part_time,permanent,5747.35,131873.59,36,448,1,1,0,0.4368,5.0464,0,837.29
45,35766.42,1679.52,retired,contract,14226.82,84907.81,48,469,1,1,0,0.6431,2.374,0,749.27
53,67943.16,2058.44,employed,permanent,9303.22,126710.67,36,624,0,1,2,0.3909,1.865,1,26685.36
65,42136.08,1343.91,self_employed,permanent,5804.24,155457.39,84,527,4,1,2,0.4103,3.6894,0,1724.52
53,70563.31,3081.35,self_employed,permanent,3790.04,308887.74,12,625,0,1,0,0.5348,4.3775,0,2768.18
48,87518.79,3760.64,self_employed,permanent,23606.82,435049.62,60,304,0,1,0,0.5696,4.9709,1,7089.02
23,66107.11,2916.42,self_employed,contract,17099.97,159504.37,36,451,2,1,0,0.5811,2.4128,0,1014.42
36,89547.5,4356.63,self_employed,temporary,3629.27,444841.06,12,520,0,1,0,0.5919,4.9677,0,2430.26
54,59815.52,2634.1,employed,temporary,11183.4,182846.8,48,456,3,1,0,0.5658,3.0568,0,1220.66
32,53347.98,1745.65,employed,contract,14234.84,56350.54,84,557,3,1,0,0.446,1.0563,1,5185.42
60,51698.28,2315.77,employed,permanent,10205.57,266488.67,120,305,1,1,0,0.577,5.1547,0,1786.02
58,33203.38,1184.35,retired,permanent,8956.46,116609.98,48,589,5,1,0,0.482,3.512,1,2091.81
34,27193.51,786.8,self_employed,permanent,8878.9,103704.7,48,503,1,0,0,0.4125,3.8136,0,374.01
48,42735.43,1267.89,retired,permanent,11723.45,241720.22,84,577,0,0,0,0.4109,5.6562,1,3998.11
48,31437.43,860.19,part_time,freelance,7747.62,112399.29,84,433,5,1,0,0.3776,3.5753,0,1847.66
30,54504.49,1366.01,employed,contract,18609.8,28926.05,60,746,0,1,1,0.369,0.5307,1,59976.74
51,29373.15,770.0,self_employed,permanent,10581.25,155336.59,24,645,1,0,2,0.3866,5.2884,0,4225.79
21,118743.68,2692.63,self_employed,permanent,18471.12,245339.99,36,415,2,1,1,0.3032,2.0661,0,8902.47
66,18065.06,844.48,part_time,permanent,1251.91,58887.0,120,612,1,0,0,0.5748,3.2597,0,219.87
33,14912.29,715.61,part_time,permanent,4878.47,24260.45,84,720,1,1,0,0.6413,1.6269,1,3757.9
39,60126.49,2281.65,self_employed,permanent,5140.89,128274.43,24,472,2,0,1,0.4725,2.1334,0,1870.12
41,75620.64,3429.22,employed,temporary,28099.14,323396.86,48,468,2,1,0,0.6185,4.2766,0,1549.01
30,28874.91,756.16,retired,contract,264.24,82658.86,120,402,3,1,0,0.3161,2.8627,1,6690.72
46,66608.68,3139.41,employed,contract,24545.86,263052.23,60,527,2,1,0,0.6393,3.9492,0,2313.65
22,33375.72,1188.25,retired,permanent,7865.76,167868.73,12,432,0,1,0,0.4744,5.0297,1,2102.67
36,14708.57,335.24,part_time,permanent,4558.14,34925.81,60,510,1,1,1,0.3355,2.3745,0,1128.4
63,53165.79,1326.75,employed,temporary,8474.47,192772.25,84,408,4,1,1,0.3313,3.6259,0,6431.09
47,93862.7,2801.35,self_employed,contract,37234.07,448357.1,24,492,2,0,0,0.4375,4.7767,0,2060.49
48,68660.21,1517.65,employed,contract,6249.49,304382.9,48,656,0,0,0,0.2834,4.4332,1,74359.01
40,41587.81,1241.58,employed,freelance,4397.39,144273.89,120,820,2,0,0,0.3794,3.4691,1,45139.41
66,43982.73,993.19,employed,temporary,904.86,114733.76,120,725,1,1,1,0.2751,2.6086,1,83090.41
35,7688.8,213.11,unemployed,temporary,2892.44,21077.01,120,373,0,1,2,0.4078,2.7413,0,71.75
56,30708.55,877.71,part_time,permanent,5601.6,88509.52,36,395,1,0,1,0.3795,2.8822,0,623.37
39,20037.91,998.6,part_time,temporary,5409.05,48464.7,60,428,3,1,1,0.652,2.4187,0,326.93
25,67742.09,1876.69,employed,permanent,18627.47,294333.69,24,642,1,1,0,0.3874,4.3449,1,27459.93
38,24313.81,676.16,retired,permanent,8504.99,28928.18,24,670,5,0,0,0.4037,1.1898,1,8194.97
24,3736.52,152.69,unemployed,temporary,993.8,21750.27,12,700,0,0,0,0.5436,5.821,0,110.67
22,36114.86,1657.6,employed,permanent,8118.93,172788.67,36,521,1,1,2,0.5957,4.7844,0,1299.22
20,77255.18,2481.63,employed,permanent,21950.31,165318.11,120,811,0,1,1,0.4423,2.1399,1,48142.34
57,57055.54,2645.79,employed,permanent,17138.82,41879.43,24,804,0,1,0,0.6165,0.734,1,30809.99
34,30770.89,946.33,part_time,permanent,2288.47,135766.32,36,634,1,0,0,0.3839,4.4122,1,6430.5
53,92295.43,2453.18,self_employed,permanent,4048.71,418926.63,48,673,1,1,0,0.3277,4.539,1,85873.51
54,9944.93,302.8,unemployed,permanent,297.75,57679.84,84,785,0,1,0,0.3714,5.7999,1,2762.46
68,50711.23,1957.77,employed,permanent,7587.49,96117.08,60,306,0,1,0,0.4932,1.8954,0,743.01
44,2221.3,70.06,unemployed,permanent,442.48,2121.31,24,688,1,1,2,0.4183,0.955,0,69.33
43,88454.81,3578.83,employed,freelance,21782.88,489441.8,48,735,0,0,1,0.5348,5.5332,0,8553.68
31,74453.03,2065.62,employed,permanent,28531.43,143141.14,12,415,2,1,0,0.4096,1.9226,1,12115.0
37,104234.02,4302.67,self_employed,permanent,13791.74,465761.69,36,402,4,1,1,0.5218,4.4684,0,3600.34
34,35722.34,1106.21,employed,temporary,10872.08,29779.14,84,302,3,1,0,0.4325,0.8336,0,1869.51
63,31115.08,1061.94,retired,contract,6613.29,145718.65,48,843,0,1,0,0.4521,4.6832,1,11761.5
35,75854.92,2814.29,employed,temporary,6677.96,90922.93,36,379,4,0,0,0.4628,1.1986,1,5689.12
46,32408.37,1323.82,self_employed,permanent,7976.42,140189.69,120,695,2,0,1,0.5394,4.3257,0,1115.93
27,66203.7,1840.19,employed,temporary,25612.26,226938.79,120,688,0,1,0,0.4109,3.4279,1,35392.5
65,65761.91,2973.43,self_employed,contract,3269.9,378471.94,84,559,2,1,1,0.5525,5.7552,0,790.49
44,35968.91,1506.63,employed,contract,7298.52,25287.84,36,611,5,0,1,0.5432,0.703,0,1002.18
36,47978.66,1327.15,employed,temporary,990.44,101055.92,24,635,0,0,0,0.3361,2.1063,1,23591.11
48,18550.22,913.97,part_time,contract,2383.45,16366.84,36,509,0,1,0,0.6169,0.8823,0,373.38
27,41152.3,1655.28,employed,contract,10215.69,219571.68,48,810,1,1,0,0.5323,5.3356,1,22222.24
34,41366.87,1407.68,retired,temporary,13916.76,155806.51,12,747,0,1,0,0.4756,3.7665,1,12161.86
46,17575.15,446.9,part_time,permanent,5134.25,60499.52,24,344,0,0,0,0.3636,3.4423,0,468.65
65,50269.07,1829.07,employed,temporary,9306.95,61480.0,60,703,2,0,0,0.4737,1.223,1,17594.17
69,84403.12,2164.04,employed,contract,30696.49,269218.73,12,608,1,0,0,0.3804,3.1897,0,8328.86
26,69376.69,2314.42,self_employed,permanent,8400.54,186822.41,48,526,1,1,0,0.4245,2.6929,1,8485.46
22,21018.95,688.46,part_time,freelance,6339.18,47011.73,24,648,1,1,0,0.4534,2.2366,0,469.21
48,28649.03,1198.43,part_time,permanent,5431.96,135998.07,84,412,2,1,1,0.5399,4.747,0,195.87
63,111413.31,2946.27,self_employed,permanent,40047.99,93254.97,84,329,5,1,1,0.3892,0.837,0,3315.82
43,18926.34,847.99,retired,contract,6036.99,76779.84,36,575,2,1,0,0.6015,4.0568,1,1192.36
22,59653.14,1810.21,employed,permanent,21510.2,299844.22,120,661,2,0,3,0.4363,5.0265,0,4001.74
39,26047.97,879.98,part_time,permanent,2232.29,143008.31,12,386,1,1,0,0.4225,5.4902,1,2180.22
65,19326.95,838.02,part_time,permanent,5165.32,88953.09,24,735,3,1,3,0.5738,4.6025,0,1737.81
34,77482.42,3027.54,employed,permanent,22887.17,159110.63,60,321,1,0,1,0.528,2.0535,0,1692.22
44,88431.24,2636.79,employed,permanent,26261.05,336285.53,120,684,4,1,0,0.4172,3.8028,1,43932.64
49,86888.51,2788.91,employed,permanent,17516.74,111019.17,60,320,2,1,0,0.4255,1.2777,1,11651.75
33,49629.04,1476.57,employed,permanent,223.34,56767.36,60,790,2,1,0,0.3579,1.1438,1,76164.7
26,26374.52,1007.0,retired,freelance,2758.04,105825.99,84,766,0,1,2,0.4791,4.0124,1,9969.57
36,87661.98,2676.75,employed,freelance,11336.48,454184.79,24,755,3,1,0,0.3923,5.1811,1,101964.91
63,60224.57,2529.4,employed,permanent,20525.42,52387.23,12,520,0,1,0,0.5722,0.8699,1,5420.21
39,46456.37,1753.44,employed,contract,15625.8,50313.2,36,797,1,0,0,0.5202,1.083,1,20905.37
55,28260.93,708.87,part_time,permanent,1183.34,102045.7,12,458,2,0,1,0.3094,3.6108,0,1431.73
28,52019.93,1554.5,self_employed,permanent,19764.16,88442.48,36,442,3,0,1,0.4346,1.7002,0,648.13
57,49698.58,1356.38,employed,permanent,3627.15,192085.0,12,344,2,0,0,0.3421,3.865,1,11771.11
67,83358.7,2685.61,employed,freelance,13816.19,140041.87,12,750,0,0,0,0.4198,1.68,1,60168.31
41,15737.02,564.69,part_time,freelance,1354.37,17950.45,24,535,3,1,0,0.4478,1.1407,0,118.8
21,20382.54,725.9,retired,permanent,7014.3,71352.39,60,524,2,1,2,0.4962,3.5007,0,186.71
43,49805.25,2133.67,employed,permanent,14929.66,261082.77,120,707,0,0,0,0.574,5.2421,1,17431.84
27,68382.0,1801.92,employed,permanent,9670.0,291866.06,60,593,3,1,2,0.3445,4.2682,0,3824.96
30,41769.83,2023.28,employed,temporary,11392.78,208973.97,60,579,4,1,0,0.6358,5.003,0,860.96
32,60937.71,1878.89,employed,temporary,4493.96,119733.06,120,716,1,0,0,0.3847,1.9648,1,49182.83
36,84597.03,2503.28,self_employed,permanent,12936.48,454529.91,60,446,0,1,1,0.3857,5.3729,0,4099.17
27,31520.95,1286.61,part_time,contract,4754.72,81125.96,12,770,4,0,1,0.52,2.5737,1,8510.66
40,47642.83,2111.89,employed,permanent,4534.39,247193.02,60,348,0,0,0,0.551,5.1885,0,1708.46
37,48241.81,1537.57,retired,freelance,16909.95,149137.9,12,316,2,0,1,0.4526,3.0915,0,799.1
49,47919.84,2042.17,employed,temporary,13012.07,94556.25,36,448,1,1,1,0.5657,1.9732,0,949.2
37,8121.2,378.52,unemployed,permanent,909.38,15685.48,48,511,5,1,0,0.5817,1.9314,0,151.97
65,5168.08,223.25,unemployed,contract,500.52,18719.68,120,362,4,1,0,0.5377,3.6222,0,75.53
66,41307.47,901.77,employed,contract,296.64,38604.16,120,835,3,1,0,0.2634,0.9346,1,105552.15
50,74284.49,3340.2,employed,permanent,10298.27,417130.37,48,844,0,0,2,0.5673,5.6153,0,7734.83
57,45687.45,1983.86,self_employed,permanent,9626.73,91057.34,36,786,2,1,0,0.5632,1.993,1,22204.1
51,44714.29,1804.41,employed,freelance,4967.06,104896.88,12,779,2,1,0,0.5065,2.3459,1,24145.72
30,54707.76,2352.47,employed,permanent,15328.2,97552.61,120,343,0,1,0,0.572,1.7832,1,4923.7
64,87062.57,4300.88,self_employed,permanent,14339.19,44971.63,60,755,3,1,3,0.6257,0.5165,0,8133.78
44,17381.92,580.69,part_time,permanent,2199.28,74899.15,24,810,0,1,0,0.4262,4.309,1,8312.45
52,45101.38,1028.04,employed,contract,16941.12,169041.82,12,654,1,1,1,0.3487,3.748,1,40943.03
57,18368.28,629.59,retired,contract,1930.88,90978.92,12,311,1,1,0,0.4323,4.953,1,1566.85
60,60940.37,1352.12,employed,freelance,9707.99,44215.85,120,655,3,1,0,0.2981,0.7256,1,73823.16
27,33859.89,996.01,retired,temporary,5177.73,189872.92,36,436,1,1,0,0.3836,5.6076,0,515.39
30,47217.44,1791.93,self_employed,permanent,4555.51,109538.71,36,773,2,1,0,0.4747,2.3199,1,22947.68
41,19985.13,596.84,retired,temporary,1738.52,110355.57,24,352,1,0,0,0.3758,5.5219,0,302.48
43,58609.07,2392.66,employed,contract,7088.88,63838.36,60,412,2,0,1,0.5141,1.0892,0,576.74
60,99879.49,4475.39,self_employed,permanent,34527.79,458602.99,48,777,0,1,0,0.6068,4.5916,1,48541.43
36,92951.8,3076.35,self_employed,permanent,28520.69,342664.05,84,634,0,1,0,0.4585,3.6865,1,15058.19
31,82343.72,3877.35,employed,permanent,22430.41,203393.24,60,716,2,0,2,0.6195,2.4701,0,5365.47
65,35527.05,822.88,employed,temporary,6495.81,33227.85,60,366,0,1,0,0.3145,0.9353,1,11862.48
51,88153.06,3996.56,employed,freelance,17904.03,337278.09,84,619,0,0,1,0.5847,3.8261,0,1422.63
34,53777.67,2420.0,employed,temporary,5746.44,34709.15,84,553,4,0,0,0.5614,0.6454,1,4033.33
35,54644.72,1651.63,retired,freelance,1624.39,177980.67,12,700,0,1,0,0.3686,3.2571,1,42220.26
41,48894.07,1444.62,employed,permanent,6474.37,186929.23,24,599,1,0,0,0.381,3.8231,1,8727.59
47,60934.5,1811.7,employed,freelance,12079.26,275965.08,120,304,2,1,0,0.3964,4.5289,1,11363.07
39,4247.13,188.99,unemployed,contract,97.37,25280.36,12,745,1,0,3,0.5386,5.9523,0,78.73
52,54566.84,2460.41,employed,permanent,1925.84,105342.13,36,534,2,0,0,0.5481,1.9305,0,1821.39
29,105016.8,3197.79,self_employed,freelance,11048.83,238718.31,84,746,0,0,1,0.3864,2.2731,1,75158.42
59,76053.04,2898.93,employed,permanent,11167.03,180724.79,48,338,2,1,0,0.4868,2.3763,1,6844.77
51,34819.48,866.5,part_time,freelance,5478.03,157513.05,120,499,0,0,0,0.3301,4.5237,0,631.72
69,40700.04,1404.4,retired,freelance,1919.19,228937.97,24,320,2,1,0,0.4235,5.625,1,3923.08
52,35140.49,1755.79,retired,contract,3174.19,205880.42,120,373,1,1,0,0.6176,5.8588,0,785.52
21,39954.06,1017.48,employed,temporary,4181.55,227816.55,24,448,3,1,0,0.3265,5.702,1,12477.65
52,11958.74,579.65,unemployed,permanent,323.53,63819.09,60,583,0,1,0,0.5871,5.3366,0,79.19
52,65334.19,2931.81,employed,temporary,8522.18,388762.97,12,385,1,0,0,0.5646,5.9504,0,1668.8
60,73526.26,3616.73,employed,permanent,2124.07,188793.49,60,401,3,0,0,0.5961,2.5677,1,5514.47
32,57370.83,1495.72,employed,contract,16143.18,327918.31,60,830,3,0,1,0.3691,5.7158,1,67588.57
49,77032.99,2084.59,self_employed,contract,11895.37,360946.53,24,362,5,0,0,0.3556,4.6856,1,15016.81
52,86841.78,1851.93,employed,freelance,11350.3,123882.34,48,849,0,0,0,0.282,1.4265,1,170383.57
32,40809.85,1712.81,self_employed,permanent,2065.34,30609.78,36,707,1,1,0,0.5138,0.7501,1,15426.12
45,51080.49,2023.78,employed,contract,4627.97,85797.95,60,472,0,0,0,0.4936,1.6797,1,3831.04
41,43363.29,1128.61,employed,freelance,4036.35,207412.3,84,820,5,0,1,0.3309,4.7831,1,65994.59
58,9506.59,417.42,unemployed,contract,3746.37,37782.35,48,820,0,1,0,0.6057,3.9743,1,1026.71
21,38412.49,1135.47,employed,permanent,12835.14,66605.7,84,832,4,1,0,0.4215,1.734,1,32566.11
57,979.58,24.26,unemployed,permanent,5.98,4487.03,60,323,2,1,1,0.2984,4.5806,0,249.84
58,51417.18,1704.89,employed,permanent,12686.4,65673.74,48,394,4,1,0,0.4472,1.2773,1,4886.69
45,37024.96,869.59,retired,temporary,3790.02,185870.03,12,595,0,1,0,0.3023,5.0201,1,9222.99
65,63596.11,1813.21,self_employed,temporary,2655.19,309578.57,84,479,1,1,0,0.3505,4.8679,1,15402.34
69,37464.9,1186.28,employed,freelance,10574.09,219138.49,36,430,0,1,2,0.4364,5.8492,0,674.26
34,87662.04,4004.35,employed,permanent,4614.72,116286.99,24,832,1,0,0,0.5587,1.3265,1,39447.92
53,115522.6,5077.14,self_employed,permanent,20504.84,500000.0,12,307,4,0,0,0.5629,4.3282,0,2267.28
61,28336.18,956.26,retired,temporary,7165.26,67328.6,60,500,2,0,0,0.4555,2.3761,0,502.04
63,75233.91,3157.32,employed,contract,16686.72,209776.91,60,684,1,0,0,0.548,2.7883,0,4636.66
68,66821.65,2500.4,employed,freelance,26130.72,205573.32,36,825,1,0,1,0.5272,3.0764,0,6640.02
59,26786.64,824.35,retired,contract,8418.96,105752.91,120,847,2,0,3,0.4322,3.948,0,5390.35
30,49906.3,2096.3,self_employed,permanent,15454.85,298000.43,120,705,2,1,0,0.566,5.9712,1,18864.58
22,62013.42,2528.21,employed,temporary,8820.67,235636.94,84,672,1,0,0,0.5177,3.7998,1,15503.36
25,58058.03,2257.89,employed,contract,194.97,324947.15,84,463,0,0,0,0.4674,5.5969,1,4354.35
28,51017.61,1982.39,employed,permanent,14987.16,97068.92,36,822,2,0,0,0.525,1.9027,1,22957.92
25,101713.6,4145.2,self_employed,permanent,40674.54,273738.16,36,653,1,0,1,0.569,2.6913,1,22885.56
28,61480.46,1970.4,employed,permanent,9981.45,201332.98,60,708,5,1,0,0.4171,3.2747,1,42812.53
58,27061.51,1249.74,part_time,permanent,10667.85,61590.94,60,810,1,1,3,0.633,2.276,0,3414.76
50,45410.04,1161.01,employed,contract,2573.99,266682.68,24,511,1,0,1,0.3181,5.8728,0,2774.41
51,64342.92,2999.24,employed,permanent,7631.39,288980.75,36,644,3,0,0,0.5831,4.4913,0,3623.32
60,55207.72,1701.31,self_employed,permanent,3770.18,173012.57,48,310,0,1,2,0.3835,3.1338,0,1638.79
69,24107.51,590.15,part_time,permanent,4582.12,111670.23,120,635,0,0,3,0.3318,4.6322,0,1120.2
31,46890.56,1797.51,retired,temporary,14948.36,143997.8,24,639,3,0,1,0.5238,3.0709,0,1177.08
27,77290.23,2457.8,employed,permanent,10531.93,45967.54,48,557,2,0,1,0.4088,0.5947,0,5274.74
27,4250.65,189.66,unemployed,temporary,1540.82,14824.41,120,353,0,1,0,0.6079,3.4876,0,222.21
69,90956.33,3037.75,self_employed,permanent,19822.31,358233.21,12,595,1,0,1,0.4444,3.9385,0,2377.96
47,86770.95,3499.74,employed,permanent,16154.13,500000.0,36,516,1,0,0,0.5212,5.7623,0,1454.75
39,69411.81,2070.15,employed,permanent,21851.83,50279.18,24,687,2,1,2,0.4209,0.7244,0,5455.9
66,43162.56,1162.9,employed,permanent,1751.42,143150.07,84,406,1,1,0,0.3314,3.3165,1,13098.97
26,72383.97,2327.25,employed,permanent,22402.91,75268.56,120,772,1,1,0,0.4477,1.0399,1,40885.36
30,14412.8,555.35,part_time,permanent,1400.65,19017.36,24,307,3,1,0,0.4818,1.3195,0,205.91
39,82966.07,3318.17,employed,freelance,9319.17,320045.63,12,843,0,1,0,0.5024,3.8575,1,44801.68
35,23883.19,900.34,part_time,temporary,5726.75,42359.76,12,467,2,0,0,0.5003,1.7736,0,147.26
23,61588.37,3057.96,self_employed,permanent,22219.47,284566.45,12,630,1,1,0,0.668,4.6205,1,9977.32
25,30415.63,1246.74,self_employed,permanent,7037.04,101226.04,120,336,1,0,0,0.5382,3.3281,0,978.31
41,61174.45,2936.54,self_employed,freelance,15879.65,104007.02,24,530,4,1,1,0.6279,1.7002,0,786.23
45,84676.37,2055.35,employed,temporary,26303.68,272306.86,60,482,3,0,0,0.3534,3.2159,0,8323.74
22,36154.06,817.93,employed,permanent,3750.26,18252.36,48,591,0,0,0,0.2922,0.5048,1,11269.22
60,61105.65,1827.3,employed,contract,20219.46,320503.43,84,821,2,1,0,0.425,5.2451,1,49495.58
61,113460.02,2815.76,self_employed,contract,18968.71,64641.7,84,369,3,1,0,0.3312,0.5697,1,31026.32
33,56716.25,2051.49,employed,contract,3985.01,30544.79,48,536,5,1,0,0.4481,0.5386,1,5298.43
30,5138.11,184.82,unemployed,permanent,719.58,19849.91,84,763,2,1,0,0.4597,3.8633,1,554.92
37,66820.8,2512.83,employed,permanent,6578.67,391193.36,12,417,2,1,0,0.471,5.8544,1,6013.87
31,60461.55,2573.8,employed,permanent,5531.35,314861.63,84,490,2,0,0,0.5291,5.2076,0,1348.73
42,44273.09,2176.63,employed,freelance,5003.98,83503.65,60,805,0,1,0,0.6126,1.8861,1,23907.47
31,12426.78,577.21,part_time,temporary,899.35,19655.03,60,803,2,1,1,0.5719,1.5817,0,1368.83
32,7317.74,177.72,unemployed,permanent,1954.43,28858.36,12,700,3,0,0,0.3449,3.9436,1,1588.97
44,85644.36,2629.85,employed,freelance,19869.21,430320.74,36,616,1,1,0,0.4149,5.0245,1,26238.01
64,35104.59,993.28,self_employed,freelance,9105.31,87460.72,24,521,2,0,0,0.3914,2.4914,0,1037.11
38,46602.4,1211.22,employed,freelance,6407.36,134119.39,120,488,4,1,0,0.3394,2.878,1,13471.82
65,20515.28,753.34,part_time,contract,6316.52,23288.79,36,591,0,1,0,0.5022,1.1352,0,491.71
55,101830.51,3764.7,self_employed,freelance,5279.25,136508.41,120,522,0,0,0,0.454,1.3405,0,2291.5
64,49809.32,1367.83,employed,permanent,11379.17,180605.3,120,716,0,1,0,0.3752,3.6259,1,52216.11
27,108795.17,4525.55,self_employed,contract,11987.18,115824.3,60,706,1,1,1,0.5212,1.0646,0,9212.76
48,38022.68,1604.94,employed,contract,8024.46,61264.18,12,337,3,1,0,0.5487,1.6113,0,541.91
51,33642.0,721.46,part_time,permanent,4355.12,60243.52,24,752,1,0,1,0.2832,1.7907,1,39385.36
63,65841.09,2131.69,employed,permanent,20819.26,193677.16,48,506,0,1,1,0.4518,2.9416,1,5925.7
37,87583.88,4098.55,self_employed,freelance,31224.42,65763.74,84,699,0,1,0,0.6329,0.7509,1,23647.65
25,55222.92,1988.54,employed,permanent,16403.0,179404.93,60,486,3,0,0,0.4915,3.2487,0,2057.68
37,9383.93,290.64,unemployed,contract,659.07,52622.35,24,659,2,1,0,0.3857,5.6077,1,1287.1
38,1998.8,56.43,unemployed,permanent,219.76,1268.34,24,305,4,1,0,0.3608,0.6346,1,500.0
41,29646.62,828.06,self_employed,permanent,10902.34,117709.44,36,432,3,0,0,0.4087,3.9704,0,1468.24
56,62574.11,1485.71,self_employed,permanent,10943.46,318948.56,48,772,1,0,0,0.3199,5.0971,1,91283.74
51,49586.74,2215.0,retired,permanent,18668.03,110009.9,36,812,2,0,1,0.6113,2.2185,1,15619.82
60,76520.98,1787.59,employed,temporary,12012.32,93612.09,36,382,2,0,2,0.3117,1.2234,0,6103.48
22,63443.58,1862.61,employed,temporary,24153.6,46844.76,36,676,2,0,3,0.4284,0.7384,0,4805.67
47,66467.58,1473.29,employed,permanent,24612.65,268626.52,36,634,1,0,0,0.34,4.0415,1,31904.44
29,14987.54,653.81,part_time,permanent,3959.87,53015.26,60,401,0,1,0,0.5763,3.5373,0,200.94
54,81237.48,1785.53,employed,permanent,286.83,143069.15,48,587,2,1,1,0.2645,1.7611,1,34436.57
48,9443.52,281.66,unemployed,permanent,1512.23,47915.43,36,330,3,1,0,0.3899,5.0739,0,182.44
34,87364.69,3280.94,self_employed,contract,31843.91,397097.41,120,613,1,1,0,0.5236,4.5453,0,1457.49
52,60640.51,1987.73,employed,permanent,21469.42,122515.56,60,453,1,1,0,0.4642,2.0204,1,5457.65
26,88045.26,2559.14,employed,permanent,6599.44,408837.87,120,452,3,1,0,0.3638,4.6435,1,21585.18
31,83346.76,2405.36,employed,permanent,13308.23,153980.49,84,531,2,0,0,0.3783,1.8475,1,15214.95
68,70443.68,3106.72,employed,permanent,23542.56,296847.63,60,420,1,0,0,0.5961,4.214,0,1841.39
49,55449.05,2730.37,employed,permanent,12817.11,63877.18,24,484,1,1,0,0.6371,1.152,1,4990.41
40,68991.23,2137.66,employed,permanent,23382.49,297167.1,24,755,5,1,0,0.4396,4.3073,1,45004.36
50,39291.31,863.43,retired,contract,12990.77,71245.33,12,687,2,1,0,0.3298,1.8133,1,28087.0
43,21067.57,461.38,part_time,freelance,7647.38,76866.75,60,525,0,1,0,0.3354,3.6486,0,1626.65
39,51867.07,2229.09,employed,contract,2431.96,75132.11,120,494,0,0,0,0.5251,1.4486,0,1271.69
56,57385.59,2120.06,employed,permanent,3333.3,257823.02,12,325,0,0,0,0.4549,4.4928,0,1357.67
23,66565.13,2908.11,employed,permanent,2204.88,55571.08,60,493,3,1,0,0.5309,0.8348,1,5990.86
47,65672.81,2704.21,self_employed,temporary,24568.69,92585.38,36,318,2,0,2,0.5689,1.4098,0,590.11
63,27752.26,1312.74,retired,contract,5274.73,41982.25,36,836,4,0,2,0.6056,1.5128,0,2593.02
39,76852.98,3586.72,employed,freelance,1977.44,55902.07,12,563,0,1,0,0.5652,0.7274,1,6916.77
43,64230.71,2814.99,employed,permanent,8260.84,295305.11,36,814,0,0,0,0.5516,4.5976,1,28903.82
69,20503.98,711.34,retired,permanent,2882.14,120875.86,36,770,2,0,0,0.4444,5.8952,1,7182.13
68,59990.07,1788.93,self_employed,temporary,19426.22,286823.79,120,538,0,0,0,0.4226,4.7812,1,6268.36
51,83670.24,2980.47,employed,contract,24615.01,437886.18,24,588,2,1,0,0.4863,5.2335,1,7530.32
60,96747.47,3432.32,self_employed,contract,26678.58,51570.48,36,667,2,0,0,0.4809,0.533,1,21768.18
55,52778.57,2039.0,employed,temporary,461.57,60604.83,24,711,1,0,0,0.4653,1.1483,1,18472.5
53,86600.07,2274.22,employed,freelance,31546.53,309561.64,48,321,4,1,2,0.388,3.5746,0,7863.39
55,919.23,36.73,unemployed,temporary,79.26,5403.49,60,653,3,0,0,0.4967,5.8783,0,225.73
21,53565.68,1829.31,retired,freelance,13478.44,221436.3,24,841,1,1,0,0.4601,4.1339,1,20247.83
34,48513.78,1888.28,employed,freelance,1199.63,124086.21,84,719,1,1,0,0.472,2.5578,1,20375.79
53,12209.17,339.68,part_time,contract,398.15,15918.57,84,614,2,0,0,0.3404,1.3038,1,3507.45
55,58859.44,1971.98,employed,permanent,225.49,78906.75,24,628,1,1,0,0.4028,1.3406,1,20596.1
25,4307.65,116.15,unemployed,permanent,975.13,10748.2,24,769,0,0,1,0.3688,2.4951,1,1017.29
58,64649.9,2997.37,employed,temporary,16275.73,286137.62,84,762,2,0,0,0.6067,4.426,1,29092.46
61,47480.6,1664.93,retired,permanent,958.39,32049.69,60,739,0,0,0,0.4248,0.675,1,17495.65
31,31375.91,859.55,part_time,contract,3645.69,162746.12,60,547,5,0,0,0.352,5.187,0,1926.97
22,57067.65,1257.5,employed,permanent,19436.2,324060.53,60,470,0,1,0,0.3325,5.6785,1,17205.9
64,21886.45,887.33,part_time,permanent,886.91,117934.93,84,578,1,0,1,0.4946,5.3885,0,324.03
37,23482.58,636.23,retired,contract,2034.03,129662.54,36,447,0,0,0,0.3424,5.5216,0,665.68
59,19759.26,981.96,retired,permanent,3354.26,11546.64,24,442,2,1,0,0.6303,0.5844,0,370.72
40,70266.82,2557.68,employed,permanent,23673.57,413018.37,60,370,0,0,0,0.5042,5.8779,0,1872.8
34,20384.19,596.48,retired,permanent,2077.96,51265.51,48,610,4,1,0,0.3715,2.515,1,6600.81
52,45151.71,1806.77,retired,temporary,18008.98,238448.26,84,766,1,1,0,0.56,5.281,1,17067.35
54,64649.96,1865.84,employed,permanent,9187.06,98749.5,60,340,4,0,1,0.3747,1.5274,0,5546.6
45,16567.41,741.52,part_time,contract,2560.98,48971.47,120,655,0,1,0,0.568,2.9559,1,2982.13
27,64673.76,1928.8,employed,permanent,3158.83,48046.4,120,443,1,1,0,0.3677,0.7429,1,15401.41
55,45064.87,2237.8,employed,freelance,12261.21,32465.54,12,578,2,1,1,0.6503,0.7204,0,409.99
67,66680.03,2566.07,self_employed,permanent,6493.71,379277.25,12,770,2,1,0,0.4813,5.688,1,32406.49
49,100958.23,4589.76,self_employed,permanent,25395.74,500000.0,24,357,1,1,0,0.5959,4.9525,0,3306.29
42,68882.33,1581.34,self_employed,permanent,6148.65,235167.25,24,467,3,1,0,0.2933,3.414,1,23065.52
61,43178.46,1338.19,employed,permanent,6699.09,146375.84,24,465,1,0,0,0.4029,3.39,0,3006.83
63,28648.06,1213.06,part_time,temporary,9816.8,132301.05,120,672,1,0,1,0.5767,4.6182,0,592.31
33,45272.26,1808.14,employed,permanent,13380.78,107710.78,120,381,2,1,0,0.5384,2.3792,0,1087.4
33,75620.24,2003.84,employed,permanent,4676.08,354680.18,36,433,4,0,1,0.3304,4.6903,0,2344.27
21,61364.38,1915.95,employed,temporary,14916.65,194374.5,84,663,2,0,0,0.4233,3.1675,1,23533.24
56,68105.47,1942.17,self_employed,permanent,17125.55,273003.89,12,784,0,1,0,0.3925,4.0085,1,71163.41
24,31583.01,1223.0,part_time,permanent,1144.17,183388.7,12,345,2,0,0,0.4719,5.8066,0,666.13
57,92317.33,2851.06,self_employed,contract,17200.77,285466.93,24,561,2,1,0,0.4079,3.0922,1,13773.93
64,19217.7,573.6,retired,freelance,2003.78,53833.11,84,768,0,1,0,0.379,2.8012,1,17579.58
60,51289.59,1378.76,employed,permanent,9583.57,281150.07,12,521,1,1,2,0.36,5.4816,0,4311.7
66,107737.46,3529.83,self_employed,permanent,33487.86,500000.0,12,391,0,1,0,0.4553,4.6409,0,3899.64
33,36007.94,955.49,employed,freelance,2279.44,214546.21,36,318,0,1,0,0.3311,5.9583,1,10947.13
58,64988.94,3178.5,employed,permanent,3205.36,229394.48,48,569,3,1,3,0.5968,3.5297,0,2491.28
44,75030.41,1901.24,employed,freelance,8082.77,179580.67,24,714,1,0,0,0.3256,2.3934,1,91597.12
39,84076.33,3991.22,self_employed,permanent,32025.53,153199.29,48,546,0,1,0,0.6458,1.8221,0,1041.21
21,97250.56,3241.41,self_employed,contract,29090.53,66862.67,48,601,0,1,0,0.4598,0.6875,1,15754.59
58,8708.3,277.4,unemployed,permanent,67.77,39161.29,36,315,0,1,0,0.3838,4.497,1,500.0
25,73061.69,2015.05,employed,freelance,11719.24,130350.75,120,802,5,0,3,0.363,1.7841,1,90085.06
36,80184.69,3157.37,employed,permanent,8255.75,307630.56,12,694,1,1,0,0.4931,3.8365,1,24055.41
44,86340.61,3525.11,self_employed,temporary,22039.12,478435.6,24,483,0,1,3,0.541,5.5413,0,2333.98
47,57133.02,1969.42,employed,permanent,10496.31,327153.66,60,740,3,0,0,0.4504,5.7262,1,19996.56
21,35460.64,796.38,retired,permanent,13680.69,18590.44,120,549,2,1,0,0.3467,0.5243,1,6849.51
54,93088.85,4433.19,self_employed,contract,8153.78,208883.25,48,675,2,0,0,0.589,2.2439,0,7510.56
56,83196.83,4112.11,employed,temporary,19563.12,424768.0,84,757,0,1,0,0.6401,5.1056,1,44926.29
24,18261.03,610.02,part_time,freelance,5114.62,63008.75,48,387,1,1,1,0.4569,3.4504,0,348.37
20,57497.3,2226.97,self_employed,permanent,18987.09,284111.3,36,645,3,1,2,0.5308,4.9413,0,3531.69
59,86190.67,2927.64,employed,contract,14030.84,447612.12,48,689,2,1,0,0.4402,5.1933,1,30925.21
31,79958.62,2416.47,self_employed,permanent,21970.13,234634.11,48,479,1,1,0,0.4176,2.9344,0,3934.03
55,44842.9,1035.35,employed,freelance,5438.57,110959.55,48,675,0,0,3,0.3013,2.4744,0,16099.67
64,42556.72,1452.69,retired,freelance,7412.97,127877.96,36,482,4,0,0,0.4445,3.0049,0,899.32
42,54658.2,2443.38,retired,permanent,19581.35,223572.46,12,628,4,0,0,0.6081,4.0904,1,5739.11
66,30939.43,659.94,part_time,freelance,11755.84,77948.04,84,789,2,1,0,0.332,2.5194,1,33681.9
50,95845.41,3624.06,self_employed,contract,27558.14,456457.59,48,499,2,1,1,0.5112,4.7624,0,2487.97
30,46442.57,2160.63,employed,permanent,6954.35,254131.9,24,778,1,0,0,0.5882,5.472,1,20899.16
29,10513.68,285.75,unemployed,temporary,3448.73,21581.55,84,754,5,1,0,0.3918,2.0527,1,2457.17
22,63918.39,1673.27,employed,permanent,661.35,371202.41,48,739,2,1,0,0.3162,5.8074,1,98684.88
33,109482.55,4746.95,self_employed,contract,4499.55,429717.79,48,798,0,1,0,0.5285,3.925,1,53208.52
35,56333.64,1592.74,self_employed,permanent,14903.04,300254.26,24,455,0,1,2,0.3922,5.3299,0,3798.7
29,38412.81,1015.36,employed,permanent,4475.07,41160.88,36,758,5,1,1,0.3405,1.0715,1,66169.91
48,61178.68,1949.03,employed,permanent,23281.82,115214.46,60,482,4,1,0,0.4584,1.8832,1,5506.08
29,27983.99,903.36,retired,temporary,4881.09,63400.67,24,735,2,0,0,0.4223,2.2656,1,10654.34
31,44463.48,2059.9,retired,contract,7636.42,96286.64,120,345,0,0,0,0.5903,2.1655,0,941.12
49,87640.86,3406.71,employed,freelance,23770.99,126661.76,60,543,2,1,0,0.5207,1.4452,0,3623.99
60,73003.58,2385.31,employed,permanent,22414.1,385101.57,12,455,2,1,1,0.4535,5.2751,0,1183.16
20,83781.37,3051.29,employed,permanent,15937.19,234786.13,12,693,0,1,1,0.4751,2.8024,1,25134.41
24,34761.89,1691.42,retired,contract,2975.63,201522.19,48,548,3,0,0,0.601,5.7972,0,725.76
39,77440.24,1869.05,employed,temporary,23954.08,287233.44,84,554,1,1,1,0.3515,3.7091,0,6959.82
27,10116.52,272.05,unemployed,permanent,1296.34,12758.66,48,661,1,0,0,0.3483,1.2612,1,1534.68
62,74098.16,3623.93,employed,permanent,5190.15,259527.02,36,676,1,0,2,0.6009,3.5025,0,2237.08
31,73238.84,3570.78,self_employed,temporary,18504.24,436832.94,60,452,2,0,0,0.6356,5.9645,0,2021.84
20,69422.64,1805.03,employed,permanent,2511.81,250507.73,12,539,0,1,0,0.3192,3.6084,1,22592.9
39,43918.76,1100.85,retired,contract,17064.24,22410.93,12,759,2,1,0,0.3785,0.5103,1,40341.14
47,48919.64,1619.97,employed,temporary,12374.66,275512.45,48,451,0,0,0,0.448,5.6319,0,1055.12
62,101910.03,2270.91,self_employed,contract,40189.06,182614.54,48,739,3,1,0,0.3463,1.7919,1,118416.6
56,87267.85,3485.01,employed,temporary,11829.8,374109.4,36,539,3,1,0,0.5063,4.2869,0,833.37
66,5582.87,128.93,unemployed,permanent,2168.84,18607.38,48,482,1,0,0,0.3548,3.3329,0,185.43
56,43939.49,989.77,retired,contract,2558.37,100616.41,120,609,0,0,0,0.282,2.2899,1,20115.5
31,75536.42,2642.61,employed,temporary,1229.57,155190.89,84,558,2,1,0,0.4231,2.0545,1,10455.75
56,42503.16,2072.83,retired,permanent,560.77,238365.34,48,759,1,0,0,0.5879,5.6082,1,13388.5
68,76975.94,2561.88,self_employed,temporary,14313.53,424567.91,84,730,4,1,0,0.4366,5.5156,1,36894.88
68,83490.64,2607.47,employed,permanent,2772.03,277376.08,120,799,1,0,1,0.3814,3.3222,1,89117.91
63,59690.97,2980.99,employed,contract,12228.72,114709.54,84,375,3,1,0,0.6403,1.9217,0,1277.17
47,38360.66,1394.38,employed,permanent,5025.25,40772.82,36,596,0,1,0,0.4624,1.0629,1,3452.46
66,10134.68,322.06,unemployed,contract,1360.6,13795.02,48,661,3,1,0,0.4082,1.3612,0,480.66
34,8087.78,259.52,unemployed,permanent,2056.27,27275.1,84,482,2,1,0,0.4359,3.3724,0,150.05
25,81709.22,2166.9,employed,permanent,5330.64,179193.61,84,358,1,1,0,0.3313,2.1931,1,24811.82
63,38162.01,1365.18,self_employed,freelance,11701.29,27910.73,120,705,4,1,1,0.4906,0.7314,0,5385.3
39,19137.86,643.67,retired,contract,4455.53,57479.04,48,826,4,0,0,0.4502,3.0034,1,6028.43
69,33490.61,962.24,part_time,permanent,12256.82,154192.15,48,486,4,1,0,0.418,4.604,1,2965.93
33,39034.19,995.99,self_employed,permanent,5696.5,210953.38,60,324,2,1,0,0.3354,5.4043,1,10408.54
21,30622.0,915.94,part_time,permanent,12037.08,113885.12,12,598,1,1,0,0.4376,3.7191,1,2063.68
28,103204.94,3681.31,self_employed,temporary,23771.3,462162.73,24,491,0,1,0,0.4741,4.4781,1,8359.6
56,73978.79,1667.09,employed,contract,28804.44,185123.61,12,430,0,0,0,0.3483,2.5024,0,8298.46
39,22856.7,578.68,retired,contract,247.41,73811.37,60,803,2,1,1,0.306,3.2293,1,33522.55
45,71706.92,3475.87,employed,temporary,20880.38,323609.58,24,506,0,1,0,0.6399,4.5129,0,2315.71
48,83899.76,3076.32,employed,contract,27405.74,377726.81,12,537,0,1,0,0.5053,4.5021,0,1335.49
20,58404.24,1324.84,employed,permanent,1242.22,165569.86,36,491,1,1,0,0.2765,2.8349,1,23496.03
54,33300.12,1366.92,retired,permanent,7711.9,116223.09,120,327,0,1,0,0.5389,3.4902,0,636.87
25,34385.76,778.35,retired,temporary,11030.16,191913.95,60,406,1,1,0,0.3358,5.5812,0,2287.07
56,39524.95,1675.22,employed,freelance,8870.01,157150.68,36,522,2,1,0,0.5535,3.976,0,862.86
24,84061.41,3590.03,employed,contract,2145.7,339117.21,36,679,2,1,0,0.5176,4.0342,1,25218.42
52,82805.06,3297.56,employed,temporary,22968.38,398740.45,12,728,1,0,0,0.5334,4.8154,1,28981.77
68,119801.39,5054.34,self_employed,temporary,2903.84,135821.94,120,383,1,1,3,0.5111,1.1337,0,4352.71
33,67185.07,1572.06,employed,freelance,21968.68,226807.63,84,797,1,0,2,0.3462,3.3759,1,92997.57
31,45794.09,1924.78,retired,permanent,788.28,264546.71,24,536,0,1,1,0.5078,5.7769,0,1041.24
61,46146.95,1145.37,employed,permanent,2536.19,114865.86,84,448,2,1,0,0.3088,2.4891,1,15881.93
39,71714.09,2204.17,employed,freelance,7891.64,152184.03,48,334,2,1,1,0.3908,2.1221,0,3896.03
69,70735.31,3418.64,employed,contract,17920.5,269264.13,48,396,0,0,2,0.6306,3.8066,0,1909.13
43,84566.48,3002.16,employed,permanent,33026.9,145129.34,60,532,2,0,1,0.5041,1.7162,0,1389.28
62,31108.23,1525.86,part_time,permanent,1466.1,110673.7,36,706,3,1,0,0.598,3.5577,1,7839.27
53,86615.66,2029.14,employed,permanent,4944.29,117458.29,60,824,2,1,0,0.2925,1.3561,1,194105.69
44,82785.84,2877.81,employed,permanent,12214.9,305385.71,12,788,0,1,2,0.4467,3.6889,1,47654.84
69,82778.16,1875.21,employed,freelance,27688.27,315640.2,120,703,1,1,3,0.3387,3.8131,1,112157.78
48,38504.78,1509.94,employed,permanent,7196.25,107859.69,120,522,0,1,0,0.508,2.8012,0,414.7
58,81527.91,1885.66,employed,contract,10488.1,212388.79,36,702,1,1,0,0.3033,2.6051,1,134706.94
50,68411.31,1775.15,employed,permanent,15357.08,126562.33,48,750,0,1,1,0.3563,1.85,1,106171.62
66,61142.22,1735.37,self_employed,temporary,6371.59,141854.4,12,483,2,1,2,0.3614,2.3201,0,2282.47
62,30368.89,1295.89,self_employed,permanent,4873.11,98422.62,12,576,1,0,0,0.5442,3.2409,1,2049.9
69,72272.06,1851.29,employed,contract,9615.22,134579.53,84,685,2,0,0,0.334,1.8621,1,59985.81
42,53051.1,2415.25,employed,temporary,17064.23,254941.81,60,792,1,1,0,0.6107,4.8056,1,28647.59
63,22758.85,561.7,part_time,temporary,8414.0,100131.97,120,594,0,0,0,0.3701,4.3997,1,2660.74
57,72495.06,1584.84,employed,permanent,22026.09,143625.93,60,360,0,1,0,0.3231,1.9812,1,23083.88
39,85147.6,2754.99,employed,permanent,14954.77,88203.84,84,445,1,1,0,0.4234,1.0359,1,11740.15
42,80399.03,3971.74,employed,permanent,16219.22,40279.13,120,825,1,1,2,0.6332,0.501,1,43415.48
64,59782.84,1437.88,employed,permanent,2990.9,226095.93,24,482,0,1,0,0.2986,3.782,1,21672.48
35,4653.4,110.75,unemployed,temporary,1390.18,7736.28,48,614,0,1,0,0.3453,1.6625,1,518.31
69,48187.89,2059.66,employed,temporary,11497.16,27428.72,48,335,0,0,1,0.5606,0.5692,0,591.74
61,4469.12,133.8,unemployed,temporary,1613.25,11060.93,60,355,2,0,0,0.4315,2.475,0,82.32
27,41107.55,1716.41,employed,temporary,3298.65,238053.47,48,340,2,0,0,0.5171,5.791,0,919.6
69,88410.8,2357.65,employed,permanent,26867.2,379696.58,48,682,2,0,0,0.3808,4.2947,1,52692.84
40,6887.01,235.89,unemployed,permanent,1886.14,35934.35,12,468,3,1,0,0.4658,5.2177,0,114.14
20,42029.32,1200.82,employed,permanent,4469.32,54472.73,84,470,3,1,0,0.3641,1.2961,1,10281.21
27,58516.57,1989.73,self_employed,contract,15621.08,52845.43,84,755,0,0,0,0.4614,0.9031,1,23699.21
48,65087.15,2816.02,employed,temporary,24065.93,36670.99,36,790,1,1,0,0.5931,0.5634,1,35147.06
51,6394.63,275.34,unemployed,permanent,2349.22,36808.4,36,593,0,1,0,0.5902,5.7561,0,190.68
57,36952.69,1325.74,employed,permanent,10636.86,79489.49,24,563,1,1,0,0.4881,2.1511,1,3325.74
24,53181.12,2547.95,retired,contract,1022.63,160993.99,36,546,2,0,0,0.5788,3.0273,0,1094.83
66,50145.66,1430.51,employed,contract,17496.11,133882.89,84,447,2,1,2,0.4121,2.6699,0,1643.8
41,18598.83,517.84,retired,temporary,4893.56,84020.46,48,740,0,1,1,0.3867,4.5175,1,12390.61
66,39204.42,1518.62,employed,permanent,4868.16,86438.17,84,661,2,1,2,0.4897,2.2048,0,2114.64
53,6962.34,271.21,unemployed,permanent,521.48,23985.2,12,521,3,0,0,0.4824,3.445,0,77.62
20,42578.2,944.84,employed,freelance,1979.1,254434.65,84,407,0,1,0,0.2756,5.9757,0,7952.45
45,12959.67,499.73,part_time,contract,260.42,38131.88,36,514,2,1,0,0.4667,2.9423,0,142.74
62,55879.46,1774.42,employed,permanent,16855.55,197365.89,48,429,4,1,0,0.4414,3.532,1,5894.17
29,69251.87,2952.47,employed,contract,6533.03,226031.48,84,599,0,0,0,0.5305,3.2639,0,1137.79
49,41151.19,1827.24,employed,contract,399.21,202361.96,48,734,0,0,0,0.5348,4.9175,1,14402.92
69,52233.03,1929.37,employed,permanent,8300.26,102774.66,60,661,2,1,0,0.475,1.9676,1,15669.91
37,57976.84,1210.73,employed,permanent,11192.01,83336.44,120,523,1,1,0,0.2892,1.4374,1,21998.73
36,15667.58,617.21,part_time,permanent,1060.57,72815.27,84,786,4,0,1,0.4863,4.6475,0,2050.47
45,23639.7,1008.84,part_time,permanent,416.52,65857.84,60,673,2,0,2,0.5156,2.7859,0,549.2
27,39686.77,1115.01,employed,contract,3002.31,219288.97,36,407,1,0,0,0.3523,5.5255,0,2889.93
66,13069.93,449.42,part_time,permanent,3550.33,52840.11,60,650,1,1,2,0.467,4.0429,0,269.56
59,74384.36,3644.86,self_employed,contract,2447.06,268072.84,48,722,0,0,0,0.5946,3.6039,1,23431.07
68,48634.33,1436.09,employed,freelance,10797.54,43163.64,48,691,2,1,0,0.3987,0.8875,1,29559.95
31,1144.49,31.29,unemployed,permanent,67.03,5169.97,60,375,2,0,0,0.3398,4.5173,0,248.47
46,65271.7,1761.24,self_employed,permanent,5109.19,278920.47,120,549,1,0,0,0.3395,4.2732,1,14142.75
27,33048.24,1227.14,part_time,contract,5196.21,132867.0,12,540,4,1,0,0.477,4.0204,0,334.21
44,74830.58,3631.94,employed,contract,3017.93,147678.33,60,525,2,1,0,0.5905,1.9735,0,1869.02
65,102483.51,3954.51,self_employed,contract,7100.2,500000.0,12,772,0,1,0,0.4769,4.8788,1,49806.99
23,82955.27,2462.13,employed,permanent,11578.98,188234.07,120,562,4,1,0,0.3841,2.2691,1,17306.13
52,88494.53,3491.84,employed,permanent,11669.56,118341.1,60,314,2,1,2,0.4999,1.3373,0,2014.92
20,76978.56,3006.62,employed,temporary,23071.14,456452.56,48,640,3,0,0,0.5286,5.9296,0,1652.13
38,25993.38,994.08,part_time,freelance,777.54,119682.74,84,795,0,1,0,0.4649,4.6044,1,8421.86
50,31520.76,803.25,retired,permanent,10848.82,87669.57,48,740,0,0,0,0.3746,2.7813,1,19368.25
35,24720.8,972.55,retired,freelance,8071.16,139611.72,60,849,1,1,0,0.5374,5.6475,1,9344.46
33,90232.69,3011.95,self_employed,permanent,27646.99,90336.06,24,336,1,1,0,0.4618,1.0011,1,7308.85
67,89722.25,1917.87,employed,freelance,11103.03,88119.51,12,474,3,1,0,0.2813,0.9821,1,35320.06
24,60704.73,2220.36,employed,temporary,19981.13,258206.39,24,735,0,0,2,0.5047,4.2535,0,5976.18
60,74802.37,3716.7,employed,permanent,5469.61,110621.21,48,592,0,0,2,0.6109,1.4788,0,2089.67
45,62230.08,1931.25,employed,temporary,3096.8,345020.2,120,600,1,1,1,0.3824,5.5443,0,10937.55
47,5183.2,253.95,unemployed,permanent,93.21,26548.22,12,638,0,0,0,0.5915,5.122,0,247.16
21,63979.03,1512.42,self_employed,permanent,24038.47,139795.44,84,322,0,0,2,0.3588,2.185,0,5386.72
69,62754.36,2648.01,employed,permanent,7731.61,338159.26,120,649,0,0,1,0.531,5.3886,0,2664.35
25,55179.26,1333.57,employed,permanent,20253.39,40605.44,60,365,0,1,0,0.3634,0.7359,1,13567.48
28,76182.53,2195.01,employed,permanent,8307.36,267972.67,12,694,1,1,0,0.3676,3.5175,1,60519.4
52,83084.96,3114.26,employed,contract,30162.03,469064.06,12,732,3,0,0,0.5224,5.6456,1,29079.74
60,32306.36,1231.61,part_time,temporary,11681.06,168141.89,120,328,2,1,0,0.5298,5.2046,0,457.48
44,46631.38,2025.84,self_employed,permanent,17228.92,114638.74,36,382,1,0,0,0.5952,2.4584,0,740.0
67,51148.64,1983.54,retired,contract,10151.03,77018.98,84,775,1,1,1,0.5051,1.5058,0,3239.26
32,53785.32,2051.75,employed,temporary,18630.08,89174.62,12,734,1,0,0,0.527,1.658,1,18824.86
28,52011.92,2467.63,employed,freelance,19780.46,173188.94,84,432,3,1,0,0.6454,3.3298,0,2001.42
32,74971.58,2550.63,employed,temporary,9734.82,283561.35,48,414,2,1,0,0.4342,3.7823,0,1544.93
50,29273.76,802.21,retired,permanent,4904.81,19920.17,84,333,0,0,2,0.3624,0.6805,0,1606.92
60,19959.76,510.02,retired,permanent,5742.34,55379.02,24,377,4,0,1,0.3642,2.7745,0,1111.97
30,55548.98,1805.33,employed,temporary,6673.87,281473.86,24,574,3,1,0,0.414,5.0671,0,1917.05
23,93539.23,3893.29,self_employed,permanent,28204.3,275361.65,84,643,0,1,0,0.5598,2.9438,1,15153.36
53,52982.71,1169.55,employed,permanent,1566.0,75789.89,60,380,1,1,2,0.2708,1.4305,0,8405.51
57,84808.11,2086.06,self_employed,permanent,17758.76,487793.49,36,371,2,1,0,0.337,5.7517,1,22394.43
65,27182.75,650.44,part_time,permanent,1329.93,53400.93,24,444,0,0,0,0.2969,1.9645,1,4968.73
23,94704.92,3589.61,self_employed,permanent,11111.67,463235.43,120,337,1,0,0,0.4783,4.8914,1,6392.58
57,110227.39,3077.21,self_employed,permanent,11403.04,172601.53,24,773,2,0,0,0.3557,1.5659,1,128837.08
38,58791.05,1509.91,employed,permanent,19728.68,166228.75,12,470,3,1,0,0.3753,2.8274,1,13196.24
25,44153.76,1683.25,employed,temporary,3417.81,141173.88,84,339,5,1,1,0.473,3.1973,0,1224.33
53,52540.91,2261.27,employed,temporary,16990.64,170941.54,48,472,0,0,3,0.5811,3.2535,0,1665.07
37,58769.2,1793.71,employed,permanent,18664.17,196324.76,84,723,2,1,0,0.4298,3.3406,1,34655.02
32,8566.7,322.94,unemployed,permanent,1709.51,14882.17,84,498,3,0,0,0.4923,1.7372,0,102.11
60,157.47,3.73,unemployed,permanent,14.73,1000.0,48,521,2,1,2,0.303,6.3504,0,91.55
42,52368.2,2519.42,employed,permanent,4752.86,164929.46,60,749,2,1,0,0.5955,3.1494,1,21994.64
38,46854.18,1436.52,retired,permanent,8713.47,77213.68,48,727,0,1,0,0.4051,1.648,1,26145.19
64,71897.17,3589.63,employed,permanent,253.34,426713.56,24,747,3,0,1,0.5998,5.9351,0,3870.89
30,75245.7,3715.29,employed,temporary,15992.74,395837.43,12,731,2,0,0,0.635,5.2606,1,26336.0
20,79649.59,3468.66,employed,temporary,30355.4,428647.8,48,621,0,0,0,0.5988,5.3817,0,3727.95
43,78077.96,1672.32,employed,permanent,4831.68,333442.92,36,451,4,1,1,0.2694,4.2706,0,10536.19
26,72520.07,2660.38,employed,permanent,16631.63,100036.63,36,344,5,0,0,0.4861,1.3794,0,799.66
44,59181.38,1382.84,employed,temporary,22767.76,214503.29,36,623,1,1,1,0.3573,3.6245,1,30402.66
40,89097.91,4182.39,employed,contract,30668.29,447086.0,48,711,3,1,2,0.6321,5.0179,0,13895.5
34,25088.68,1100.5,part_time,contract,8533.97,17889.5,12,560,2,0,0,0.5944,0.7131,0,295.26
20,46152.31,2270.38,employed,temporary,15172.11,148939.83,48,518,1,1,0,0.6561,3.2271,0,1410.95
31,51104.71,1971.51,employed,permanent,6317.02,136892.95,24,346,1,1,2,0.4877,2.6787,0,889.38
26,73145.94,2637.89,employed,permanent,26058.0,121911.32,48,602,5,1,1,0.504,1.6667,0,4683.41
34,112850.26,4059.23,self_employed,contract,42492.2,291195.99,120,489,1,0,0,0.5069,2.5804,0,2385.83
40,44829.61,1439.24,employed,permanent,8890.47,264908.76,120,635,1,0,0,0.4249,5.9092,0,3364.55
38,21046.82,726.19,retired,freelance,2985.04,94244.26,84,519,0,1,0,0.4424,4.4778,0,306.54
48,108745.45,4280.9,self_employed,temporary,18018.21,233525.85,36,418,0,0,0,0.5055,2.1475,0,3050.95
44,111951.41,5378.63,self_employed,temporary,14965.95,428712.64,36,381,1,1,0,0.6033,3.8295,0,3902.75
52,51256.04,1958.66,self_employed,permanent,4355.09,95162.44,84,312,4,1,1,0.4756,1.8566,0,589.14
68,55750.71,2555.2,employed,temporary,13791.58,215177.75,12,777,1,0,0,0.5995,3.8596,1,25087.82
51,71310.34,3280.12,employed,permanent,16047.59,387137.9,60,598,2,1,0,0.597,5.4289,1,6417.93
68,53146.15,1911.45,employed,permanent,9833.85,189350.29,36,391,1,1,2,0.4686,3.5628,0,1536.81
54,108330.08,3354.75,self_employed,permanent,4153.18,491100.32,36,575,2,0,0,0.3793,4.5334,1,17651.84
63,40916.83,1615.71,employed,freelance,13042.53,122478.99,60,603,3,1,0,0.5376,2.9934,1,7365.03
57,37089.02,1255.02,employed,temporary,2595.25,125460.34,48,572,4,0,1,0.4201,3.3827,0,1277.68
45,16795.18,389.79,part_time,permanent,769.64,72604.1,36,711,0,0,0,0.2877,4.3229,1,14975.59
30,50734.83,1616.04,employed,permanent,12644.57,252062.18,12,335,3,1,1,0.4321,4.9682,1,6200.81
54,22178.28,1105.08,retired,contract,3536.5,91529.38,120,721,1,1,0,0.6298,4.127,1,6520.41
27,20430.55,454.54,retired,contract,488.77,120054.12,48,777,4,1,1,0.2718,5.8762,1,35246.62
65,76558.42,3150.59,employed,temporary,10888.7,383482.98,48,801,4,1,0,0.5223,5.009,1,41341.55
33,44035.21,1997.79,employed,temporary,13594.2,210240.88,36,637,1,0,0,0.6062,4.7744,1,6605.28
29,85265.72,3389.7,employed,permanent,20983.87,438952.93,48,709,2,0,1,0.5263,5.1481,0,8964.46
21,59959.97,2245.56,self_employed,temporary,8701.06,122717.68,48,762,3,0,0,0.4784,2.0467,1,24283.79
65,88707.55,3678.73,self_employed,permanent,6805.81,255145.92,12,812,1,1,0,0.513,2.8763,1,43111.87
28,26339.88,878.59,retired,freelance,6656.57,94943.31,48,380,0,1,0,0.4508,3.6045,0,675.31
22,17527.42,411.86,part_time,temporary,6222.62,53338.13,84,778,1,0,0,0.353,3.0431,1,13913.27
40,79597.37,3892.51,self_employed,permanent,20576.64,410803.46,36,685,1,1,1,0.6385,5.161,0,8564.01
45,65835.36,2201.67,employed,permanent,21407.13,42719.04,36,719,3,1,0,0.4663,0.6489,1,27650.85
27,77280.11,3109.79,employed,contract,16121.49,127548.1,84,739,1,0,3,0.5246,1.6505,0,11674.78
67,46039.09,1672.59,retired,permanent,13221.89,246280.86,120,334,3,0,0,0.4934,5.3494,0,708.03
21,71887.83,1612.3,employed,permanent,25771.12,59311.11,84,800,1,0,1,0.3408,0.8251,1,103000.88
25,59702.18,2902.83,employed,temporary,18464.19,104385.42,84,483,2,1,0,0.6453,1.7484,0,2640.34
47,10687.68,469.71,unemployed,permanent,3889.69,25991.12,60,447,3,0,0,0.6002,2.4319,0,180.01
48,69241.82,1743.65,employed,contract,11941.16,320525.45,24,563,0,1,3,0.3367,4.6291,0,9299.69
45,34774.57,1720.12,part_time,permanent,12577.55,124527.52,60,788,0,1,0,0.6659,3.581,1,11266.96
44,102840.13,4352.84,self_employed,contract,25568.82,500000.0,12,581,0,0,0,0.5576,4.8619,1,6941.71
31,37437.04,1295.67,employed,permanent,13028.82,65638.83,12,501,0,1,0,0.4849,1.7533,1,3369.33
24,19373.66,749.08,part_time,permanent,305.15,102615.73,120,716,2,0,2,0.4671,5.2967,0,1035.55
53,66453.16,1591.32,employed,freelance,17486.55,136629.3,36,616,0,0,0,0.34,2.056,1,31897.52
67,74680.82,2776.53,employed,temporary,25330.99,138177.47,24,527,3,1,3,0.514,1.8502,0,1588.23
56,65268.51,1499.99,employed,permanent,4547.96,211539.39,60,367,3,0,0,0.2897,3.2411,1,20588.95
34,78237.17,2873.26,employed,permanent,20710.53,69758.2,120,779,1,0,1,0.4936,0.8916,1,35206.73
63,50546.06,1867.86,employed,temporary,16679.28,132111.66,120,400,0,0,0,0.5094,2.6137,0,1040.15
55,45115.16,2090.54,employed,temporary,5196.35,110812.66,24,542,1,1,0,0.5791,2.4562,0,1043.57
34,37965.42,1593.82,employed,freelance,6154.14,52413.49,36,389,3,1,3,0.5362,1.3806,0,353.39
62,66532.26,1870.35,employed,freelance,15156.52,348254.58,120,426,2,0,0,0.3829,5.2344,0,5606.21
67,8263.19,386.27,unemployed,temporary,1715.99,21669.33,120,698,0,0,0,0.6025,2.6224,0,204.14
42,30067.54,1129.12,retired,permanent,471.33,177415.35,48,601,0,1,0,0.4538,5.9006,1,3788.51
25,68747.13,2648.1,employed,permanent,2713.37,374561.43,36,793,0,1,0,0.4701,5.4484,1,37123.45
65,37868.65,975.57,employed,temporary,1521.81,59509.03,120,720,1,0,0,0.3172,1.5715,1,48456.72
69,40461.13,1855.21,employed,permanent,4244.66,132638.54,36,441,1,0,0,0.5712,3.2782,0,373.96
63,73596.51,3531.64,employed,permanent,7237.9,280397.02,24,552,3,0,0,0.5955,3.8099,1,5519.74
62,31618.58,1373.42,retired,permanent,9387.21,158228.31,12,372,0,1,1,0.5806,5.0043,0,378.76
64,8056.01,388.88,unemployed,permanent,1845.61,43269.11,48,513,0,0,0,0.6251,5.371,0,226.31
40,80744.66,2394.11,employed,permanent,24674.8,317496.01,48,678,3,1,1,0.4169,3.9321,1,40259.29
42,81894.23,3762.98,employed,permanent,2289.63,56772.2,120,598,4,0,0,0.557,0.6932,1,6142.07
62,44469.22,1560.55,employed,contract,8630.84,139945.55,12,678,2,0,2,0.4599,3.147,0,4609.1
35,71197.13,1823.66,self_employed,permanent,9220.76,382073.66,24,791,3,0,1,0.3333,5.3664,1,96135.35
66,75365.97,3040.26,employed,permanent,25622.6,333682.29,24,603,1,0,2,0.5521,4.4275,0,2747.15
34,29801.55,1215.51,part_time,permanent,8437.29,157524.46,12,797,4,0,0,0.5461,5.2858,1,8046.42
44,47033.01,1373.46,retired,temporary,16353.54,197888.51,60,536,4,0,2,0.42,4.2074,0,434.79
55,47549.2,1028.74,employed,permanent,883.03,35290.66,24,529,3,1,0,0.2633,0.7422,1,20258.81
30,43290.81,1154.23,self_employed,temporary,12482.01,252127.26,120,306,0,0,0,0.3776,5.824,0,3081.38
34,25570.29,830.87,part_time,freelance,5523.27,141892.15,12,555,1,0,0,0.4331,5.5491,0,182.67
23,95403.15,2453.82,self_employed,permanent,31483.04,114120.05,60,470,0,1,1,0.3746,1.1962,0,9266.31
40,52552.67,1392.25,employed,permanent,10661.06,58848.55,36,587,2,0,0,0.3585,1.1198,1,11154.3
32,40758.78,1314.43,employed,permanent,8807.31,141226.39,48,533,0,0,3,0.4302,3.4649,0,1397.77
41,44519.62,2176.36,retired,freelance,921.87,207629.7,12,792,2,0,0,0.5908,4.6638,1,14023.68
38,53471.29,2305.88,self_employed,contract,14298.71,139129.77,120,510,0,1,1,0.571,2.602,0,2041.48
53,40804.46,1230.64,self_employed,freelance,4458.13,51009.73,24,666,2,0,2,0.3838,1.2501,0,3270.99
33,23465.77,1140.17,retired,permanent,184.85,77626.14,48,528,2,0,3,0.5846,3.3081,0,601.84
23,29651.65,1176.12,retired,freelance,787.99,69877.49,60,644,0,0,0,0.4813,2.3566,1,3113.42
67,25631.6,874.48,part_time,permanent,9814.7,62406.43,120,376,3,0,0,0.486,2.4347,0,272.97
65,54712.12,1887.14,employed,permanent,7573.85,221442.95,48,759,0,1,0,0.4416,4.0474,1,34508.03
46,26962.88,884.74,self_employed,contract,9362.33,144813.44,120,564,0,1,0,0.4632,5.3708,1,2183.99
48,1162.9,32.13,unemployed,freelance,446.4,4154.17,84,803,1,1,3,0.4083,3.5723,0,156.86
66,3486.04,111.94,unemployed,permanent,1315.31,14926.57,12,544,2,0,0,0.4608,4.2818,0,213.2
47,87671.93,3176.38,self_employed,permanent,30921.02,362059.51,36,728,0,1,0,0.5053,4.1297,1,33139.99
54,40418.33,1464.52,employed,permanent,14467.24,142729.41,60,390,1,1,0,0.5064,3.5313,0,452.61
27,38744.3,1667.97,retired,permanent,4478.97,85592.74,120,744,1,0,0,0.5397,2.2092,1,9492.35
35,1438.63,45.03,unemployed,permanent,87.16,3708.6,60,532,4,0,0,0.3877,2.5779,1,500.0
61,46638.84,1946.7,employed,freelance,11925.79,104301.74,60,753,0,0,0,0.552,2.2364,1,20987.48
55,44470.37,1676.28,employed,temporary,8682.49,246643.32,48,648,0,0,0,0.4914,5.5462,1,6670.56
49,38697.57,1891.81,employed,contract,1528.5,195283.52,36,393,2,0,3,0.5945,5.0464,0,1166.52
37,71923.14,2306.63,employed,contract,19492.36,265138.22,120,721,2,0,0,0.4391,3.6864,1,30660.83
21,60487.2,2850.09,employed,temporary,13618.33,333728.39,12,789,0,1,0,0.6105,5.5173,1,32663.09
68,80707.94,3613.19,employed,contract,27862.56,433825.18,12,423,0,0,0,0.6063,5.3752,0,1264.25
32,34394.63,1356.24,self_employed,temporary,8381.06,192689.7,48,532,1,1,1,0.5219,5.6023,0,500.33
23,38749.63,1547.01,self_employed,permanent,8896.08,66639.92,84,363,2,0,0,0.525,1.7198,0,1057.57
45,54113.48,1260.97,self_employed,temporary,9540.24,240602.96,120,462,0,0,0,0.3149,4.4463,0,2918.31
44,46337.04,2249.58,retired,temporary,8577.67,178431.65,12,603,1,0,1,0.6196,3.8507,0,765.99
49,51816.74,1241.13,employed,contract,19781.17,235044.28,12,618,0,0,0,0.3638,4.5361,1,21172.32
30,57463.03,2141.13,employed,freelance,3182.21,111971.68,36,305,2,1,1,0.4582,1.9486,0,1918.2
26,29159.33,888.2,retired,permanent,5204.58,126010.58,48,600,1,1,0,0.4012,4.3214,1,7259.97
50,39412.34,1315.22,employed,contract,10339.07,108543.82,48,400,3,0,0,0.4529,2.7541,0,542.27
63,33606.97,1298.25,part_time,permanent,5820.87,170975.62,60,715,2,1,0,0.4982,5.0875,1,8468.96
29,38295.94,1812.99,retired,contract,4338.4,186674.0,12,659,2,0,0,0.5908,4.8745,0,3182.72
58,99844.15,3412.58,self_employed,permanent,11476.38,165987.59,24,430,2,0,0,0.4331,1.6625,0,4499.8
32,27142.21,1347.4,part_time,permanent,2536.78,41017.42,84,685,2,1,0,0.6144,1.5112,1,4885.6
50,63283.99,2412.62,employed,permanent,8705.43,281457.09,36,319,0,1,0,0.485,4.4475,0,1136.13
26,39932.3,1018.92,employed,temporary,13923.19,140865.66,36,594,3,1,0,0.3759,3.5276,1,8920.08
68,86059.69,2269.85,self_employed,permanent,17391.79,306771.17,120,695,4,1,2,0.3569,3.5646,0,14823.95
61,43545.37,1816.71,employed,freelance,4184.51,201999.76,84,744,1,1,0,0.5199,4.6388,1,18289.06
61,21530.81,480.21,part_time,permanent,3311.67,112010.58,84,591,0,1,0,0.2984,5.2023,1,4687.86
55,69601.22,2425.14,employed,freelance,2946.37,126277.59,24,789,2,1,0,0.4266,1.8143,1,55174.28
39,99311.76,2498.33,self_employed,contract,35912.55,353099.74,60,647,1,1,1,0.3742,3.5555,1,40478.68
23,90079.29,3014.85,self_employed,permanent,14708.07,455733.73,24,564,0,1,2,0.4343,5.0593,0,4710.26
26,88795.69,3792.1,self_employed,permanent,34821.81,470649.83,84,343,3,1,0,0.5909,5.3004,1,7192.45
20,43197.32,1478.01,employed,contract,6005.1,89882.89,120,374,2,1,0,0.4384,2.0808,1,4789.72
63,54037.07,1383.38,employed,temporary,18077.69,57973.47,84,352,3,0,0,0.3741,1.0728,1,10204.9
64,19587.75,552.01,retired,temporary,2008.8,34876.54,24,585,3,0,0,0.3587,1.7805,1,2906.14
61,74571.23,2352.96,employed,permanent,2271.53,425074.45,60,365,1,1,0,0.3847,5.7002,1,15476.51
66,53245.68,1217.31,retired,permanent,675.87,162060.6,24,337,1,1,1,0.2769,3.0436,0,5737.66
32,50090.49,1897.25,self_employed,freelance,12145.31,140361.36,120,716,0,1,0,0.503,2.8022,1,18934.21
41,1052.36,40.57,unemployed,permanent,131.16,1000.0,60,768,2,0,0,0.4875,0.9502,1,500.0
40,5706.84,129.24,unemployed,permanent,1012.44,4454.65,84,354,1,1,0,0.3072,0.7806,0,79.89
41,82118.4,2674.38,employed,permanent,26890.39,343076.52,84,415,2,1,0,0.4563,4.1778,0,3649.68
47,77437.55,2548.34,self_employed,contract,7685.15,289929.97,84,578,1,0,0,0.4147,3.744,1,8917.32
28,19730.75,603.16,retired,contract,2435.98,72321.2,12,753,2,1,0,0.3915,3.6654,1,16184.34
45,88584.97,3286.57,employed,permanent,29953.63,98043.7,60,441,2,0,2,0.5128,1.1068,0,2891.58
28,31058.95,960.46,part_time,permanent,6121.87,75670.05,84,348,3,0,2,0.4105,2.4363,0,1075.59
34,42237.67,1392.94,employed,permanent,13983.46,209835.47,48,668,0,1,0,0.462,4.968,1,12671.3
29,85698.88,3778.84,employed,permanent,12836.87,125292.77,120,669,2,1,1,0.5591,1.462,0,8103.09
43,59787.86,1528.27,employed,permanent,9527.08,320150.83,48,600,3,0,1,0.3386,5.3548,1,28949.28
61,20553.65,799.35,part_time,freelance,1374.12,24009.35,24,651,0,0,0,0.4801,1.1681,0,1097.55
27,60357.93,2147.53,employed,permanent,22123.5,86331.23,48,494,5,1,1,0.5003,1.4303,0,2385.78
43,48879.16,1453.24,retired,permanent,17533.61,152875.67,60,604,0,1,2,0.4285,3.1276,1,8807.05
35,42400.75,1783.08,retired,freelance,16692.62,241648.21,12,549,4,1,0,0.5834,5.6991,0,338.87
68,38258.66,1412.11,employed,permanent,6158.84,88473.62,60,557,3,1,0,0.4751,2.3125,1,3443.28
45,87668.24,3047.03,employed,temporary,28706.61,361210.59,36,749,3,1,0,0.4826,4.1202,1,36820.66
46,1773.41,71.48,unemployed,permanent,294.35,6628.46,24,358,0,1,0,0.5169,3.7377,0,246.38
56,76006.24,3362.02,employed,permanent,13811.82,100550.52,84,520,0,1,1,0.5671,1.3229,0,1195.71
23,41537.05,2043.74,retired,freelance,13790.29,77463.19,12,833,0,1,1,0.6568,1.8649,1,15701.0
69,45314.04,1775.83,employed,temporary,3214.88,254476.41,24,661,3,0,0,0.4845,5.6158,0,1588.15
43,44390.26,2056.95,employed,permanent,3911.86,67320.62,36,352,0,1,0,0.5737,1.5166,1,3995.12
38,10443.93,217.91,unemployed,temporary,1314.8,45144.46,48,828,2,0,2,0.2756,4.3226,0,604.67
55,58083.22,2108.34,employed,freelance,18311.99,337220.7,36,797,3,1,0,0.4986,5.8058,1,31364.94
58,71001.71,1923.71,employed,permanent,10583.56,82169.07,48,454,1,1,0,0.3549,1.1573,1,18544.23
29,62723.91,1479.07,employed,temporary,8986.28,169072.36,24,789,3,0,0,0.3116,2.6955,1,106354.66
44,75004.44,2726.35,employed,freelance,29966.26,129879.7,24,377,2,0,0,0.5161,1.7316,0,779.31
37,70528.03,3005.61,self_employed,permanent,10827.64,121208.65,84,473,2,1,0,0.5421,1.7186,1,5712.77
38,28633.06,940.82,retired,contract,2837.77,33054.64,84,619,2,1,0,0.4141,1.1544,1,6198.14
55,54986.09,2220.24,employed,temporary,13707.23,223932.58,24,331,3,1,0,0.5344,4.0725,0,1174.5
29,106612.38,3743.89,self_employed,temporary,34196.13,490938.21,84,591,0,1,1,0.4856,4.6049,0,3935.04
52,69463.3,2332.69,self_employed,permanent,1934.08,293299.51,60,821,1,0,0,0.4085,4.2224,1,51482.72
69,46739.71,1369.43,employed,permanent,11570.74,261069.82,12,614,5,1,0,0.4011,5.5856,1,16641.21
24,86403.3,2764.24,employed,temporary,1235.06,112430.86,60,566,0,0,0,0.3868,1.3012,1,14671.28
66,30321.81,941.06,part_time,permanent,6383.74,68501.5,120,721,0,0,0,0.4145,2.2591,1,10888.56
68,667.99,26.51,unemployed,permanent,68.67,1599.94,120,544,2,0,0,0.4968,2.3952,0,207.05
54,119899.58,2903.63,self_employed,permanent,14706.48,212995.8,36,390,3,1,0,0.3151,1.7765,1,35914.48
63,91018.04,2142.13,self_employed,permanent,17005.66,116696.7,120,735,0,1,0,0.3198,1.2821,1,123994.97
53,43814.66,1756.25,employed,freelance,16248.36,139193.44,12,788,0,0,0,0.5552,3.1769,1,19716.6
52,47530.93,1747.57,self_employed,permanent,13511.47,241904.77,24,313,2,0,0,0.4981,5.0894,0,1336.65
40,90782.32,3030.39,self_employed,freelance,34019.61,500000.0,24,585,2,1,0,0.4755,5.5077,1,7353.37
36,99077.3,2504.63,self_employed,permanent,26155.26,120019.61,24,697,0,0,3,0.3562,1.2114,1,64112.92
41,48146.98,1580.26,employed,temporary,136.89,242052.43,48,726,4,1,2,0.3944,5.0274,1,42708.3
67,49133.29,2155.34,employed,permanent,5219.63,247395.75,36,660,2,1,2,0.5477,5.0352,0,1479.55
56,51891.64,2427.52,employed,contract,18800.81,136961.74,60,342,2,0,0,0.6338,2.6394,1,3891.87
34,25754.42,1064.31,part_time,contract,6628.63,28462.83,84,593,1,0,0,0.5474,1.1052,1,1158.95
54,44449.89,1003.71,employed,permanent,17453.64,264256.55,36,644,4,1,0,0.3495,5.945,1,24082.95
47,40733.38,1645.1,employed,freelance,2541.18,167241.55,120,541,0,1,1,0.4971,4.1058,0,385.0
26,72337.52,2015.47,employed,permanent,8586.4,426941.56,48,354,2,0,3,0.3581,5.9021,0,4399.23
51,77850.39,2337.7,employed,temporary,11284.19,246015.43,48,741,0,1,0,0.3893,3.1601,1,72391.52
30,6011.15,159.57,unemployed,freelance,785.2,16071.18,36,406,1,1,1,0.3447,2.6736,0,249.88
29,59564.11,2588.63,self_employed,freelance,6003.86,110760.66,48,612,2,0,0,0.5417,1.8595,0,3046.34
28,66044.06,2625.31,self_employed,freelance,11715.31,390297.02,84,483,0,1,1,0.5125,5.9096,0,805.31
33,56362.43,2180.02,employed,permanent,14480.59,106689.29,12,429,1,0,0,0.5155,1.8929,0,1361.74
32,11519.82,464.43,unemployed,permanent,1434.25,7265.49,24,798,0,1,1,0.5087,0.6307,0,201.06
44,77244.94,2142.71,employed,permanent,2462.57,256343.23,60,717,3,1,0,0.3392,3.3186,1,104336.29
21,46444.8,1569.93,employed,temporary,13163.06,119538.59,48,348,2,1,0,0.4623,2.5738,1,4180.03
54,56130.4,2206.11,employed,contract,10305.91,108758.47,60,619,1,1,0,0.5084,1.9376,1,10103.47
26,64920.68,2557.92,employed,permanent,14450.88,259055.89,24,552,2,0,0,0.5173,3.9903,0,2229.17
40,68714.22,3018.55,employed,temporary,12517.0,172024.5,84,691,1,0,0,0.5636,2.5035,1,17178.56
37,69477.47,2029.24,self_employed,permanent,24743.91,188449.29,36,368,1,1,0,0.4217,2.7124,1,8812.94
22,101962.03,4415.11,self_employed,permanent,22788.31,63904.79,120,741,2,1,0,0.5643,0.6268,1,38541.65
61,46401.42,1562.43,retired,temporary,17136.54,173536.21,84,776,0,1,0,0.4779,3.7399,1,17539.74
58,62783.69,2535.21,employed,permanent,12822.32,73544.23,24,676,0,0,1,0.5254,1.1714,1,15695.92
60,81993.62,2798.04,employed,contract,9596.15,137415.3,60,844,4,0,0,0.4329,1.6759,1,49515.95
68,76309.92,3701.12,employed,permanent,10849.52,339132.58,12,831,0,0,1,0.6104,4.4441,0,13156.61
30,29907.38,779.48,part_time,contract,6246.21,66479.17,36,486,1,1,0,0.3545,2.2228,0,1234.82
58,115858.07,4694.68,self_employed,permanent,24561.42,161929.74,48,411,2,1,0,0.5287,1.3977,0,4273.89
43,3197.6,120.39,unemployed,permanent,879.13,11753.84,12,483,2,0,1,0.5068,3.6758,0,147.44
65,49720.65,1286.34,employed,temporary,4464.81,83628.88,24,592,2,0,0,0.3284,1.682,1,12798.1
38,109450.46,2490.93,self_employed,contract,28844.26,217848.03,60,660,0,1,0,0.3258,1.9904,1,102957.86
23,77472.45,3419.77,employed,permanent,24127.65,303487.96,60,801,1,1,2,0.592,3.9174,0,6425.33
45,113021.83,2873.66,self_employed,permanent,30587.87,500000.0,60,606,2,1,3,0.3592,4.4239,0,25666.02
57,13451.99,353.43,part_time,temporary,2592.62,61450.42,24,385,0,0,0,0.3538,4.5681,0,193.84
61,26438.41,1305.29,part_time,permanent,10487.38,83342.82,36,595,1,1,1,0.6718,3.1523,0,463.54
51,38739.69,1617.52,self_employed,contract,6272.93,116166.11,48,751,2,0,0,0.5334,2.9986,1,15689.57
58,62714.35,1764.73,employed,contract,2673.9,303038.78,12,470,3,0,1,0.3462,4.832,0,4958.98
64,15582.18,593.2,part_time,permanent,5120.33,24334.55,24,655,0,0,0,0.5225,1.5617,1,2337.33
65,37167.46,1353.33,self_employed,permanent,3154.79,49697.11,60,759,5,1,2,0.4539,1.3371,1,18063.39
55,35669.26,1621.66,employed,contract,10176.95,148235.13,48,578,5,0,0,0.6026,4.1558,0,462.77
59,69663.13,2933.18,employed,permanent,4987.22,191733.01,60,551,0,1,0,0.5196,2.7523,0,927.09
56,54746.24,2468.61,employed,temporary,369.59,241156.72,24,307,1,1,0,0.5425,4.405,0,2208.08
52,40785.36,1101.3,employed,permanent,2606.98,77953.11,60,619,0,0,0,0.3368,1.9113,1,19968.51
55,52756.08,2084.2,employed,temporary,7955.38,120642.36,24,450,1,1,0,0.5042,2.2868,0,1149.25
22,41049.69,903.38,self_employed,permanent,1750.66,222970.71,120,675,2,1,3,0.2726,5.4317,0,24322.53
28,86793.22,1982.71,employed,contract,6862.88,244679.71,60,664,2,0,0,0.2899,2.8191,1,91176.28
27,52600.27,2190.51,employed,permanent,16087.82,197263.85,24,739,0,0,0,0.5609,3.7502,0,6144.55
52,56725.58,1222.19,self_employed,permanent,17468.84,61646.64,60,441,2,0,0,0.3201,1.0868,1,13776.66
25,49074.75,1852.24,retired,contract,16047.21,72805.36,48,319,3,0,0,0.5183,1.4836,1,2576.42
60,86536.8,3924.02,self_employed,permanent,29116.35,60349.25,48,311,2,0,0,0.6114,0.6974,0,982.07
58,74059.44,2363.6,employed,permanent,12454.9,209887.38,60,421,1,1,0,0.4166,2.834,1,11117.8
23,26628.04,589.58,part_time,permanent,9240.46,158145.53,60,724,0,0,0,0.3351,5.9391,1,18442.05
32,33762.51,1406.34,part_time,permanent,7102.78,179154.09,24,528,2,1,0,0.5419,5.3063,0,338.87
68,46385.05,2224.13,employed,freelance,8731.47,184658.84,24,328,2,1,0,0.613,3.981,0,1386.03
21,89397.16,3732.41,employed,contract,25694.04,468086.27,24,434,2,1,0,0.5585,5.236,0,3308.92
24,9971.47,375.97,unemployed,permanent,852.83,37571.82,36,400,0,1,0,0.4696,3.7679,0,225.85
63,39791.99,1095.97,retired,contract,12566.27,100603.26,60,675,1,1,0,0.3937,2.5282,1,17765.53
46,27234.55,579.6,part_time,temporary,4678.52,39612.79,84,610,1,1,0,0.2897,1.4545,1,12371.24
51,42006.56,1726.24,retired,freelance,2138.9,171881.1,60,739,2,0,0,0.5033,4.0918,1,10291.61
40,30547.64,842.25,self_employed,permanent,1457.88,47708.75,60,756,2,1,0,0.3404,1.5618,1,47388.92
27,45711.57,2096.47,self_employed,temporary,3015.26,127802.98,60,499,4,1,2,0.5635,2.7959,0,1018.81
57,87880.9,3026.23,employed,temporary,31305.73,443087.6,24,424,3,1,1,0.4845,5.0419,0,2668.95
27,64390.04,2338.02,employed,permanent,25522.61,77960.96,120,770,2,1,0,0.515,1.2108,1,34770.62
69,55809.45,2389.94,employed,permanent,7969.0,67508.1,120,321,5,1,0,0.5424,1.2096,1,5022.85
22,97393.65,4243.12,self_employed,permanent,11381.18,168901.36,120,349,0,0,1,0.5462,1.7342,0,2426.92
63,74829.3,2961.54,self_employed,contract,6548.19,264562.37,120,365,0,1,0,0.4924,3.5355,1,6061.17
22,157.95,7.61,unemployed,permanent,52.05,1000.0,24,429,0,1,1,0.6441,6.3311,0,194.84
41,75493.07,3735.68,employed,freelance,6317.49,246680.3,36,601,1,1,1,0.6105,3.2676,0,4660.86
25,94560.67,4581.54,self_employed,permanent,34953.03,204336.56,120,626,2,0,0,0.6553,2.1609,1,12765.69
21,44083.18,1978.1,employed,temporary,11767.57,144783.8,24,683,1,0,2,0.5919,3.2843,0,3671.66
42,87616.3,3628.55,employed,freelance,31441.21,177595.87,84,837,3,0,0,0.5687,2.027,1,39427.34
63,2686.9,107.96,unemployed,temporary,595.43,15826.02,60,348,2,0,2,0.5265,5.8901,0,57.52
21,68486.19,1634.04,self_employed,contract,18920.81,219837.14,60,618,3,0,1,0.3416,3.2099,0,7604.31
57,14638.93,420.89,part_time,contract,3627.28,67193.26,120,320,0,0,1,0.3946,4.59,0,357.12
36,68180.53,1431.74,employed,permanent,22668.54,296790.26,12,732,1,1,0,0.3185,4.353,1,103948.04
54,55649.81,1382.4,employed,temporary,18606.2,177972.35,24,308,2,1,0,0.365,3.1981,1,13522.9
53,54424.54,1831.07,employed,permanent,12839.69,98712.04,12,448,0,1,0,0.4509,1.8137,1,4898.21
42,80483.73,2020.73,employed,temporary,20362.63,266316.68,60,736,3,1,0,0.3519,3.309,1,100124.98
49,18353.78,865.05,retired,permanent,6767.96,77918.11,24,798,3,1,0,0.6393,4.2453,1,6937.73
27,100804.94,4468.97,self_employed,contract,37494.05,305394.21,120,354,0,0,0,0.6064,3.0296,0,3306.92
41,39143.6,897.25,retired,temporary,10400.45,37209.44,60,596,0,1,0,0.3282,0.9506,1,8473.34
63,89235.42,2506.92,employed,permanent,276.78,53443.79,12,817,0,0,1,0.3377,0.5989,1,130346.18
55,39809.4,1780.39,retired,permanent,1662.62,91693.88,120,528,3,1,0,0.545,2.3033,0,287.13
24,38045.85,1683.74,employed,freelance,13056.46,50457.61,12,546,0,1,0,0.5997,1.3262,0,1543.82
32,19873.88,962.07,retired,permanent,673.44,108989.28,48,581,2,0,0,0.5877,5.484,0,437.7
48,83573.41,4172.69,employed,permanent,7137.81,122608.85,120,556,0,0,2,0.6162,1.4671,0,1191.03
50,81266.78,4007.09,employed,permanent,7494.31,216864.87,48,392,2,1,0,0.6101,2.6686,0,1135.14
66,57859.56,1897.54,self_employed,freelance,13891.73,255532.48,24,513,0,0,0,0.4416,4.4164,0,843.03
35,26214.75,737.54,part_time,freelance,6046.51,130675.79,24,432,2,1,0,0.3837,4.9848,0,432.43
61,61927.52,2660.01,employed,temporary,7169.16,193673.51,120,796,1,1,0,0.5386,3.1274,1,33440.86
49,88194.02,2607.2,employed,freelance,7324.03,131959.65,24,385,2,0,0,0.3714,1.4962,1,17012.63
35,53148.55,2357.32,retired,permanent,16253.51,105761.56,24,695,1,0,0,0.5934,1.9899,1,9301.0
31,89111.15,3244.27,employed,freelance,33343.83,249896.76,24,846,3,1,0,0.5117,2.8043,1,48120.02
36,82654.68,3635.94,employed,permanent,1745.85,207072.31,24,548,2,0,0,0.5321,2.5053,0,1981.2
35,85025.34,2455.52,employed,permanent,4529.49,205565.78,84,588,3,0,0,0.3572,2.4177,1,18212.43
31,46950.33,1673.82,employed,permanent,12059.92,57523.35,24,708,0,1,0,0.4792,1.2252,1,19719.14
27,31113.16,1160.02,part_time,temporary,10011.49,171844.4,12,608,0,1,0,0.5118,5.5232,0,576.39
39,8506.29,411.2,unemployed,contract,2692.03,5645.3,12,360,2,0,0,0.6434,0.6637,0,110.86
22,116464.72,3331.95,self_employed,permanent,33527.08,340078.35,12,803,3,0,1,0.4009,2.92,1,93487.4
35,25139.02,1210.53,part_time,freelance,8923.63,148113.28,84,826,0,1,0,0.6488,5.8918,1,8145.04
49,39684.19,1758.34,employed,permanent,3450.13,163835.45,60,610,0,1,3,0.5491,4.1285,0,2887.03
64,67856.94,2860.24,employed,permanent,2912.17,166572.41,120,499,2,1,0,0.5144,2.4548,0,1074.34
42,72761.95,3185.79,employed,permanent,17910.0,94847.87,120,652,1,0,0,0.5746,1.3035,1,18190.49
47,47117.66,1813.63,employed,temporary,15497.49,273343.65,36,374,2,1,0,0.5277,5.8013,0,900.09
59,56676.24,1584.23,employed,contract,13195.22,32697.94,60,570,2,1,0,0.382,0.5769,1,12038.03
24,25765.58,679.19,part_time,permanent,9924.88,109442.69,24,320,1,0,0,0.3934,4.2476,0,489.76
39,4489.27,206.96,unemployed,temporary,1428.6,23976.1,36,335,2,1,3,0.6169,5.3408,0,169.97
59,55622.12,2335.2,employed,permanent,15591.81,35508.2,12,497,3,0,0,0.5599,0.6384,1,4171.66
63,37643.23,1018.32,self_employed,temporary,907.31,168960.2,12,452,4,0,3,0.3294,4.4885,0,1514.96
20,11288.96,437.71,unemployed,freelance,486.52,67661.6,48,343,0,1,0,0.4739,5.9936,0,204.76
49,29261.37,991.57,part_time,permanent,9186.17,117573.17,24,844,2,1,0,0.4694,4.018,1,9480.68
40,18046.01,459.47,retired,freelance,1430.96,50181.16,24,809,0,1,0,0.3214,2.7807,1,24366.01
39,97733.26,3552.2,self_employed,temporary,1127.26,500000.0,48,715,4,1,0,0.4385,5.116,1,45440.1
25,8877.54,257.84,unemployed,permanent,3234.13,31497.39,60,708,1,1,0,0.4214,3.548,0,273.51
41,25924.44,612.87,self_employed,freelance,9237.45,119820.81,48,595,4,1,2,0.355,4.6219,0,1251.6
37,60112.41,2071.05,self_employed,permanent,5253.44,224386.67,84,502,0,1,0,0.4309,3.7328,1,6729.1
27,68371.12,2601.17,employed,permanent,21337.43,48584.59,24,667,0,1,1,0.519,0.7106,1,20511.34
58,59901.29,1329.89,employed,permanent,1149.62,100172.77,84,725,4,1,1,0.2703,1.6723,1,115578.34
51,98908.68,3220.57,self_employed,permanent,11277.88,92301.55,84,509,4,1,0,0.4135,0.9332,1,13860.07
52,58400.21,1655.56,employed,contract,14568.91,63468.34,84,759,2,1,0,0.3901,1.0868,1,69316.38
35,43462.46,944.32,employed,temporary,13267.85,25413.81,12,661,0,0,0,0.3218,0.5847,1,38725.05
31,11716.99,287.05,unemployed,freelance,48.74,32999.82,48,775,0,1,0,0.2948,2.8164,1,5193.34
57,48312.2,1202.42,employed,permanent,6303.94,71626.89,36,603,2,1,0,0.3248,1.4826,1,30471.47
53,93180.77,2438.28,self_employed,permanent,7989.15,485129.92,12,484,2,0,1,0.3312,5.2063,0,9678.95
33,38599.85,1708.63,self_employed,permanent,15421.11,178532.28,60,564,3,0,3,0.6111,4.6252,0,846.19
55,19567.29,658.48,part_time,temporary,5251.72,71469.01,12,713,0,0,0,0.4575,3.6525,0,1902.14
52,59311.52,1490.1,employed,freelance,9624.4,189181.06,60,701,0,0,0,0.3339,3.1896,1,68961.5
42,45572.76,1082.75,employed,temporary,1379.08,86919.9,12,472,2,0,0,0.2912,1.9073,1,14273.39
69,67746.16,2000.09,self_employed,permanent,16223.04,210841.84,24,382,0,1,0,0.4022,3.1122,0,4123.93
64,23815.02,1050.45,retired,contract,6112.85,95897.39,120,621,1,0,0,0.5806,4.0268,0,1161.51
21,24857.15,782.09,part_time,contract,8117.41,119370.47,84,645,1,0,2,0.4429,4.8023,0,900.62
60,71504.23,1823.14,employed,permanent,8253.79,67875.49,120,371,2,0,1,0.329,0.9493,0,5269.82
40,38433.89,1253.72,employed,contract,15088.04,168976.74,60,750,1,0,0,0.47,4.3966,1,17295.25
21,32036.04,1186.29,part_time,permanent,5631.5,146885.7,60,507,3,1,2,0.4795,4.585,0,851.05
46,45182.75,980.29,employed,permanent,5348.62,161498.83,48,641,1,0,2,0.284,3.5743,1,29278.42
28,46409.43,1816.44,self_employed,permanent,6468.53,77910.09,12,332,0,1,0,0.4975,1.6788,1,3759.16
20,71374.24,2309.46,employed,permanent,14834.02,247348.52,60,681,0,0,0,0.4299,3.4655,1,25016.67
30,60781.31,1283.52,employed,permanent,22773.58,198443.49,60,685,5,1,0,0.3283,3.2649,1,62616.91
22,62466.76,2529.18,employed,permanent,18369.2,194671.76,12,408,2,1,0,0.5447,3.1164,0,986.97
42,42048.52,1749.69,employed,permanent,9706.64,127555.01,12,461,1,1,0,0.5455,3.0335,0,968.47
45,101544.9,3977.97,self_employed,contract,6613.03,112668.19,36,315,3,0,1,0.4831,1.1095,0,2213.4
23,26192.25,806.89,part_time,freelance,1564.76,39443.14,48,313,2,0,0,0.3816,1.5059,0,288.01
37,42446.01,1539.95,employed,contract,8526.5,43945.48,60,545,0,1,2,0.4755,1.0353,0,1699.64
25,31837.98,1022.81,retired,permanent,9280.25,58379.01,12,345,0,1,0,0.4438,1.8336,1,2254.51
54,79572.55,3283.81,employed,permanent,23903.98,155096.63,60,701,5,0,0,0.5553,1.9491,1,27850.39
41,78993.73,2990.26,self_employed,permanent,7138.33,145973.88,36,347,2,0,0,0.4723,1.8479,1,5332.08
62,40975.68,951.42,employed,permanent,1640.66,68024.13,36,709,1,0,0,0.2866,1.6601,1,61209.47
34,20573.87,814.52,part_time,temporary,3163.94,93504.56,60,753,4,0,1,0.5058,4.5448,0,1244.45
41,2912.33,119.05,unemployed,temporary,1069.61,14567.79,48,441,1,1,2,0.564,5.0021,0,153.22
56,74159.23,2346.8,self_employed,contract,16177.61,170499.54,24,749,2,1,0,0.4234,2.2991,1,42945.31
61,49204.36,2281.95,retired,temporary,6300.12,107177.38,120,488,2,1,1,0.5821,2.1782,0,1109.18
31,66445.38,3018.03,self_employed,permanent,8601.69,341673.97,60,756,2,0,0,0.5709,5.1422,1,26910.38
66,21966.87,569.87,part_time,permanent,1160.62,86364.54,36,415,2,1,0,0.3219,3.9316,1,4225.28
68,10864.21,512.88,unemployed,temporary,2056.48,22965.97,48,813,0,0,3,0.6044,2.1139,0,167.47
61,25252.26,850.8,part_time,permanent,7993.48,111737.91,84,312,3,1,0,0.4676,4.4249,0,272.53
57,78788.15,3304.59,self_employed,permanent,30524.38,188718.14,12,576,4,1,0,0.5808,2.3953,1,6381.84
37,49405.04,2202.37,employed,permanent,9912.53,184085.94,120,551,1,1,1,0.5751,3.7261,0,927.17
64,82733.66,2942.49,self_employed,permanent,5533.72,493050.18,84,527,2,1,1,0.4402,5.9595,0,1428.14
54,66675.08,2165.19,employed,permanent,18214.31,143936.1,48,445,1,0,1,0.4443,2.1588,0,661.04
49,62700.89,2980.42,self_employed,contract,18980.6,352246.89,48,516,3,1,0,0.631,5.6179,0,719.47
43,89488.26,2466.88,employed,contract,2566.51,202564.58,120,593,2,1,0,0.3365,2.2636,1,26336.39
61,108779.64,3081.54,self_employed,permanent,36991.13,377636.88,120,580,2,0,1,0.408,3.4716,0,2402.84
49,76227.25,2392.06,employed,permanent,25286.79,230961.77,60,465,2,1,0,0.4429,3.0299,1,7834.64
33,64554.01,2963.1,employed,contract,12201.77,310335.5,48,442,0,1,0,0.5886,4.8074,0,2072.6
25,60413.29,2912.81,employed,permanent,13542.79,50506.11,12,797,0,1,1,0.6234,0.836,1,32623.18
22,16252.64,442.92,part_time,permanent,4637.91,64184.48,120,783,1,1,0,0.3841,3.9492,1,12206.25
35,51815.56,2385.05,employed,permanent,14026.43,242686.89,84,712,2,1,0,0.6065,4.6837,1,21762.54
26,77567.84,2200.15,employed,permanent,513.06,240211.83,60,396,1,0,0,0.3417,3.0968,1,18418.48
33,5444.99,267.59,unemployed,contract,266.66,5875.74,36,587,0,0,0,0.5995,1.0791,0,141.38
28,108815.6,4163.04,self_employed,contract,7076.96,200920.12,120,568,0,1,0,0.4721,1.8464,1,8814.06
34,43135.11,907.56,employed,permanent,13038.47,182815.14,12,508,0,1,1,0.3129,4.2382,0,6440.5
40,62959.09,1374.32,employed,permanent,11082.9,341547.12,60,836,0,0,0,0.2972,5.4249,1,114912.93
54,70583.11,1774.1,employed,permanent,15401.31,198963.01,120,604,4,1,0,0.3453,2.8188,1,39309.15
21,23887.51,628.34,part_time,permanent,7383.03,85571.42,60,387,3,0,0,0.3775,3.5823,0,1189.41
46,83907.48,3626.67,employed,freelance,11444.39,147351.41,120,419,0,0,0,0.5459,1.7561,0,2539.22
21,89425.98,2444.07,employed,temporary,26788.1,247457.18,24,524,1,1,0,0.3879,2.7672,1,18044.37
54,41370.91,2031.31,employed,temporary,7319.33,97318.61,12,435,2,0,0,0.6246,2.3523,0,965.47
37,42147.52,1660.05,employed,contract,6358.88,173032.03,48,681,5,0,0,0.5028,4.1054,1,10536.88
33,22821.99,936.43,retired,contract,3040.23,135011.34,12,310,0,1,0,0.519,5.9158,0,712.15
39,72464.74,1970.05,employed,contract,27969.79,360379.4,120,738,0,0,0,0.4034,4.9732,1,49000.66
37,55497.19,2601.19,employed,permanent,17136.94,86403.86,12,309,2,0,0,0.6242,1.5569,1,4162.29
29,75332.31,3036.74,employed,permanent,608.56,277014.4,24,614,3,1,0,0.4854,3.6772,1,13559.82
44,57300.93,2638.43,employed,temporary,21944.32,49580.46,120,364,0,0,0,0.6291,0.8653,0,1985.39
21,69518.37,3387.68,employed,permanent,21562.92,129167.58,48,767,0,1,1,0.6468,1.858,1,37539.92
44,46484.75,1138.78,retired,freelance,2773.74,67272.6,84,494,0,0,0,0.3059,1.4472,1,9473.82
52,6578.59,155.59,unemployed,temporary,200.88,15430.09,24,713,1,1,3,0.2899,2.3455,0,649.41
55,24408.58,1080.47,part_time,freelance,3009.03,103333.16,24,300,1,1,2,0.5558,4.2335,0,318.76
50,21264.67,980.2,retired,permanent,5309.21,69039.22,24,667,3,1,3,0.6031,3.2467,0,959.11
33,64024.27,2423.94,self_employed,contract,15789.58,360520.72,120,675,4,1,0,0.5036,5.631,0,4686.62
20,65017.74,2048.6,employed,permanent,7174.06,108587.34,12,490,1,0,0,0.4002,1.6701,1,9733.16
65,35093.29,1399.11,retired,freelance,6256.08,87843.78,84,589,3,0,1,0.5141,2.5032,0,866.68
35,51328.93,1526.96,retired,permanent,4350.44,118784.85,24,498,0,1,0,0.3739,2.3142,1,8155.45
65,51541.63,1432.15,retired,temporary,1042.76,92661.54,36,534,2,0,0,0.3375,1.7978,1,8794.29
22,103082.15,3615.18,self_employed,contract,21316.17,500000.0,48,529,3,1,1,0.4622,4.8505,0,2075.67
54,55641.39,1509.99,employed,permanent,7722.83,146322.42,84,525,1,0,0,0.3534,2.6297,1,12235.54
60,44540.07,1556.29,retired,permanent,9672.01,252666.88,48,729,0,0,1,0.4627,5.6728,1,10912.32
25,4743.46,231.17,unemployed,freelance,1795.89,12558.8,84,495,0,1,0,0.6605,2.6476,0,154.1
44,17349.65,786.41,part_time,permanent,994.97,28149.88,24,766,1,0,0,0.5554,1.6225,1,4684.41
32,53859.65,2601.29,employed,temporary,42.27,62242.09,84,740,3,1,0,0.5797,1.1556,1,22621.05
53,38903.05,1725.4,employed,permanent,1196.32,202513.62,12,456,2,0,0,0.5384,5.2056,0,1414.63
27,53247.76,1660.28,employed,contract,9855.27,36024.08,84,781,0,1,1,0.4112,0.6765,1,51066.73
40,35047.46,1560.24,retired,temporary,9910.47,203421.42,120,653,1,0,1,0.5908,5.8042,0,2997.58
53,87551.45,4180.73,employed,permanent,20338.68,245148.58,60,832,3,1,3,0.6195,2.8001,1,47277.78
23,52237.58,2531.18,employed,permanent,10340.84,97191.1,120,807,2,0,3,0.6211,1.8606,0,8210.58
44,32756.43,1335.15,part_time,temporary,4637.83,127617.54,60,704,0,0,0,0.5174,3.896,0,2960.45
34,47587.21,1284.77,employed,permanent,5900.32,58580.88,12,588,3,0,0,0.3488,1.231,1,10792.78
23,25065.85,551.25,retired,permanent,3772.77,22479.07,24,389,4,1,1,0.294,0.8968,1,6506.09
64,63544.75,1596.67,employed,temporary,15546.48,321079.45,24,681,1,0,0,0.3505,5.0528,1,47499.7
31,42882.92,2101.05,retired,permanent,2877.51,121602.64,36,600,1,0,0,0.6014,2.8357,1,4502.71
51,29211.56,1002.28,self_employed,permanent,9013.08,97870.47,60,741,1,1,1,0.4734,3.3504,1,11041.97
51,17084.51,781.97,part_time,temporary,3931.17,25145.46,60,801,5,0,2,0.5953,1.4718,1,4612.82
47,22480.72,773.27,part_time,permanent,2420.33,18835.1,48,684,3,1,2,0.4343,0.8378,0,2338.39
32,53205.24,2133.91,employed,permanent,10665.59,134224.52,24,822,3,1,0,0.5214,2.5228,1,28730.83
50,74194.16,1597.95,employed,permanent,28573.02,243639.11,12,801,0,1,0,0.3355,3.2838,1,131813.34
33,63113.83,1774.83,employed,temporary,517.32,297257.83,24,548,3,1,0,0.3391,4.7099,1,18279.03
39,40234.12,1350.17,self_employed,temporary,3211.05,130993.68,24,390,2,1,0,0.4187,3.2558,0,1689.99
37,51095.22,2004.3,retired,contract,9164.03,245450.64,36,693,4,1,0,0.5066,4.8038,1,10730.0
48,51109.81,1320.47,employed,permanent,13052.21,58003.52,84,657,2,0,0,0.3611,1.1349,1,35495.76
25,94457.46,4074.21,self_employed,permanent,8018.62,80458.42,84,448,3,0,1,0.5346,0.8518,0,2839.7
51,77895.37,2450.73,employed,permanent,29020.82,107007.62,12,774,0,1,0,0.4521,1.3737,1,42063.5
48,53636.83,2396.24,retired,permanent,13786.21,254563.97,36,741,2,1,2,0.5875,4.7461,0,4454.17
62,23465.67,555.92,part_time,freelance,8235.81,109732.89,36,307,0,1,0,0.3545,4.6763,0,1772.91
21,68870.95,2800.26,employed,permanent,9072.18,87984.22,36,528,0,1,0,0.5143,1.2775,0,1376.22
42,53418.2,1569.89,employed,permanent,17712.49,35813.57,84,369,2,1,1,0.419,0.6704,1,7788.37
38,72299.86,3183.51,employed,permanent,10938.08,308651.76,36,339,2,0,2,0.5586,4.2691,0,1999.59
50,69021.43,2247.57,self_employed,temporary,6978.12,359190.96,24,328,1,0,2,0.411,5.204,0,1701.72
24,66576.97,2679.01,self_employed,temporary,24278.1,309422.61,84,820,0,1,0,0.5558,4.6476,1,32356.41
38,82050.71,3945.32,employed,temporary,3026.64,132544.26,84,576,0,0,2,0.5844,1.6154,0,753.2
53,37759.29,809.37,employed,contract,14241.12,140114.28,48,587,0,1,1,0.3327,3.7107,1,11370.83
29,83507.93,1766.83,employed,permanent,15315.86,389607.2,24,482,1,1,0,0.2906,4.6655,1,31475.81
44,105946.63,4587.47,self_employed,permanent,42066.13,202046.36,36,821,2,1,0,0.599,1.9071,1,51490.06
21,73104.79,2901.27,self_employed,permanent,15778.78,248736.45,36,383,1,1,0,0.5194,3.4025,1,5921.49
30,61961.16,1820.33,employed,temporary,18773.94,138144.4,48,696,5,1,0,0.4131,2.2295,1,32306.55
69,4341.69,153.06,unemployed,temporary,12.28,7557.43,60,385,0,1,0,0.4236,1.7407,0,103.08
50,11930.09,263.14,unemployed,temporary,2370.11,69585.13,120,596,0,1,0,0.3044,5.8327,0,279.51
34,41114.31,1087.32,employed,temporary,12127.96,226918.13,12,586,2,1,0,0.3764,5.5192,1,9147.11
28,67461.84,2240.71,employed,temporary,21124.38,199091.53,36,408,3,0,0,0.4612,2.9512,0,1240.42
42,8180.18,369.41,unemployed,freelance,517.15,10243.87,120,843,0,0,0,0.5546,1.2523,0,233.41
38,33489.59,1166.23,part_time,temporary,5612.47,150820.04,36,312,3,1,0,0.4514,4.5035,0,585.7
28,77911.19,2955.61,employed,contract,13060.16,148526.48,24,676,1,0,0,0.4888,1.9064,1,19477.8
54,70411.6,3261.31,employed,permanent,2919.01,100466.65,36,708,3,0,0,0.5641,1.4268,1,24644.06
40,41424.68,1236.14,employed,temporary,7341.21,107638.29,36,314,4,0,0,0.3935,2.5984,0,1595.72
28,60504.68,2497.05,self_employed,freelance,19533.16,206573.5,12,487,0,0,0,0.5598,3.4142,0,1517.99
47,42636.29,1959.79,employed,permanent,5119.44,44167.86,120,533,2,0,1,0.5756,1.0359,0,795.3
65,83466.7,2232.15,employed,contract,14442.23,304203.2,24,757,3,1,0,0.3555,3.6446,1,130258.13
26,96214.01,3004.82,self_employed,contract,36983.08,56229.01,120,444,3,1,2,0.4516,0.5844,0,1319.07
35,96965.99,4791.2,self_employed,permanent,1229.84,500000.0,60,816,1,0,0,0.5955,5.1564,1,39271.23
35,70874.11,3509.02,employed,temporary,16769.43,394349.17,36,440,4,1,0,0.6414,5.5641,0,1151.17
52,62887.39,1719.61,employed,permanent,18701.1,284998.69,36,832,2,0,1,0.3876,4.5319,1,63616.88
23,39247.25,893.71,self_employed,freelance,11945.02,120332.92,60,414,1,0,0,0.3341,3.066,0,3684.78
23,53133.22,1526.79,employed,contract,15216.04,101055.64,48,343,0,1,0,0.4021,1.9019,1,9363.14
58,42530.37,1379.42,employed,permanent,12358.5,195325.68,120,503,1,1,1,0.4473,4.5926,1,4034.43
59,44821.79,1510.31,retired,permanent,1058.02,252117.4,60,772,1,1,0,0.4091,5.6249,1,30801.71
36,43812.58,1703.51,employed,temporary,9360.76,60108.03,60,608,1,1,0,0.5093,1.3719,1,7886.26
56,8425.36,396.57,unemployed,permanent,2638.72,25798.63,24,621,4,1,0,0.6275,3.062,1,500.0
58,27921.87,850.74,part_time,permanent,1050.59,62375.75,84,704,4,1,0,0.3731,2.2339,1,17858.16
48,60261.75,2749.42,employed,temporary,290.46,148369.24,60,660,1,0,0,0.5485,2.4621,1,15065.44
55,42437.58,999.82,employed,permanent,13827.21,115925.37,24,425,1,0,0,0.3479,2.7317,1,9682.13
57,54906.08,1210.94,self_employed,permanent,15643.72,314879.77,84,419,2,1,0,0.3216,5.7349,1,15868.3
58,29843.45,1060.48,retired,contract,4920.66,57374.16,60,513,3,1,0,0.4594,1.9225,0,265.16
69,28108.86,634.51,part_time,freelance,10573.39,90221.49,120,610,0,1,0,0.3461,3.2097,0,2994.1
56,1364.92,44.06,unemployed,contract,418.54,7825.33,36,364,1,0,1,0.4487,5.7332,0,119.39
54,80598.78,3787.29,employed,contract,31203.36,251332.22,36,665,4,1,0,0.6413,3.1183,1,24179.63
26,97295.69,2712.27,self_employed,permanent,36167.35,500000.0,84,504,2,0,3,0.4089,5.139,0,4378.86
46,45246.88,1874.32,employed,permanent,8710.81,37247.51,48,486,1,1,0,0.5356,0.8232,1,4072.22
47,74554.04,2210.7,employed,permanent,22506.64,428064.49,84,560,2,0,0,0.4162,5.7417,1,9371.44
41,71768.22,1589.2,employed,contract,19210.67,109907.38,120,389,2,0,0,0.3193,1.5314,1,19452.78
33,76146.64,2822.77,employed,freelance,24715.53,448476.5,60,692,4,0,1,0.5098,5.8896,0,7023.68
26,24990.36,1129.15,retired,contract,7873.85,36627.69,12,449,4,1,0,0.6052,1.4657,1,1574.39
56,43667.47,1431.25,employed,freelance,2676.5,128557.59,60,711,1,1,1,0.4056,2.944,1,34626.56
41,48006.62,1864.47,employed,temporary,4488.34,105488.77,84,743,0,0,1,0.4848,2.1974,1,16802.32
24,55122.94,2595.41,employed,permanent,5859.16,158906.91,120,439,1,0,0,0.5863,2.8828,0,677.03
21,47365.6,2077.74,retired,permanent,15507.47,88947.2,12,592,0,1,2,0.5919,1.8779,0,784.71
46,8855.09,234.55,unemployed,permanent,2871.68,51441.39,120,765,0,1,0,0.3827,5.8092,1,2243.6
40,85899.84,3627.01,employed,permanent,17019.69,187389.42,120,546,3,0,0,0.5463,2.1815,1,6442.49
57,38224.63,1355.9,employed,temporary,8880.84,156453.87,84,397,2,0,0,0.4721,4.093,0,1000.79
34,35635.6,1517.75,employed,permanent,11787.15,44756.93,60,469,0,1,1,0.5772,1.256,0,1029.22
40,28080.19,990.01,part_time,temporary,3511.08,141359.36,24,609,4,1,0,0.4481,5.0341,0,942.47
29,51532.31,1265.91,self_employed,temporary,1034.33,179527.94,36,725,4,1,1,0.2988,3.4838,1,78384.35
42,56737.5,2125.14,self_employed,permanent,10952.53,334011.03,120,366,4,0,1,0.4881,5.887,0,954.07
58,76946.19,2707.52,self_employed,permanent,28122.82,217658.63,120,355,3,1,0,0.4953,2.8287,1,6232.64
24,40632.72,1460.31,employed,permanent,12847.55,63995.04,12,816,0,1,0,0.4945,1.575,1,21941.67
20,41779.69,1941.42,retired,permanent,6126.86,100400.96,12,450,2,1,0,0.5869,2.4031,0,277.12
32,55889.01,2623.02,self_employed,contract,1448.0,254480.03,60,617,0,0,0,0.5684,4.5533,1,7545.02
40,69799.33,2377.47,employed,permanent,17782.62,287928.23,36,440,2,1,2,0.4597,4.1251,0,2123.08
45,80870.38,2759.74,employed,temporary,26994.24,386634.07,120,614,0,1,0,0.4763,4.7809,1,14556.67
69,41255.58,1479.41,self_employed,freelance,10973.14,37298.62,48,305,4,1,3,0.4835,0.9041,0,372.51
64,33410.08,1202.36,part_time,contract,5680.71,123350.96,12,488,4,0,0,0.4659,3.692,0,621.35
40,64187.85,3116.51,employed,freelance,3167.12,361180.39,36,616,2,1,3,0.5925,5.6269,0,4230.1
37,52148.33,2074.16,retired,permanent,18998.14,57022.14,36,823,2,1,0,0.5502,1.0935,1,19712.07
56,2492.76,72.11,unemployed,permanent,275.16,2539.73,120,462,3,1,0,0.3692,1.0188,0,239.07
64,68250.95,2480.0,employed,permanent,6123.12,303124.58,12,667,1,1,0,0.454,4.4413,1,20475.28
51,57213.79,2238.62,employed,permanent,18674.05,127787.2,24,816,2,1,0,0.5348,2.2335,1,30895.45
55,77582.22,3063.98,employed,freelance,30450.09,319808.31,84,365,0,0,0,0.5524,4.1222,0,782.63
36,7270.91,275.59,unemployed,temporary,1919.99,25445.38,24,623,5,0,0,0.5077,3.4996,0,121.79
54,62198.35,1618.23,employed,permanent,15544.87,368423.63,60,492,4,1,0,0.3622,5.9234,0,5347.52
68,85214.2,1858.79,employed,permanent,10888.02,459288.37,120,664,1,1,0,0.2873,5.3898,1,108750.36
30,60826.12,1866.58,self_employed,permanent,496.67,257258.01,84,669,2,0,3,0.3699,4.2294,1,35610.65
40,2639.76,87.91,unemployed,temporary,202.52,5119.05,84,635,1,0,0,0.415,1.9392,1,500.0
45,68445.57,1549.33,employed,contract,16000.67,132818.28,60,432,0,1,0,0.3184,1.9405,1,22373.49
23,69321.56,3091.96,employed,contract,4195.8,371032.62,36,440,0,0,0,0.5473,5.3523,0,1072.43
53,59150.2,1825.9,employed,freelance,20911.63,220001.83,120,635,0,1,1,0.4411,3.7194,0,5041.73
67,71227.95,3381.97,self_employed,permanent,5360.46,344818.05,12,798,1,1,0,0.5848,4.841,1,34616.78
37,53503.48,1355.62,retired,permanent,11173.76,159132.89,24,475,0,1,0,0.3458,2.9743,1,10395.3
59,75297.71,1693.74,employed,permanent,15421.37,80335.5,36,335,2,0,3,0.3109,1.0669,0,9989.59
54,22092.26,771.04,retired,permanent,5337.01,51470.01,120,442,1,1,1,0.4671,2.3298,0,527.75
60,45152.36,1189.75,self_employed,freelance,5913.77,62595.65,24,827,3,0,0,0.3424,1.3863,1,57639.7
48,117679.78,5669.12,self_employed,temporary,41118.93,500000.0,12,803,2,1,0,0.648,4.2488,1,57192.37
48,94014.23,1986.88,self_employed,contract,16708.27,409226.64,24,305,2,1,1,0.2891,4.3528,1,32120.71
57,85327.48,2804.55,employed,permanent,23896.94,84156.03,48,523,3,1,1,0.4504,0.9863,0,3699.91
61,51712.38,2475.13,employed,permanent,13153.79,202589.44,120,655,3,1,0,0.6252,3.9176,1,15513.71
40,95477.35,3059.62,self_employed,permanent,4474.3,500000.0,60,335,0,0,0,0.3939,5.2368,1,13675.7
61,92830.26,2186.06,self_employed,temporary,23119.91,402465.93,84,845,2,0,2,0.3324,4.3355,1,126022.65
32,52995.55,1572.26,self_employed,contract,11673.92,175474.39,24,824,1,0,0,0.4001,3.3111,1,42883.47
68,65294.9,2308.74,employed,permanent,23469.7,144644.4,12,356,2,1,0,0.4962,2.2152,1,5876.54
60,26430.55,693.37,part_time,contract,9312.82,142170.78,120,306,3,0,1,0.3853,5.379,0,563.43
36,70707.52,2435.26,self_employed,contract,4269.46,199778.93,12,742,0,1,0,0.4254,2.8254,1,39877.34
28,80494.83,3640.51,employed,permanent,2630.09,418948.6,48,614,0,1,2,0.5493,5.2047,0,4196.16
60,80807.8,3740.16,employed,contract,9522.14,388402.62,12,410,0,1,0,0.579,4.8065,1,7272.7
20,10207.21,227.32,unemployed,permanent,4028.23,50926.31,48,415,3,1,0,0.3462,4.9892,0,71.13
21,47726.67,1218.29,retired,temporary,411.86,283681.9,36,606,1,0,0,0.308,5.9439,1,19243.39
67,61844.59,1785.0,employed,contract,16645.9,285608.94,24,609,1,1,0,0.4002,4.6182,1,22219.52
48,32113.22,1226.2,retired,freelance,7816.53,22069.01,12,393,1,0,1,0.5069,0.6872,0,820.19
52,80725.7,2531.75,employed,permanent,20878.19,131573.74,60,491,0,1,1,0.4281,1.6299,0,1578.12
29,61961.08,2816.21,employed,permanent,5410.09,42974.55,24,578,0,0,1,0.5629,0.6936,0,1191.6
69,27115.74,1131.71,retired,permanent,2459.04,41880.93,120,354,4,0,0,0.519,1.5445,0,287.02
59,36771.71,873.82,retired,permanent,6334.18,30811.65,48,316,0,1,0,0.3196,0.8379,0,3067.96
40,38475.73,1502.46,self_employed,temporary,1475.28,125388.32,24,634,3,1,0,0.4763,3.2589,1,6233.07
47,43590.29,1051.81,retired,freelance,1300.96,28557.49,24,361,4,1,0,0.2955,0.6551,1,11231.91
30,53475.67,1511.86,employed,permanent,1890.03,165731.0,12,626,2,1,1,0.3463,3.0992,1,29589.16
53,27644.38,719.34,retired,permanent,6335.86,150485.64,60,427,1,1,0,0.3581,5.4436,1,4942.65
27,87607.98,2267.38,employed,permanent,13938.14,404500.77,36,799,2,0,1,0.3424,4.6172,1,124263.16
41,77728.45,3016.76,employed,permanent,9128.95,442411.49,60,558,0,0,1,0.4892,5.6918,0,1703.41
27,78288.82,2917.97,employed,permanent,9890.05,136735.91,84,709,4,1,0,0.4725,1.7466,1,32881.3
68,69304.71,1799.67,employed,permanent,5746.28,237089.47,48,442,1,0,2,0.3282,3.421,0,6011.49
34,81154.5,4034.46,employed,contract,13358.2,182775.11,84,696,1,0,2,0.6295,2.2522,0,5956.92
36,76753.94,2543.39,employed,permanent,6234.2,246841.35,120,658,0,0,0,0.4139,3.216,1,33042.57
42,67932.55,1607.59,employed,temporary,18968.02,242105.97,60,618,4,1,0,0.3398,3.5639,1,39178.06
43,87861.84,2139.43,employed,contract,4355.58,61417.51,60,577,3,0,0,0.3021,0.699,1,26081.79
64,43201.52,1635.76,self_employed,permanent,16386.2,77024.37,48,390,2,0,0,0.5302,1.7829,0,935.07
38,86885.88,4291.25,employed,temporary,3121.6,380234.36,120,381,4,0,0,0.5999,4.3763,0,2163.21
24,57079.1,2141.34,employed,temporary,21540.76,271188.75,120,318,4,0,3,0.5257,4.7511,0,1169.22
51,6340.79,307.62,unemployed,temporary,2113.5,23029.64,60,678,0,1,0,0.6488,3.632,0,191.63
63,22541.35,761.61,retired,permanent,6137.67,44847.36,36,668,3,1,0,0.4599,1.9896,1,4733.68
20,6481.29,217.42,unemployed,permanent,2365.16,17680.72,24,757,2,1,0,0.4755,2.728,1,699.98
42,68616.37,2430.18,employed,contract,3821.08,70551.52,36,318,2,0,0,0.4361,1.0282,0,796.12
56,11972.42,492.96,unemployed,contract,844.37,68751.48,84,552,0,1,3,0.5082,5.7425,0,100.48
27,88635.58,2796.94,employed,permanent,8939.88,467794.31,24,663,4,0,1,0.3988,5.2777,1,44849.6
32,88151.85,4057.63,employed,permanent,8632.24,75882.25,24,492,1,0,0,0.5719,0.8608,1,6611.39
27,54161.34,1174.62,employed,permanent,6734.38,76676.14,60,577,2,1,2,0.2851,1.4157,0,9480.47
42,54676.86,1840.41,retired,permanent,12589.48,202086.74,24,334,0,0,0,0.45,3.696,1,2870.54
62,60051.3,2146.07,employed,temporary,676.72,106793.15,48,543,1,0,0,0.4311,1.7784,1,6206.3
20,81850.99,3154.41,employed,permanent,12515.76,461574.42,36,372,2,1,2,0.493,5.6392,0,740.85
64,46897.6,1354.66,employed,permanent,4621.95,218343.42,24,566,1,0,0,0.3663,4.6557,1,9405.31
43,36715.83,1222.69,retired,contract,8909.17,73545.6,60,633,1,0,2,0.4481,2.0031,0,936.64
54,116771.15,4082.98,self_employed,permanent,46015.74,62304.15,60,467,0,0,3,0.4984,0.5336,0,1038.71
43,87086.73,3559.08,employed,contract,18032.34,426460.29,60,639,1,0,0,0.5318,4.897,0,4465.45
36,89954.81,3903.59,self_employed,contract,15316.97,254796.41,12,396,2,1,0,0.5548,2.8325,1,7286.34
24,100792.36,4268.89,self_employed,permanent,14846.45,406503.39,36,363,5,1,1,0.5377,4.0331,0,1006.52
39,41760.54,1286.06,self_employed,contract,13111.96,86793.5,60,395,1,0,0,0.4323,2.0784,0,979.94
40,74691.22,3733.36,employed,contract,2150.54,96038.19,120,845,2,0,0,0.6056,1.2858,1,33611.05
59,40867.88,1863.01,retired,permanent,15689.51,172225.98,48,668,5,1,0,0.6238,4.2142,1,8582.25
50,40035.35,1137.7,employed,permanent,6692.6,119176.64,60,644,3,1,0,0.3744,2.9768,1,18102.38
65,35750.11,948.23,self_employed,temporary,4485.93,64115.44,12,741,0,0,0,0.3434,1.7934,1,35270.34
55,40964.4,1228.62,employed,freelance,15960.85,51490.37,36,750,4,1,0,0.4378,1.257,1,27518.25
30,74839.63,2546.55,employed,temporary,28016.33,276355.64,24,533,3,1,2,0.4832,3.6926,0,2209.74
34,42794.34,1953.49,employed,permanent,10988.46,192169.04,36,456,0,1,2,0.5991,4.4905,0,538.97
38,69434.57,3022.87,self_employed,temporary,514.02,143130.92,24,327,0,1,1,0.5239,2.0614,0,2232.07
26,54634.0,2494.66,employed,permanent,16358.18,248217.78,120,771,3,1,0,0.6078,4.5433,1,29502.36
47,38368.65,1103.69,retired,temporary,5149.95,57828.16,24,757,2,1,0,0.372,1.5072,1,37128.58
62,73856.21,2817.07,employed,contract,11470.76,174395.66,60,637,0,0,1,0.4888,2.3613,0,4734.18
24,90048.64,2619.94,self_employed,temporary,5717.81,413940.32,84,721,2,1,0,0.3618,4.5969,1,94082.1
24,37074.24,890.27,retired,contract,7762.72,153145.88,48,674,2,0,0,0.33,4.1308,1,22059.17
49,69111.81,2819.01,self_employed,contract,20582.95,137385.98,48,598,1,1,0,0.549,1.9879,1,5598.06
51,4773.79,119.36,unemployed,temporary,521.32,5593.65,84,324,2,0,0,0.3219,1.1717,1,500.0
27,106881.45,4308.16,self_employed,permanent,40133.25,78408.64,60,365,1,1,1,0.5588,0.7336,0,2002.85
29,53196.85,2113.63,employed,contract,4143.75,271757.89,12,828,1,1,0,0.4924,5.1085,1,28726.3
57,27596.54,1227.1,retired,freelance,731.44,25203.39,24,690,1,0,1,0.5389,0.9133,0,1317.31
66,75882.35,1889.75,employed,permanent,19558.34,85872.14,84,577,0,1,0,0.3504,1.1316,1,20433.6
51,59177.53,2585.16,self_employed,permanent,20104.23,106957.97,48,309,0,0,0,0.5922,1.8074,0,1651.34
67,10163.98,507.98,unemployed,permanent,3875.05,29995.77,36,645,1,0,1,0.676,2.9512,0,174.04
47,53033.88,2421.28,employed,contract,16274.42,256887.04,12,440,0,1,0,0.6092,4.8438,0,1702.6
36,73606.97,3147.52,employed,contract,5878.25,136993.01,60,327,2,1,0,0.5291,1.8611,1,6624.63
50,37481.0,1504.73,employed,permanent,14657.49,130782.28,12,399,3,0,0,0.56,3.4893,0,513.77
27,32265.83,1069.14,retired,contract,11866.54,32170.61,120,486,3,1,0,0.4712,0.997,1,2032.75
59,19894.29,838.34,part_time,permanent,1298.44,60773.29,120,692,1,0,2,0.5187,3.0548,0,1319.21
44,102584.48,4303.95,self_employed,contract,22929.1,151518.76,48,610,2,0,0,0.5482,1.477,1,13848.9
28,116870.26,4587.4,self_employed,permanent,25969.39,194186.2,84,560,0,0,3,0.5155,1.6616,0,3566.01
21,22600.27,995.73,part_time,permanent,4000.56,56897.45,120,368,0,0,1,0.5641,2.5176,0,286.07
34,80366.0,2726.2,employed,permanent,31641.1,376708.58,120,337,0,1,1,0.4858,4.6874,0,2939.12
69,73483.21,1790.78,employed,permanent,1752.49,337429.42,120,365,5,1,0,0.2972,4.5919,1,26824.31
22,11608.63,431.14,unemployed,temporary,2912.41,32299.29,60,774,2,1,1,0.4959,2.7824,0,560.56
68,48011.02,1371.38,retired,temporary,3942.73,55341.89,48,793,0,1,2,0.3592,1.1527,1,51105.23
55,20866.69,668.69,retired,permanent,4401.46,42647.42,24,766,2,1,0,0.4267,2.0438,1,11563.23
23,74230.49,1584.17,employed,permanent,23152.22,243435.68,120,363,1,1,0,0.3185,3.2795,1,24251.1
33,64452.48,2062.35,employed,permanent,6360.86,340422.84,120,479,1,0,1,0.4037,5.2818,0,3715.72
60,35903.98,1594.98,employed,contract,5649.27,209155.06,120,398,4,0,0,0.5646,5.8254,0,325.94
60,48822.21,1789.96,employed,contract,18567.44,195586.17,12,836,2,1,0,0.516,4.0061,1,26363.99
44,85696.54,1809.84,employed,permanent,26102.51,208137.67,84,603,2,1,1,0.3143,2.4288,1,57289.85
69,11112.74,383.8,unemployed,temporary,2545.81,47940.29,24,372,0,0,0,0.4603,4.314,0,249.97
29,78936.78,2315.53,employed,permanent,7009.5,185443.47,36,846,0,1,0,0.3698,2.3493,1,110997.74
40,54325.85,1888.47,retired,freelance,9242.03,214049.5,24,442,2,1,2,0.4512,3.9401,0,1321.16
55,79359.99,2590.06,employed,freelance,24571.8,146079.21,12,513,0,1,0,0.4536,1.8407,0,3466.74
31,25969.4,1246.95,self_employed,temporary,8523.6,51119.15,36,604,1,0,0,0.6418,1.9684,1,3505.87
46,50830.89,1120.03,employed,freelance,4973.42,46446.26,48,713,2,1,0,0.284,0.9137,1,92227.57
59,36684.33,1495.67,employed,contract,9714.89,103111.45,84,644,1,1,1,0.5422,2.8108,0,3032.65
21,40175.94,1834.23,employed,contract,1526.73,156684.55,36,793,0,1,0,0.5555,3.9,1,21695.01
32,17033.34,831.42,part_time,temporary,158.15,82413.64,12,424,2,1,0,0.5876,4.8384,0,92.63
51,36631.67,952.95,retired,permanent,8039.54,181580.15,120,707,3,0,0,0.3561,4.9569,1,25829.36
50,81614.26,2965.02,employed,permanent,7325.04,486294.04,60,535,0,1,0,0.4539,5.9584,0,1193.21
35,82408.17,1821.61,employed,permanent,2601.2,80978.92,36,643,3,0,0,0.2716,0.9827,1,56466.08
51,26172.64,926.32,part_time,temporary,7640.61,84073.12,48,820,3,1,0,0.4831,3.2123,1,8479.94
51,86049.68,2107.57,employed,permanent,17140.22,289777.47,36,826,2,1,1,0.3337,3.3676,1,154548.67
53,62503.43,2829.65,employed,permanent,19908.02,307825.26,84,363,2,1,0,0.607,4.9249,0,1630.83
30,109458.42,2643.92,self_employed,permanent,29069.71,215082.71,24,801,2,1,0,0.343,1.965,1,167037.93
29,22443.5,803.57,part_time,permanent,6551.75,19785.02,60,310,1,1,0,0.488,0.8815,1,1211.95
34,50247.38,1810.51,employed,temporary,6177.63,111834.26,12,729,3,1,0,0.457,2.2257,1,21103.9
36,85402.71,4199.52,employed,freelance,8993.79,500000.0,60,600,1,0,0,0.6111,5.8546,0,5217.32
59,20922.51,835.58,part_time,contract,5028.72,113963.38,24,545,1,1,0,0.5273,5.4469,0,558.0
37,62687.23,1832.26,employed,temporary,5017.04,167616.77,120,393,0,1,0,0.3667,2.6739,1,15041.17
28,53087.33,1478.83,employed,temporary,17315.22,282397.84,60,614,0,1,0,0.3995,5.3195,1,19207.0
44,87969.57,2161.76,self_employed,permanent,18400.42,59832.47,120,452,4,0,1,0.3367,0.6801,0,3654.72
59,54816.16,2351.52,retired,permanent,4977.09,122137.12,120,539,0,1,3,0.5329,2.2281,0,703.86
33,36403.25,1491.82,employed,freelance,9103.26,163722.35,24,439,4,0,1,0.5418,4.4975,0,965.89
44,32696.5,1262.79,part_time,permanent,12359.74,56172.17,84,515,2,1,0,0.5391,1.718,0,189.57
69,25372.98,558.83,self_employed,permanent,833.2,40372.22,36,669,4,0,0,0.2709,1.5912,1,26158.27
41,55032.53,2370.94,employed,contract,2407.02,288367.24,12,592,3,0,0,0.5257,5.2399,0,2056.65
49,15877.96,628.05,part_time,permanent,5359.38,61729.49,24,540,3,0,0,0.5422,3.8877,0,291.14
39,76653.8,3751.96,employed,permanent,3360.31,455294.82,120,834,1,0,0,0.5961,5.9396,1,34494.21
40,37783.6,1434.27,employed,permanent,595.1,46877.48,24,620,3,1,0,0.4587,1.2407,1,6801.05
63,77581.07,2304.05,self_employed,permanent,10797.13,190749.06,36,344,1,0,0,0.3842,2.4587,1,12128.25
51,51220.94,1637.07,employed,permanent,9562.05,113284.0,24,583,0,0,0,0.4209,2.2117,0,1333.05
65,42351.86,1099.54,employed,permanent,9646.81,226189.74,12,511,2,0,0,0.3571,5.3407,0,3750.74
68,77450.0,3246.57,employed,temporary,15716.16,147474.94,48,386,2,1,0,0.5436,1.9041,0,2497.91
40,46957.93,1947.59,employed,contract,17152.5,114766.85,60,306,0,0,0,0.5708,2.444,0,674.65
54,26275.98,701.19,retired,permanent,8079.0,33780.04,84,758,3,0,2,0.3817,1.2856,0,9627.11
51,51132.29,1301.62,self_employed,contract,20121.79,243630.3,84,482,0,0,3,0.3842,4.7647,0,3947.27
49,25495.64,588.42,part_time,permanent,4859.01,46080.01,24,627,1,1,0,0.3151,1.8074,1,10182.55
58,71281.63,3381.07,employed,permanent,2404.46,62425.71,60,598,1,1,2,0.5759,0.8758,0,2574.31
68,35968.14,993.84,employed,permanent,13747.46,104059.35,84,697,0,1,0,0.408,2.8931,1,19854.41
31,48302.83,1491.18,employed,temporary,79.47,128148.36,60,313,0,1,0,0.3708,2.653,1,11233.31
60,58703.4,1703.26,employed,permanent,18223.79,86696.15,84,399,1,0,0,0.4103,1.4769,1,7898.54
66,53258.73,1752.07,employed,temporary,666.42,65763.17,48,468,1,1,0,0.3973,1.2348,1,9845.41
37,50714.31,2112.75,retired,contract,15441.78,275432.7,24,531,3,0,0,0.5608,5.4311,0,1043.63
40,30117.3,1392.19,part_time,temporary,11299.28,26296.76,120,410,1,1,0,0.6297,0.8731,0,805.58
32,26395.47,690.48,part_time,temporary,4109.88,27615.21,12,646,0,1,0,0.345,1.0462,1,8837.2
40,53592.33,2189.44,employed,freelance,5165.55,99025.77,24,639,0,0,0,0.5095,1.8478,0,3222.57
27,43924.88,1366.78,retired,permanent,3975.71,252155.85,60,539,2,0,0,0.3915,5.7406,0,2329.71
65,81400.09,4023.77,employed,permanent,16010.34,78926.62,36,539,4,1,0,0.6325,0.9696,1,7326.01
59,67715.67,2001.12,employed,contract,4628.69,337771.28,48,569,3,1,0,0.3683,4.9881,1,16052.68
65,47025.07,989.55,retired,temporary,12657.71,254231.02,12,839,0,0,0,0.3064,5.4063,1,57355.54
26,96164.97,3449.71,self_employed,permanent,14169.04,247939.51,12,585,0,0,0,0.4599,2.5783,1,6491.14
42,66445.55,1676.4,employed,permanent,8587.68,140626.64,60,634,0,1,0,0.3286,2.1164,1,40999.56
63,52170.08,1154.58,employed,permanent,9626.12,220448.72,12,742,2,0,0,0.3025,4.2256,1,72125.14
51,76018.02,3131.91,employed,permanent,16498.57,331779.91,60,802,1,1,3,0.5378,4.3645,1,41049.73
30,2481.56,104.7,unemployed,permanent,140.88,11886.36,12,669,0,1,1,0.5176,4.7899,0,112.09
41,77871.86,2668.7,employed,freelance,22045.94,394663.72,12,419,0,1,0,0.4679,5.0681,0,1993.3
41,30504.57,1237.75,part_time,contract,10773.57,60282.37,84,374,5,1,0,0.5575,1.9762,0,595.24
62,80217.97,2930.52,employed,permanent,8919.82,343195.64,84,722,5,1,0,0.4606,4.2783,1,33691.55
44,61010.38,2391.76,employed,temporary,4402.29,75773.76,60,369,0,1,0,0.4849,1.242,1,5490.93
41,45586.44,1743.1,employed,freelance,13867.49,150846.55,48,570,0,1,0,0.5197,3.309,1,4102.78
47,34473.74,1387.68,self_employed,permanent,2530.95,133443.64,12,431,4,1,0,0.4977,3.8709,1,2792.37
48,75884.87,2022.78,employed,permanent,1252.26,105443.97,24,397,1,0,1,0.3232,1.3895,0,2839.89
32,10635.14,304.92,unemployed,temporary,2634.3,9792.69,36,401,4,1,1,0.3936,0.9208,0,123.48
37,42081.02,1416.68,retired,contract,4035.59,66113.68,84,727,1,1,0,0.4232,1.5711,1,19003.12
21,15315.68,518.37,part_time,permanent,1052.56,43086.65,120,466,2,1,1,0.4199,2.8132,0,386.18
48,52591.17,2283.53,retired,freelance,20649.45,283104.86,60,404,0,1,1,0.5996,5.3831,0,608.04
40,54596.77,1722.47,retired,permanent,6373.95,187022.84,12,848,3,1,0,0.4019,3.4255,1,40490.93
34,66170.97,1692.19,self_employed,permanent,23912.69,305492.24,84,741,3,1,0,0.3792,4.6167,1,60430.51
46,40008.54,1126.95,retired,permanent,2852.11,58324.25,48,565,1,0,0,0.3523,1.4578,1,6204.72
69,77747.57,2106.68,employed,permanent,25469.39,84191.3,84,719,2,0,1,0.3907,1.0829,1,59484.67
50,75501.44,3184.15,employed,contract,15161.26,137253.73,24,560,1,0,0,0.5462,1.8179,1,5662.61
34,88228.3,3048.43,employed,freelance,2773.71,196426.39,60,733,1,1,0,0.4209,2.2263,1,58622.41
42,41318.57,1714.79,employed,permanent,12124.61,145216.64,24,715,3,0,1,0.5567,3.5146,0,1620.21
43,66939.87,2207.21,employed,freelance,23886.11,357916.66,84,654,1,0,0,0.467,5.3468,1,16734.97
63,27914.42,1305.95,part_time,contract,1820.21,79374.92,36,760,3,0,1,0.5745,2.8435,0,3361.31
32,83955.41,4157.42,employed,permanent,24366.89,281535.24,48,684,5,1,0,0.6523,3.3534,1,25186.62
41,83076.03,3353.81,employed,temporary,14789.28,43646.02,60,842,1,1,2,0.52,0.5254,1,44861.06
62,117909.98,5427.14,self_employed,permanent,35555.54,80558.03,60,574,3,0,1,0.6126,0.6832,0,2176.76
56,63164.31,2251.68,employed,temporary,18037.91,60683.89,12,609,1,0,2,0.4849,0.9607,0,3828.93
52,80691.85,3880.72,employed,permanent,858.57,350563.12,24,431,0,1,1,0.5792,4.3445,0,2218.07
22,58500.49,2637.67,employed,temporary,4182.11,185683.63,60,348,0,1,0,0.5554,3.1741,0,2255.1
38,58227.26,2897.4,employed,permanent,10970.65,90909.44,24,743,2,1,0,0.6348,1.5613,1,24455.45
42,48934.16,1908.77,employed,contract,18273.86,183958.04,36,471,0,1,0,0.5428,3.7593,0,1773.34
48,48274.78,2102.86,retired,contract,6605.41,168738.06,12,629,4,1,0,0.5501,3.4954,1,6082.62
49,11829.78,433.76,unemployed,permanent,2975.77,11692.51,120,305,3,1,0,0.4903,0.9884,0,163.58
58,49098.8,1393.96,employed,permanent,237.32,197488.64,36,503,1,0,0,0.3417,4.0223,0,3325.76
63,38087.24,1187.57,employed,permanent,10833.94,179747.08,12,668,2,0,0,0.4311,4.7194,1,13121.05
66,79854.83,3745.87,employed,temporary,19263.17,165782.56,12,847,2,0,0,0.6111,2.076,1,35934.67
44,7442.76,167.2,unemployed,permanent,2129.8,31863.86,24,580,2,0,0,0.3268,4.2812,0,222.29
56,87783.43,3343.22,employed,temporary,31765.68,140318.07,120,354,1,1,0,0.5294,1.5985,1,7900.51
66,48873.16,1549.15,employed,permanent,2863.95,227847.09,120,468,1,0,0,0.3921,4.662,1,7910.12
27,20628.02,662.4,retired,permanent,2158.43,113758.54,84,612,4,1,1,0.4063,5.5148,0,1842.87
61,62084.32,2895.2,employed,permanent,24728.95,181923.77,12,777,0,0,0,0.6393,2.9303,1,27937.94
35,39700.63,1815.77,employed,permanent,2481.83,73264.39,36,727,1,1,0,0.5613,1.8454,1,16674.26
27,49398.45,1891.94,employed,contract,14239.14,133152.13,84,811,2,1,1,0.5172,2.6955,1,26675.16
20,14897.49,428.95,part_time,freelance,4320.72,27939.14,36,712,3,0,2,0.4035,1.8754,0,1521.14
63,26292.89,912.38,retired,permanent,7183.15,13325.67,120,347,0,1,0,0.471,0.5068,1,1656.45
24,1273.74,41.7,unemployed,temporary,115.88,5193.69,84,302,2,0,3,0.4111,4.0775,0,98.38
22,87464.83,2724.28,employed,permanent,7526.67,64190.14,36,628,1,1,2,0.391,0.7339,1,34321.2
20,51463.46,1226.44,self_employed,temporary,13716.89,85282.62,24,532,2,1,0,0.3393,1.6571,1,13397.69
23,22209.64,814.52,part_time,permanent,1654.62,99354.22,24,359,1,1,0,0.455,4.4735,0,167.03
59,32668.07,968.18,part_time,temporary,8644.8,135947.77,48,829,2,1,0,0.4086,4.1615,1,19348.38
54,72252.69,2897.83,employed,freelance,14234.6,65266.51,120,396,0,0,1,0.5207,0.9033,0,2072.71
51,40867.39,1231.88,retired,permanent,6320.21,168794.62,120,365,3,0,0,0.3927,4.1303,1,4604.32
61,73805.98,2465.78,employed,contract,8863.58,414653.94,60,330,2,0,0,0.4249,5.6182,0,3998.05
53,80585.22,1801.93,employed,permanent,30544.28,73313.5,48,447,4,0,1,0.3441,0.9098,0,4776.94
62,108378.58,5395.34,self_employed,permanent,22026.59,301973.64,48,346,0,1,0,0.638,2.7863,1,8778.66
44,70345.18,2507.01,employed,permanent,15792.55,317389.46,12,543,2,1,0,0.4726,4.5119,1,6331.07
29,32470.17,699.42,part_time,permanent,12329.0,135481.02,120,556,1,1,1,0.3344,4.1725,0,1922.98
40,64446.86,2359.99,employed,permanent,16856.14,112511.84,12,777,0,1,0,0.4917,1.7458,1,34801.3
65,51342.63,2372.99,self_employed,permanent,19671.48,71718.98,48,655,1,0,0,0.6313,1.3969,1,11552.09
58,32241.76,1398.2,part_time,permanent,1371.78,155191.15,60,752,0,1,0,0.5289,4.8134,1,10446.33
46,24453.88,1009.37,part_time,permanent,8281.45,140838.35,48,821,0,0,1,0.563,5.7593,0,1627.19
46,84837.57,2112.54,employed,temporary,11382.3,400578.32,24,476,2,0,1,0.3256,4.7217,0,10059.87
21,37209.23,1489.01,employed,freelance,12063.05,215725.15,36,509,2,0,0,0.545,5.7976,0,1283.91
60,62764.0,2710.38,self_employed,permanent,21481.27,240227.63,48,341,0,0,0,0.5867,3.8275,0,630.34
67,87129.28,3269.87,employed,permanent,9461.82,488799.07,12,423,2,0,0,0.4721,5.61,1,6534.7
32,17741.95,831.6,part_time,permanent,2901.38,76244.19,60,486,1,0,0,0.5952,4.2974,0,125.07
28,33655.33,973.05,part_time,contract,9773.7,185066.15,12,324,5,1,0,0.405,5.4989,0,1566.88
55,87464.64,2439.9,employed,temporary,3465.55,121465.59,120,463,1,1,0,0.3427,1.3887,1,24764.74
41,83517.83,3858.17,employed,permanent,25240.21,416387.22,24,334,0,1,0,0.6148,4.9856,0,3453.93
61,66001.74,2578.96,employed,permanent,2916.56,104421.48,120,552,1,0,2,0.4777,1.5821,0,642.52
45,26879.61,561.13,part_time,permanent,9832.09,17494.86,84,774,1,0,0,0.3237,0.6509,1,25589.93
31,82828.93,2578.71,employed,permanent,9155.56,277205.55,12,769,0,0,0,0.3957,3.3467,1,77751.52
36,77674.34,3561.69,employed,freelance,17883.72,174797.15,120,821,1,1,0,0.5963,2.2504,1,41944.14
33,69655.16,1506.65,employed,freelance,3264.14,51504.59,84,563,4,1,0,0.2689,0.7394,1,28975.15
33,118314.64,2476.1,self_employed,permanent,12753.99,500000.0,12,404,3,0,0,0.2727,4.226,1,36305.44
53,72712.21,2111.32,employed,temporary,11748.99,302887.33,60,519,2,1,0,0.3808,4.1656,1,15601.13
39,88651.51,4210.21,employed,permanent,17271.05,484034.31,120,706,1,0,0,0.6089,5.46,1,31028.03
30,13319.93,627.72,part_time,permanent,0.36,79852.37,84,505,0,0,0,0.5655,5.995,0,99.52
35,15196.09,546.51,part_time,contract,5401.64,40358.03,60,515,1,1,0,0.5027,2.6558,0,220.72
50,34703.98,1282.99,retired,temporary,106.54,65974.13,12,363,0,0,0,0.4442,1.9011,0,650.87
25,56168.37,1714.08,employed,permanent,17382.64,84890.86,12,337,0,1,1,0.4281,1.5114,0,1336.27
38,78050.42,2180.91,employed,permanent,14691.55,260183.35,48,521,2,1,0,0.373,3.3335,1,17842.33
56,40258.33,1795.95,self_employed,contract,8436.21,154328.06,24,641,3,0,0,0.5772,3.8334,0,2355.59
23,88685.23,2122.56,employed,temporary,7388.03,274775.67,84,772,0,1,2,0.3039,3.0983,1,187824.67
66,19246.52,674.55,part_time,permanent,4675.89,50616.16,48,835,1,0,1,0.4692,2.6299,0,560.5
23,65747.75,2586.29,self_employed,permanent,14128.72,93723.36,60,656,0,0,0,0.515,1.4255,1,14793.24
39,50110.98,1195.51,employed,permanent,3292.02,146836.59,48,805,1,0,0,0.2994,2.9302,1,90470.36
29,25325.36,911.42,part_time,freelance,2412.18,24536.15,48,534,3,0,0,0.4509,0.9688,0,464.12
43,13348.46,502.94,part_time,temporary,357.22,70183.03,84,393,0,0,0,0.4575,5.2578,0,290.36
54,43232.26,1836.92,employed,permanent,1146.24,32768.52,12,488,2,1,0,0.5152,0.758,1,3890.9
45,95850.78,2653.41,self_employed,temporary,528.17,248594.11,12,315,0,0,0,0.3333,2.5936,0,10510.68
56,45257.53,1330.06,employed,contract,3991.25,47554.72,84,674,1,0,0,0.3703,1.0508,1,29349.51
57,47953.29,1795.58,employed,permanent,13036.8,228372.4,24,663,1,0,1,0.5037,4.7624,0,4128.85
40,78614.02,3892.01,employed,permanent,9943.59,174527.32,36,697,1,0,1,0.6194,2.2201,0,3764.83
59,33863.61,920.31,self_employed,temporary,4642.49,37997.71,36,709,2,1,0,0.3535,1.1221,1,37505.3
58,22061.9,1094.02,part_time,temporary,1164.03,75522.34,84,473,5,1,0,0.6056,3.4232,0,479.5
40,27191.02,1133.0,self_employed,contract,6259.05,150625.3,84,485,0,1,0,0.5461,5.5395,0,529.56
29,54074.41,2429.42,employed,freelance,7400.49,297276.6,48,329,2,0,0,0.5665,5.4975,0,518.57
57,91403.23,2143.21,self_employed,permanent,24727.02,171205.63,24,769,1,1,0,0.3355,1.8731,1,146148.28
65,39955.68,1182.51,employed,permanent,11850.21,178127.54,24,679,5,0,0,0.4145,4.4581,1,17081.05
23,50868.38,1145.42,retired,freelance,11896.95,33906.98,60,611,4,0,1,0.317,0.6666,0,2707.82
64,85022.45,2692.67,employed,permanent,9388.84,104168.22,12,377,0,1,0,0.4021,1.2252,1,14982.66
39,40774.47,2016.47,employed,temporary,8295.29,132398.7,120,834,5,1,0,0.6341,3.2471,1,22018.21
36,89490.28,2139.16,employed,temporary,9018.14,157338.27,84,828,2,0,0,0.307,1.7582,1,155444.62
26,3570.35,132.95,unemployed,temporary,1289.49,17460.58,120,421,5,1,2,0.5191,4.8904,0,65.55
23,39625.59,832.55,employed,permanent,12147.4,222731.36,84,527,3,1,0,0.3134,5.6209,1,13309.44
48,60.81,2.53,unemployed,contract,11.99,1000.0,84,707,0,1,0,0.5387,16.4447,0,169.64
33,57468.76,1527.79,employed,contract,22193.45,102353.99,84,474,2,0,0,0.3963,1.781,1,8939.27
22,69639.55,1714.03,employed,temporary,15230.32,203176.41,60,314,2,0,0,0.3391,2.9175,1,16807.51
43,53269.86,1633.41,employed,permanent,7000.42,191608.28,36,513,0,0,0,0.3942,3.5969,1,8453.93
56,31244.5,1353.58,part_time,permanent,1193.13,173015.33,24,351,2,1,0,0.5275,5.5375,0,655.26
35,28481.94,681.94,part_time,permanent,6194.77,153955.12,120,615,2,1,0,0.3308,5.4054,1,10409.35
23,54258.88,1494.13,employed,permanent,18674.1,217276.19,36,356,5,0,0,0.3993,4.0044,1,8195.8
43,75387.03,1589.17,employed,permanent,26135.74,144413.96,12,588,2,0,0,0.3223,1.9156,1,20094.41
53,86726.83,4256.45,employed,freelance,20972.87,416989.79,12,448,1,1,2,0.6373,4.8081,0,1755.92
49,33844.12,1289.6,self_employed,contract,5326.23,54644.2,84,707,4,1,0,0.4887,1.6146,1,12793.08
37,51835.72,2168.31,employed,temporary,13483.43,301085.07,120,831,2,1,0,0.554,5.8084,1,27991.29
38,22656.5,902.45,part_time,temporary,6906.97,12055.97,12,668,1,1,1,0.539,0.5321,0,714.55
50,23453.77,587.38,part_time,permanent,3861.66,85224.85,36,623,0,0,1,0.3335,3.6337,1,7029.09
38,64820.76,2475.23,employed,freelance,12348.46,63925.25,120,656,2,1,0,0.4963,0.9862,1,19446.23
68,51534.48,1271.16,employed,permanent,14030.08,141297.1,24,729,0,0,0,0.3504,2.7418,1,53966.91
65,42688.61,1388.92,retired,permanent,14969.23,170418.67,120,332,4,1,0,0.4606,3.9921,0,695.5
38,41868.13,1567.04,retired,permanent,13247.25,179731.16,60,842,5,1,1,0.5124,4.2928,1,15826.15
41,66780.18,2479.82,employed,contract,598.12,321922.68,24,585,0,0,1,0.4474,4.8206,0,1912.97
43,41256.89,1002.8,employed,freelance,2052.49,155262.15,24,816,0,0,0,0.3016,3.7633,1,73668.3
64,61233.23,1337.19,employed,permanent,20887.34,115256.64,48,416,2,1,0,0.3303,1.8823,1,18704.3
31,54592.48,2408.36,employed,freelance,18208.18,294302.21,24,568,0,0,0,0.5961,5.3909,0,1804.81
49,62007.12,2604.68,employed,permanent,9643.52,307622.95,60,462,1,0,0,0.5352,4.9611,0,885.03
57,85702.65,1989.99,employed,permanent,20029.67,118294.32,48,439,1,0,0,0.3254,1.3803,1,22445.52
50,70650.48,1734.44,self_employed,contract,25599.35,356489.01,24,443,3,1,0,0.3671,5.0458,1,15210.91
55,35768.94,1676.38,employed,contract,13042.2,209232.02,48,521,5,1,0,0.6353,5.8495,0,1261.4
38,59136.02,2558.59,employed,temporary,18523.6,236822.32,120,734,1,1,0,0.5818,4.0047,1,24837.13
67,80135.65,3997.81,employed,temporary,6718.22,164272.37,24,844,2,1,1,0.6154,2.0499,0,7600.31
64,46862.25,1323.45,retired,contract,13689.08,179776.06,12,753,1,1,0,0.3973,3.8363,1,36384.41
55,36995.43,1297.09,retired,contract,1496.07,88194.99,12,366,3,1,0,0.4288,2.3839,1,3318.93
49,48737.3,1351.49,employed,freelance,17427.26,205559.58,24,305,0,1,1,0.4043,4.2177,0,4057.33
68,60579.88,2362.51,employed,temporary,3614.17,211811.48,120,540,1,1,0,0.4799,3.4964,0,2538.42
52,24965.15,604.15,part_time,freelance,6614.25,140109.37,48,354,0,1,0,0.3434,5.6122,0,448.81
37,89992.93,2208.84,employed,freelance,21967.03,350837.17,60,682,0,0,0,0.3434,3.8985,1,70464.46
68,70429.79,1614.96,employed,permanent,21886.75,118103.66,12,733,1,1,0,0.3373,1.6769,1,96254.99
47,73184.57,3005.17,employed,contract,16146.78,328459.98,48,769,1,1,0,0.5369,4.4881,1,39519.67
66,62029.98,2186.17,employed,permanent,1477.97,133664.11,60,370,1,0,0,0.4277,2.1548,1,6727.15
30,54496.93,2117.23,employed,permanent,15386.58,108893.05,48,749,1,0,1,0.5227,1.9982,1,19073.93
64,30697.92,1426.83,part_time,temporary,4704.82,81495.96,24,779,1,0,0,0.5884,2.6548,1,8288.44
52,72018.57,3055.48,self_employed,permanent,9226.59,40761.2,12,442,0,0,1,0.5347,0.566,0,844.32
36,89707.96,3077.01,employed,temporary,35584.4,500000.0,12,321,3,0,0,0.4909,5.5736,0,764.71
25,22513.77,1115.42,part_time,contract,5316.85,77173.18,12,721,2,1,0,0.6418,3.4278,1,5673.47
23,38740.02,1322.62,employed,permanent,11013.31,184178.44,24,691,0,0,1,0.4665,4.7542,1,9685.0
39,72541.8,1749.21,employed,permanent,15272.26,139148.75,60,767,0,1,0,0.3315,1.9182,1,132011.57
67,29430.94,1465.24,self_employed,freelance,9064.41,135570.67,60,592,0,0,0,0.659,4.6064,0,805.4
66,48797.65,1049.1,self_employed,permanent,14679.75,176620.06,84,420,1,1,0,0.3182,3.6194,1,14371.69
46,54455.6,2007.87,employed,permanent,14314.11,154261.44,84,737,1,1,1,0.495,2.8328,1,22871.35
34,75671.6,2258.69,employed,permanent,30200.33,441822.31,120,400,0,1,2,0.438,5.8387,0,3257.07
25,71952.41,2555.77,self_employed,temporary,13233.3,231409.05,12,486,2,1,0,0.463,3.2161,0,2807.4
66,27721.36,1029.27,self_employed,temporary,7830.64,114101.73,84,458,3,1,0,0.502,4.116,0,397.63
33,83600.74,2327.12,self_employed,contract,26677.93,48854.77,120,817,0,1,0,0.3979,0.5844,1,82966.38
30,57628.99,2136.6,employed,permanent,8668.2,124363.57,60,479,0,1,0,0.475,2.158,1,5186.61
58,85700.9,3675.29,employed,contract,15672.12,461739.62,84,730,1,1,1,0.5512,5.3878,1,35994.38
28,62475.93,1787.22,employed,temporary,24219.85,292029.67,84,511,1,1,1,0.4208,4.6743,0,3604.66
45,73993.63,2369.02,employed,permanent,955.73,255436.9,12,732,1,1,0,0.3868,3.4521,1,70359.06
35,17033.98,488.14,part_time,temporary,2284.57,92850.15,60,400,2,1,1,0.3707,5.4509,0,1000.88
24,76853.55,3440.45,employed,contract,14946.88,243949.52,120,619,0,0,0,0.5761,3.1742,1,11528.03
29,74652.54,3133.81,employed,temporary,43.75,269927.82,12,397,1,0,0,0.5039,3.6158,0,1022.09
69,10848.98,501.69,unemployed,permanent,3901.84,28227.32,60,578,3,0,0,0.6268,2.6018,0,121.11
22,36860.19,950.74,employed,permanent,4220.41,144131.46,48,442,4,0,1,0.3324,3.9102,0,4436.54
32,59612.54,1369.86,employed,permanent,6144.98,134396.97,12,644,2,1,3,0.2964,2.2545,1,43693.61
62,43128.75,1048.69,retired,permanent,14151.86,113006.25,84,655,0,0,0,0.3574,2.6202,1,21525.56
68,21521.06,549.43,retired,temporary,2393.0,125140.54,120,654,2,1,1,0.3286,5.8148,1,15492.58
49,64007.39,2328.69,self_employed,permanent,16837.08,71188.87,120,729,3,0,0,0.4892,1.1122,1,20162.33
64,86818.06,4267.25,employed,contract,28528.52,93668.39,120,338,0,0,0,0.6555,1.0789,0,2470.76
25,66413.78,2075.61,self_employed,permanent,21052.55,49029.18,84,602,2,1,0,0.4384,0.7382,1,13255.13
36,11824.86,576.93,unemployed,permanent,3698.58,26727.08,12,848,4,0,0,0.648,2.2602,0,499.18
64,38126.15,836.77,employed,temporary,1351.76,102569.29,84,724,2,0,0,0.2705,2.6903,1,61249.66
38,74480.64,3565.17,employed,permanent,2378.82,75958.04,36,647,1,1,0,0.5808,1.0198,1,13406.52
61,39497.6,1031.56,retired,freelance,4846.67,139040.26,12,728,1,1,2,0.3379,3.5202,1,37647.06
54,62529.68,2966.86,employed,permanent,899.12,231869.96,60,585,0,1,1,0.5722,3.7082,0,2064.49
65,11650.17,261.82,unemployed,permanent,2332.04,53947.82,120,754,1,0,1,0.3097,4.6306,0,812.57
45,42130.77,2042.91,employed,contract,6652.99,247215.97,48,623,3,0,1,0.6135,5.8678,0,1312.77
24,84279.94,2249.43,employed,temporary,18778.44,329234.31,48,818,5,1,1,0.3648,3.9064,1,123062.2
48,73018.22,2165.9,employed,permanent,8726.8,81348.1,60,652,1,1,1,0.3799,1.1141,1,52616.93
56,27582.85,969.61,retired,permanent,5359.39,27221.06,24,602,1,0,0,0.4607,0.9869,1,2896.2
39,84591.8,2701.67,employed,contract,11326.66,404053.39,120,509,0,0,1,0.41,4.7765,0,3547.12
68,65783.02,2651.25,self_employed,freelance,5136.55,268186.7,84,743,3,1,2,0.4993,4.0768,0,11554.57
40,102351.6,5042.37,self_employed,freelance,26585.49,142322.89,12,432,2,1,1,0.6431,1.3905,0,3187.92
29,4666.04,179.74,unemployed,permanent,1256.91,8835.05,120,475,1,1,0,0.5161,1.8935,0,108.2
24,31571.41,1322.11,part_time,freelance,10472.01,146059.51,48,386,2,1,0,0.5689,4.6263,0,261.65
55,85479.77,2000.24,self_employed,permanent,29909.43,308911.65,60,757,2,1,1,0.3508,3.6139,1,123964.81
25,42757.56,1673.72,employed,permanent,12048.43,158951.24,48,516,2,1,0,0.5261,3.7175,0,898.2
45,26942.25,917.94,part_time,contract,7409.1,44590.71,120,705,1,1,0,0.4638,1.655,1,6789.45
23,43177.75,2015.05,self_employed,permanent,978.85,170976.07,120,706,2,0,0,0.5646,3.9598,1,13600.99
58,57655.74,1853.99,employed,permanent,2531.76,273199.26,120,728,2,0,1,0.3947,4.7385,1,42498.05
58,44366.26,1803.52,employed,permanent,14420.15,238197.45,120,531,0,1,0,0.5528,5.3689,0,454.39
69,18814.6,517.17,retired,permanent,1753.15,85643.03,48,729,0,1,0,0.3485,4.5519,1,16760.42
54,46653.76,1324.89,employed,contract,6635.38,171222.38,120,337,3,1,0,0.3692,3.6701,1,10984.16
20,75955.34,2415.65,self_employed,temporary,4414.44,319234.69,60,723,0,0,0,0.3933,4.2029,1,51057.94
43,61485.85,1826.24,employed,permanent,4799.63,194794.12,36,698,1,1,0,0.372,3.1681,1,47221.13
55,62582.34,1767.21,employed,temporary,19410.97,109390.2,48,484,0,1,0,0.4009,1.7479,1,11163.44
25,48530.25,1081.35,self_employed,freelance,5083.25,259740.61,48,676,0,0,0,0.2883,5.3521,1,46232.34
60,72683.87,3288.1,employed,contract,13055.04,249263.84,24,574,0,0,1,0.5788,3.4294,0,600.74
65,73734.48,1674.42,employed,permanent,4473.36,277886.87,36,585,1,0,0,0.2846,3.7688,1,23823.61
63,59006.94,2756.5,self_employed,freelance,16001.03,350831.6,24,647,3,1,2,0.6148,5.9456,0,1511.32
50,83464.35,2044.27,employed,contract,24313.82,493907.49,60,829,5,1,1,0.3522,5.9176,1,133229.13
39,7728.28,175.72,unemployed,permanent,1118.1,28785.61,120,306,2,0,0,0.3018,3.7247,0,90.05
43,44382.45,1653.44,retired,permanent,13931.59,30480.31,120,487,2,0,0,0.5098,0.6868,0,1093.58
44,3328.08,118.11,unemployed,permanent,319.37,8915.3,84,415,3,1,0,0.4451,2.6788,0,95.31
55,35033.64,1231.82,employed,contract,9695.96,198119.19,120,798,2,1,0,0.4773,5.6551,1,18918.17
40,82595.66,3104.75,employed,permanent,24116.76,172268.63,12,362,3,1,0,0.5095,2.0857,1,7433.61
49,103130.32,3012.01,self_employed,temporary,39959.18,500000.0,60,740,3,1,0,0.428,4.8482,1,56135.9
43,14833.41,595.85,part_time,permanent,1378.45,14295.65,36,643,2,1,0,0.5006,0.9637,0,563.4
63,31841.89,1129.96,retired,freelance,1193.57,115415.01,84,678,1,0,0,0.4333,3.6246,1,7433.49
61,42469.55,1299.43,retired,permanent,4468.4,141634.74,60,594,1,0,0,0.3882,3.335,1,4985.5
49,70866.1,3184.69,employed,freelance,3482.71,134960.31,36,531,1,0,0,0.5491,1.9044,0,1047.27
41,82319.27,3462.23,employed,freelance,5587.64,470647.19,84,739,1,1,0,0.5183,5.7173,0,7139.34
47,42714.75,1380.27,employed,permanent,5708.65,166819.96,24,693,1,1,1,0.4145,3.9054,1,21912.67
26,58646.69,2671.68,employed,permanent,9711.67,103585.04,48,575,3,0,0,0.5798,1.7663,1,4398.5
54,40347.34,1923.53,employed,permanent,14585.15,105397.95,60,466,5,0,0,0.6444,2.6123,1,3026.05
47,20960.69,764.9,part_time,freelance,1640.1,93626.41,120,398,1,0,0,0.4536,4.4668,0,237.51
33,35830.91,971.12,employed,temporary,13927.6,76582.55,60,711,0,0,1,0.403,2.1373,1,24329.19
29,84405.02,4012.95,employed,permanent,27352.4,450539.99,84,527,0,1,0,0.6353,5.3378,0,2933.72
35,63987.42,1686.7,employed,permanent,22561.23,90299.46,48,713,3,1,0,0.3868,1.4112,1,60844.36
35,31545.45,701.75,part_time,permanent,11727.89,61664.35,60,613,3,0,0,0.3413,1.9548,1,9011.27
50,30690.95,932.55,self_employed,freelance,9247.08,39804.39,120,625,1,1,0,0.4249,1.2969,1,7467.84
61,46608.52,1959.26,self_employed,temporary,14705.54,50010.18,60,361,1,0,1,0.5675,1.073,0,1444.7
44,17965.74,858.08,part_time,contract,3146.29,38657.51,84,428,2,1,1,0.6082,2.1517,0,262.08
32,56268.03,2218.13,employed,permanent,11488.81,337354.02,12,751,1,1,0,0.5139,5.9955,1,30384.74
25,101272.31,4921.36,self_employed,permanent,37773.98,103177.42,84,708,0,0,0,0.6577,1.0188,1,31900.78
63,56260.68,1323.67,employed,freelance,8512.37,94040.4,84,722,0,1,0,0.3126,1.6715,1,88563.31
28,46255.94,1045.63,employed,permanent,776.12,92229.37,84,529,0,1,3,0.2746,1.9939,0,2487.96
64,20404.64,784.67,retired,freelance,6225.49,79684.47,12,811,2,0,0,0.5225,3.9052,1,6427.46
55,953.9,46.75,unemployed,permanent,218.69,4387.37,120,637,1,0,2,0.634,4.5994,0,87.95
62,76802.6,2726.19,employed,permanent,25033.84,356028.84,48,545,3,1,0,0.4911,4.6356,0,2909.97
39,59464.16,1328.18,employed,temporary,1797.04,32556.5,24,503,0,1,0,0.2741,0.5475,1,24179.32
37,93987.21,2564.49,self_employed,freelance,23355.14,383954.44,60,492,1,1,0,0.3771,4.0852,0,4704.28
62,72525.79,2028.77,employed,freelance,7186.03,287858.69,84,658,0,1,0,0.3555,3.9691,1,62879.86
40,42444.94,1302.53,employed,permanent,15335.67,142067.49,60,553,3,0,0,0.4405,3.3471,1,3788.21
23,42858.84,947.4,employed,permanent,1884.25,110817.83,24,583,3,1,0,0.2741,2.5856,1,17427.26
69,76543.81,3614.86,employed,temporary,25812.69,373988.7,60,517,5,0,0,0.6342,4.8859,0,1179.1
52,44686.93,1602.95,retired,temporary,1582.89,106861.84,24,481,0,0,0,0.4375,2.3913,0,1016.78
46,55791.69,2254.1,employed,contract,560.09,98476.1,48,522,3,1,0,0.4868,1.7651,1,5021.25
26,39258.22,894.79,employed,permanent,3691.21,86584.93,48,507,0,0,2,0.2923,2.2055,0,4303.64
25,26149.31,586.05,self_employed,freelance,3483.55,76305.35,24,722,0,1,0,0.2956,2.9181,1,40407.59
34,28661.81,1087.39,retired,temporary,7182.98,48074.9,24,469,0,1,0,0.5054,1.6773,0,747.55
37,35507.23,1658.64,employed,contract,1870.87,136406.06,36,438,1,1,0,0.5711,3.8416,0,1288.55
51,47653.99,1727.33,employed,temporary,8336.21,255575.53,12,502,0,0,1,0.47,5.3632,0,1178.05
30,58072.54,2696.68,employed,permanent,4744.84,219225.62,120,553,1,1,0,0.5736,3.775,1,5226.53
39,1456.99,64.82,unemployed,freelance,498.47,4307.85,12,465,0,0,0,0.6023,2.9567,0,206.09
43,34906.39,804.44,self_employed,temporary,627.85,170440.16,84,695,5,0,0,0.2801,4.8828,1,34541.62
34,51168.19,1367.41,retired,contract,7285.08,236100.9,60,725,2,1,0,0.3492,4.6142,1,45371.04
67,25465.81,1019.05,part_time,freelance,6431.38,64143.78,60,746,1,0,0,0.5307,2.5188,1,5347.82
26,52574.86,1775.39,retired,temporary,19202.19,200985.49,24,805,3,1,0,0.4783,3.8228,1,19873.3
40,57853.49,1695.81,self_employed,temporary,20086.58,261158.51,84,436,0,1,0,0.4212,4.5141,1,7385.35
61,72242.97,2387.16,employed,permanent,25868.53,133652.96,24,705,1,0,0,0.4681,1.85,1,25285.04
45,46258.04,1564.37,employed,permanent,1162.99,116316.13,12,530,1,1,1,0.4108,2.5145,0,2897.3
63,26221.83,1242.68,part_time,permanent,8820.22,28365.95,84,543,0,0,0,0.636,1.0818,0,473.78
33,42127.22,1004.77,employed,permanent,13142.22,249908.84,84,585,0,1,0,0.3486,5.9322,1,11480.51
56,35114.44,1018.04,employed,permanent,12675.35,34142.72,60,353,3,0,0,0.4201,0.9723,1,4208.47
40,113495.52,4143.98,self_employed,permanent,14145.0,161995.98,120,691,0,1,0,0.4631,1.4273,1,30643.79
37,65519.19,2699.39,employed,permanent,23895.24,205669.7,12,569,4,1,1,0.5673,3.1391,0,1232.79
24,113059.36,4434.97,self_employed,permanent,18208.94,500000.0,48,688,0,1,0,0.5029,4.4225,1,30526.03
22,56713.99,2739.17,self_employed,permanent,14384.93,139366.19,12,312,3,0,0,0.6303,2.4574,0,1062.17
42,53028.23,2335.29,employed,permanent,8997.38,250679.23,12,642,1,1,2,0.5624,4.7273,0,2700.96
45,32824.24,1217.17,retired,temporary,5614.89,138458.8,24,638,2,1,0,0.4792,4.2182,1,4135.85
56,73832.25,2000.48,employed,temporary,16143.78,296263.16,60,323,0,1,0,0.3689,4.0127,0,6101.52
43,66119.47,2246.99,employed,permanent,9413.47,340356.25,120,334,0,1,0,0.4363,5.1476,0,3170.72
68,112908.72,4635.69,self_employed,temporary,35802.77,65254.08,48,785,1,0,0,0.5561,0.5779,1,45728.03
38,27416.89,1241.27,self_employed,contract,6948.96,153818.12,12,721,1,0,1,0.594,5.6103,0,1291.74
44,44203.25,2158.25,retired,permanent,12195.78,223701.33,12,589,0,0,0,0.6411,5.0607,1,2320.67
40,53168.02,2046.56,employed,temporary,4913.47,300839.0,24,589,1,0,0,0.4804,5.6583,1,3987.6
31,42122.2,1524.9,self_employed,freelance,16336.26,204913.27,84,318,0,0,0,0.512,4.8647,0,356.44
60,63071.76,1346.54,employed,contract,16655.39,336314.57,36,591,3,1,0,0.309,5.3323,1,21684.07
52,23616.47,541.67,part_time,permanent,1862.83,38186.16,60,677,3,0,3,0.291,1.6169,0,6336.49
69,42535.61,1079.83,employed,temporary,12769.02,95950.12,60,453,0,0,0,0.3647,2.2558,1,8632.6
23,2422.75,54.34,unemployed,permanent,168.35,5411.73,60,427,2,0,3,0.283,2.2337,0,247.51
61,57449.06,1868.54,employed,temporary,1456.56,63217.93,12,732,1,1,0,0.3954,1.1004,1,50477.04
26,57484.63,1762.42,employed,freelance,12130.48,259410.08,12,569,3,0,1,0.4101,4.5127,0,1193.27
41,52465.7,2068.35,employed,temporary,11616.41,65526.51,12,814,0,0,0,0.5174,1.2489,1,23609.56
52,23496.17,856.6,retired,freelance,1775.99,18533.79,84,557,0,1,0,0.4526,0.7888,1,1480.26
36,25415.5,971.27,self_employed,permanent,3541.69,121103.78,36,641,3,1,0,0.4865,4.765,1,4117.31
43,34315.41,1187.29,part_time,freelance,12981.78,187899.09,12,801,3,0,3,0.4909,5.4756,0,3286.96
53,86892.46,2514.15,employed,temporary,9905.85,408627.3,60,716,3,0,1,0.37,4.7027,1,79072.14
47,61600.77,2995.28,employed,permanent,3833.24,310433.21,84,399,1,0,0,0.5959,5.0394,0,699.97
62,89727.85,2095.47,employed,temporary,35624.18,338805.11,60,693,0,1,0,0.3596,3.7759,1,75586.74
60,42925.21,2069.75,retired,permanent,5190.61,231049.44,24,352,0,0,1,0.6028,5.3826,0,331.0
58,38787.16,1160.17,employed,permanent,10554.04,125355.03,36,727,4,1,0,0.4134,3.2319,1,28215.33
41,22355.57,800.02,retired,contract,2070.66,132697.62,48,448,1,0,0,0.448,5.9358,1,1220.61
68,33070.55,793.95,part_time,permanent,7277.12,35345.23,12,750,3,0,0,0.3321,1.0688,1,29983.74
36,26491.2,606.71,part_time,contract,4093.23,131144.52,120,833,5,1,2,0.3057,4.9505,0,14332.68
53,105102.44,3506.4,self_employed,permanent,40425.73,423314.98,48,831,1,1,0,0.4773,4.0276,1,51079.79
25,110335.62,4685.53,self_employed,permanent,19101.56,407530.5,12,665,3,0,0,0.5442,3.6936,1,24825.51
65,5375.3,154.22,unemployed,freelance,1256.04,24145.62,36,623,0,0,0,0.391,4.492,0,208.07
25,37668.93,1402.61,employed,permanent,14235.33,192925.32,36,819,1,0,0,0.5224,5.1216,1,16951.02
53,42886.63,1242.02,self_employed,temporary,16969.97,224977.36,60,545,2,1,0,0.4267,5.2459,1,5092.62
20,38661.46,1243.66,employed,temporary,1572.1,56623.39,36,748,0,0,0,0.3941,1.4646,1,28659.74
29,45380.69,2145.21,employed,temporary,15144.82,71869.29,84,453,1,0,0,0.634,1.5837,0,670.8
40,57579.31,2636.86,employed,freelance,8800.8,33909.37,84,545,2,0,3,0.5801,0.5889,0,690.42
24,41500.82,1489.21,employed,temporary,9874.35,50844.05,120,342,2,0,1,0.4782,1.2251,0,1455.7
21,44170.33,1226.97,employed,permanent,6626.4,86191.94,48,692,1,1,0,0.3633,1.9514,1,36228.5
41,59520.2,1575.37,employed,contract,9549.81,265799.18,48,462,1,0,0,0.3497,4.4657,1,13418.83
67,57316.24,2789.06,self_employed,permanent,3642.05,178638.75,36,765,0,1,0,0.5966,3.1167,1,27855.69
21,60721.2,1624.04,employed,temporary,13911.63,283475.07,48,811,5,0,0,0.3668,4.6685,1,72792.57
29,65771.34,2920.57,self_employed,freelance,14383.3,208886.3,84,446,2,1,1,0.5766,3.1759,0,1504.08
53,70446.29,2225.75,employed,temporary,5335.77,250491.93,12,455,1,0,1,0.3943,3.5558,0,5388.87
35,114033.01,5653.96,self_employed,contract,24710.06,126675.42,24,814,0,0,1,0.6383,1.1109,1,46183.37
67,35247.11,1112.79,self_employed,temporary,13719.61,168166.45,120,445,1,1,0,0.4567,4.7711,0,1356.26
58,34429.71,1070.28,self_employed,contract,9838.75,160776.28,84,811,1,1,3,0.4302,4.6697,0,6637.38
41,10233.67,403.47,unemployed,freelance,1968.89,22428.0,60,568,0,0,0,0.5116,2.1916,0,142.29
31,62851.82,3072.04,employed,permanent,23031.02,145010.43,24,710,1,1,3,0.6598,2.3072,0,7426.44
43,9196.86,453.46,unemployed,permanent,2116.43,15710.52,48,543,0,1,2,0.6377,1.7082,0,136.1
66,46848.2,1942.33,employed,permanent,2530.7,233122.18,60,595,2,0,0,0.5083,4.9761,0,1106.62
59,80587.44,3452.58,employed,contract,17648.96,371390.23,120,613,4,0,2,0.5579,4.6085,0,6020.66
57,112765.43,4202.3,self_employed,permanent,8163.0,434182.15,24,579,0,1,0,0.4617,3.8503,1,9134.0
29,69951.57,2999.3,employed,permanent,21475.27,126858.68,24,776,2,0,1,0.5759,1.8135,1,31478.21
54,35058.51,1609.54,self_employed,permanent,13563.07,50666.32,48,418,2,1,0,0.6283,1.4452,0,606.15
68,110053.01,3853.08,self_employed,freelance,15883.67,85453.82,60,833,4,0,0,0.449,0.7765,1,45462.9
51,78586.83,3058.02,employed,temporary,13671.53,59007.95,84,773,1,1,1,0.5017,0.7509,0,19946.94
26,76298.28,2785.27,employed,permanent,12863.78,116679.05,84,511,4,1,3,0.4718,1.5292,0,1742.77
40,37020.05,1378.58,employed,permanent,4224.73,38979.48,60,765,3,1,0,0.4697,1.0529,1,19990.83
39,30376.14,1421.39,part_time,permanent,9649.65,108096.29,24,465,1,1,0,0.6251,3.5586,0,774.47
45,38105.35,1189.1,self_employed,permanent,9415.5,94101.0,60,779,0,1,0,0.4239,2.4695,1,28186.22
23,47231.24,1270.77,employed,permanent,1210.09,139200.0,120,682,2,0,2,0.328,2.9472,1,40618.87
65,66742.42,2278.69,employed,freelance,22393.59,251443.36,84,360,0,0,0,0.4768,3.7674,0,694.36
41,50173.17,1349.78,self_employed,freelance,3754.72,206967.32,60,578,1,0,2,0.3378,4.1251,0,3728.2
34,42469.88,1502.16,retired,permanent,16633.77,172644.71,12,508,1,1,3,0.5028,4.0651,0,1243.18
59,68443.87,3229.57,employed,permanent,10312.11,132419.12,48,336,1,0,2,0.5964,1.9347,0,679.16
40,40948.23,1590.5,employed,permanent,10097.01,202814.48,84,433,0,1,1,0.5154,4.9529,0,1025.88
34,42272.54,1935.38,retired,permanent,1315.92,234502.82,48,711,2,0,0,0.5556,5.5474,1,10356.77
41,85817.52,2203.84,employed,permanent,11831.26,192030.51,12,447,5,0,0,0.3357,2.2377,1,21149.73
47,43861.04,2066.24,employed,permanent,14076.83,26047.31,120,696,0,0,1,0.6295,0.5939,1,10965.26
33,25732.43,987.75,part_time,permanent,4911.89,140122.04,120,551,2,1,2,0.4988,5.4453,0,252.62
46,57477.21,1250.68,self_employed,contract,20797.63,320695.13,24,802,1,1,1,0.3335,5.5795,1,93019.97
60,60278.64,2368.91,employed,contract,13867.43,47029.72,36,806,1,0,0,0.5176,0.7802,1,27125.39
59,50785.01,2467.26,employed,temporary,18863.02,26776.97,84,543,1,0,0,0.6573,0.5273,0,1005.83
47,54477.18,1260.73,employed,permanent,21411.93,271853.46,24,666,2,0,0,0.3563,4.9902,1,39141.85
45,36590.15,1383.9,employed,freelance,6643.23,78963.32,12,749,1,1,0,0.4902,2.158,1,15367.86
68,54317.41,2581.97,retired,freelance,12279.14,300386.25,60,419,1,0,0,0.6156,5.5302,0,351.61
21,69364.0,1464.7,employed,permanent,23165.37,117370.11,12,608,1,1,0,0.3202,1.6921,1,44897.93
44,6008.47,235.74,unemployed,permanent,532.43,31462.45,48,511,2,0,0,0.4885,5.2363,0,196.74
22,20825.45,722.32,part_time,temporary,7177.53,18275.24,60,583,0,1,1,0.4851,0.8775,1,1124.57
27,64665.6,2001.65,employed,permanent,15310.75,125031.11,24,553,1,1,0,0.4188,1.9335,1,9451.52
63,55905.83,2187.96,employed,permanent,16223.87,327172.59,60,829,0,0,0,0.5277,5.8522,1,25157.62
52,59191.25,1324.14,self_employed,temporary,1890.66,104862.13,48,562,2,0,0,0.2748,1.7716,1,17995.32
61,22670.77,970.26,part_time,temporary,6948.03,27920.67,12,576,0,0,3,0.5749,1.2316,0,265.88
54,28211.37,591.42,retired,permanent,3507.09,147088.46,120,340,3,1,2,0.2764,5.2138,0,1448.7
25,44902.74,1337.46,employed,temporary,14462.85,51544.05,24,722,3,1,0,0.4218,1.1479,1,29495.71
58,77877.56,2767.16,self_employed,freelance,15860.62,80681.82,36,808,0,0,0,0.4671,1.036,1,31540.41
42,105062.72,3344.13,self_employed,permanent,11540.69,239420.94,120,663,3,0,0,0.4039,2.2788,1,45434.37
44,15515.05,462.37,part_time,temporary,5912.85,61971.87,36,842,2,0,0,0.4338,3.9943,1,5546.32
69,36800.39,1658.45,employed,permanent,11261.84,162256.79,12,760,0,0,0,0.602,4.4091,1,16560.18
62,48447.12,2330.27,self_employed,permanent,19101.46,259037.71,24,752,5,0,1,0.656,5.3468,0,3475.17
38,54249.66,2512.66,retired,temporary,7908.95,188518.3,120,614,2,0,0,0.585,3.475,0,2193.07
24,80581.69,2906.66,employed,permanent,20926.09,214653.33,120,659,1,0,1,0.4848,2.6638,1,20145.42
30,67772.63,3159.66,employed,permanent,16579.59,167641.41,24,533,3,0,1,0.6084,2.4736,0,1316.03
31,86108.69,4106.68,employed,permanent,23681.84,444145.61,60,342,0,0,0,0.6273,5.158,0,3014.93
29,59490.35,1949.47,employed,temporary,911.79,266575.32,120,527,2,1,0,0.3963,4.481,1,11104.47
27,89080.43,2592.29,employed,contract,10394.59,488148.25,84,632,0,1,0,0.3725,5.4799,1,40887.92
43,18814.95,445.9,part_time,permanent,6843.66,109168.01,12,791,2,0,1,0.3571,5.8022,1,14518.74
47,48216.82,1678.28,employed,temporary,8174.1,103679.64,60,505,0,0,1,0.4516,2.1503,0,1750.28
60,70092.65,3394.84,employed,permanent,26933.62,239240.77,12,388,2,1,0,0.6581,3.4132,1,6308.34
55,60924.63,2265.98,self_employed,temporary,5203.04,242176.28,48,398,1,0,2,0.4634,3.975,0,822.35
56,69450.1,2799.11,employed,permanent,27708.48,97311.34,12,336,0,0,0,0.5634,1.4012,0,1967.58
40,51774.75,1249.11,employed,temporary,14446.83,41078.54,60,673,0,0,0,0.3453,0.7934,1,40047.77
27,7415.02,185.52,unemployed,freelance,2302.79,39097.19,24,690,2,0,0,0.3623,5.2727,0,497.28
28,28202.61,969.62,retired,freelance,4477.01,97168.69,12,733,1,0,0,0.4443,3.4454,1,7697.34
66,29842.35,1449.7,self_employed,permanent,10826.9,108604.02,120,785,2,1,0,0.6555,3.6393,1,14503.38
34,111652.91,3501.01,self_employed,freelance,24361.01,396594.36,24,691,1,0,0,0.4199,3.552,1,40245.29
67,83576.29,3880.16,employed,permanent,22764.12,388820.63,48,655,1,0,0,0.6116,4.6523,1,20894.07
65,34328.36,835.61,part_time,freelance,1301.84,44635.82,36,354,3,1,0,0.2997,1.3003,1,7426.05
59,74408.99,2889.28,employed,permanent,18801.09,288503.48,36,613,3,0,0,0.5165,3.8773,1,11161.35
37,8192.65,314.2,unemployed,permanent,2880.79,25250.87,60,403,4,0,0,0.5305,3.0821,0,67.52
61,65745.17,3018.56,employed,permanent,4688.5,357211.25,12,315,3,1,1,0.5652,5.4333,0,2295.62
39,14896.68,311.79,part_time,permanent,4395.87,50021.79,48,708,0,1,0,0.3102,3.3579,1,14250.04
25,2270.82,59.89,unemployed,contract,23.07,12912.21,48,328,0,0,1,0.3185,5.6861,0,204.23
31,3473.64,94.63,unemployed,freelance,1286.92,8485.73,24,655,0,0,0,0.401,2.4429,0,57.92
21,83958.6,4075.41,employed,temporary,33009.74,488464.49,84,678,5,0,0,0.6611,5.8179,0,2560.61
26,44513.32,1126.9,employed,contract,6306.29,236515.68,120,810,1,1,1,0.3321,5.3134,1,80716.89
35,112672.95,2468.82,self_employed,contract,4825.73,418405.15,60,646,0,0,0,0.2715,3.7134,1,69513.58
22,6273.43,228.49,unemployed,permanent,1652.61,15341.07,48,802,1,1,0,0.4897,2.4454,1,677.53
64,74356.33,2695.39,employed,permanent,887.35,190915.71,12,324,2,0,0,0.4374,2.5676,1,6982.06
22,14535.62,660.66,part_time,permanent,2805.29,69046.18,48,391,0,0,1,0.584,4.7501,0,121.23
46,27954.24,1356.02,retired,permanent,3038.95,103248.21,36,628,1,0,2,0.6038,3.6935,0,383.4
69,87718.52,3205.31,employed,permanent,16608.24,237605.94,60,837,0,1,0,0.4764,2.7087,1,47368.0
62,27847.55,1335.52,retired,permanent,203.57,111342.92,24,641,5,1,2,0.577,3.9983,0,1513.56
59,53169.56,2232.26,self_employed,permanent,1097.68,241006.11,120,747,1,1,0,0.5079,4.5328,1,20098.09
57,45867.86,1309.51,employed,permanent,293.11,28711.12,12,695,2,1,0,0.3439,0.626,1,42959.84
52,42099.05,2017.06,employed,freelance,10425.95,41856.79,36,841,4,0,0,0.6245,0.9942,1,18944.57
47,47159.48,1900.55,self_employed,permanent,10565.48,48087.1,48,825,3,1,1,0.5284,1.0197,1,22919.51
20,7707.92,253.68,unemployed,temporary,718.87,13686.46,60,801,1,0,0,0.4136,1.7756,0,152.8
27,60045.23,2442.26,employed,temporary,15531.13,171035.68,60,706,1,0,0,0.5398,2.8484,1,21015.83
56,77606.8,2525.19,self_employed,temporary,27448.2,381831.23,12,429,3,0,0,0.4612,4.9201,0,2138.16
51,36624.66,884.99,self_employed,permanent,4062.73,89036.19,24,430,0,1,2,0.3122,2.431,0,2401.32
67,9625.4,402.38,unemployed,permanent,3203.31,5737.97,36,817,2,0,0,0.5682,0.5961,0,100.59
62,78125.21,3505.42,employed,permanent,20703.47,246757.71,84,448,3,1,0,0.5914,3.1585,0,1125.96
56,18798.83,791.25,retired,permanent,254.31,112444.4,24,575,3,0,0,0.5078,5.9815,0,478.34
23,56093.33,1543.46,employed,permanent,8417.36,135724.29,120,495,0,1,0,0.3602,2.4196,1,14115.33
49,38782.38,1890.07,employed,temporary,7876.81,224429.75,120,708,1,0,0,0.6254,5.7869,1,13573.83
25,78565.82,1694.66,employed,temporary,22994.62,83075.36,12,370,1,1,0,0.3174,1.0574,1,25823.01
65,75549.83,2307.04,employed,temporary,8677.07,109701.99,12,498,5,0,0,0.3894,1.452,1,12533.72
38,51373.56,1460.0,retired,permanent,20194.54,230290.79,36,844,1,0,0,0.4196,4.4827,1,26021.74
51,48002.22,1067.43,employed,permanent,13143.77,156327.32,60,764,1,1,0,0.3216,3.2567,1,92486.84
28,5475.55,178.87,unemployed,contract,816.54,25779.82,60,389,0,0,0,0.4218,4.7082,0,72.36
31,45146.83,1761.07,employed,permanent,1752.15,237001.48,36,300,3,0,0,0.4759,5.2496,1,3386.01
30,55417.92,2581.06,employed,contract,4020.41,104239.27,24,466,1,0,0,0.5734,1.881,0,478.12
65,24011.59,1193.36,part_time,contract,4683.3,102182.77,120,848,3,1,0,0.6354,4.2556,1,7779.76
35,639.97,28.42,unemployed,permanent,126.64,2458.64,36,541,3,0,0,0.5725,3.8418,0,228.6
20,74317.87,2564.2,employed,permanent,22822.09,389309.9,84,433,0,1,0,0.4755,5.2384,0,1214.53
64,76612.87,3213.25,self_employed,permanent,22253.79,219539.65,60,551,1,1,0,0.5614,2.8656,1,6205.64
40,80592.75,3662.06,employed,permanent,6488.46,63288.47,24,321,1,0,1,0.5614,0.7853,0,2570.25
49,49947.93,1718.45,employed,permanent,11886.74,182710.71,48,371,1,0,0,0.4605,3.658,1,3746.09
32,51422.88,2248.76,retired,permanent,424.17,296907.01,24,820,1,1,0,0.5264,5.7738,1,19437.85
53,11984.33,418.38,unemployed,permanent,1910.53,6956.56,120,800,1,0,0,0.4508,0.5805,1,1078.59
23,85561.41,2747.05,employed,temporary,26151.17,155843.17,60,607,0,0,0,0.4464,1.8214,1,13758.27
47,29891.53,1081.41,part_time,contract,4776.77,66908.39,12,550,3,1,3,0.4661,2.2384,0,650.4
57,102175.04,4142.76,self_employed,permanent,34150.83,481460.42,24,503,2,0,2,0.5534,4.7121,0,2239.83
50,66555.93,2797.62,employed,freelance,25987.57,151615.94,120,307,1,1,0,0.5825,2.278,0,1814.64
46,43064.62,1345.26,self_employed,freelance,10459.75,78160.62,24,407,0,1,0,0.4234,1.815,0,1160.24
24,89318.87,3349.18,self_employed,freelance,5180.64,363266.01,12,822,2,1,0,0.4616,4.0671,1,43408.97
44,92711.54,4391.86,self_employed,contract,14080.18,70018.45,60,672,3,1,0,0.5988,0.7552,1,25032.12
22,89196.18,4398.19,employed,permanent,338.35,128289.33,48,685,1,0,2,0.5925,1.4383,0,3150.95
52,76423.63,2098.7,self_employed,permanent,18425.0,209719.15,48,482,5,1,0,0.3778,2.7442,1,15129.13
23,49925.3,1320.9,employed,temporary,16406.82,122606.54,120,608,1,1,0,0.3832,2.4558,1,20992.59
44,43295.88,1756.51,retired,temporary,10909.52,104317.61,36,478,5,0,0,0.5372,2.4094,0,1108.34
39,118040.7,3886.88,self_employed,contract,37116.07,129496.85,48,526,5,1,0,0.458,1.0971,0,2038.02
53,44746.76,963.84,employed,freelance,14317.24,111178.7,48,817,2,1,0,0.3225,2.4846,1,85779.54
45,3911.98,121.08,unemployed,temporary,1331.66,19125.51,24,311,2,0,0,0.4395,4.889,0,160.38
24,24463.26,1085.27,part_time,permanent,2609.39,67913.51,36,549,0,0,0,0.5537,2.7761,0,485.71
54,15914.94,701.72,part_time,permanent,5546.47,59266.31,48,717,4,1,3,0.5988,3.7239,0,814.89
47,36222.14,1277.25,employed,permanent,9477.07,50699.65,24,676,3,0,0,0.4755,1.3997,1,9055.54
48,53534.07,1853.18,employed,temporary,6204.08,47292.67,36,497,1,1,3,0.4386,0.8834,0,1850.43
28,107210.23,4045.65,self_employed,temporary,42339.24,500000.0,24,747,1,1,2,0.5318,4.6637,0,6136.61
57,37390.76,1018.24,employed,contract,14211.22,86841.88,12,336,3,0,2,0.4028,2.3225,0,2063.81
69,21865.37,791.01,part_time,temporary,5024.15,53064.08,60,720,0,1,1,0.4801,2.4269,0,2446.0
25,76921.04,1627.3,employed,freelance,25944.19,409780.16,60,307,1,1,2,0.3213,5.3273,0,2766.25
38,87425.04,3033.98,employed,temporary,9144.47,384035.68,60,464,0,0,0,0.4374,4.3927,0,1461.15
63,89201.15,2732.66,employed,contract,14844.39,415627.84,48,419,3,1,0,0.4009,4.6594,1,15911.7
30,58208.32,2358.43,employed,permanent,4283.47,247444.68,60,671,2,0,0,0.5009,4.251,1,14552.08
21,53164.22,2097.43,retired,contract,11060.34,57516.1,60,532,0,1,0,0.515,1.0819,0,991.51
66,36948.04,1180.16,employed,temporary,7330.51,213152.39,36,729,0,1,3,0.423,5.769,0,9887.58
63,76025.43,1599.99,employed,permanent,6471.69,418158.84,120,586,0,0,0,0.2696,5.5002,1,26274.39
63,70351.03,1983.29,employed,permanent,18932.92,126576.33,36,694,2,1,0,0.3921,1.7992,1,45545.26
28,48704.58,1914.38,self_employed,freelance,2294.77,239722.39,84,719,0,0,3,0.4811,4.922,0,2648.96
40,62902.52,1443.25,employed,permanent,1552.22,173087.63,36,751,1,1,0,0.2803,2.7517,1,149252.58
43,37307.61,894.37,self_employed,permanent,5743.95,158957.22,48,571,3,1,0,0.3185,4.2607,1,10969.56
53,107801.73,4280.29,self_employed,permanent,17671.93,152088.46,120,585,0,1,0,0.5092,1.4108,1,8731.94
41,4294.78,184.15,unemployed,temporary,549.29,14868.74,84,338,2,1,0,0.5401,3.462,0,131.55
22,26399.02,797.56,part_time,contract,2723.82,31583.51,84,796,1,0,0,0.3832,1.1964,1,16650.39
31,15651.85,549.62,part_time,permanent,2120.99,53981.97,60,787,0,0,0,0.4485,3.4489,1,4352.78
47,16741.79,810.58,part_time,permanent,1094.08,30800.99,48,671,1,0,0,0.5941,1.8398,1,2511.27
49,89557.6,4335.63,employed,freelance,14452.89,267648.79,120,848,1,0,2,0.6132,2.9886,0,10555.09
45,76419.75,2277.47,employed,contract,27651.83,318963.16,120,709,1,1,1,0.43,4.1738,1,44934.81
67,87908.45,3908.23,employed,freelance,7891.61,468016.69,48,555,0,1,0,0.5514,5.3239,0,1355.05
40,28946.49,1104.5,retired,permanent,7924.98,40788.2,48,775,0,1,1,0.5126,1.4091,1,10941.77
47,15784.95,777.96,part_time,permanent,895.22,85443.62,48,510,1,1,0,0.6028,5.413,0,184.55
45,36613.53,1272.82,retired,permanent,5183.11,96850.37,48,704,0,0,0,0.4455,2.6452,1,9777.64
52,62206.76,2701.57,employed,contract,7991.7,319797.56,48,830,0,1,1,0.5468,5.1409,1,33591.65
40,16023.77,692.83,part_time,permanent,6005.9,53183.11,84,694,1,1,1,0.5938,3.319,0,1437.88
54,75327.08,2662.19,employed,permanent,12895.46,394875.64,60,429,1,1,3,0.4583,5.2421,0,2051.62
53,54897.76,2417.65,employed,permanent,15162.01,227580.44,36,324,2,1,0,0.5837,4.1455,0,1888.08
60,45250.09,1287.23,employed,permanent,10904.6,149232.03,84,389,2,1,0,0.3896,3.2979,1,8992.1
66,53259.09,1299.47,employed,contract,3004.45,118179.92,24,572,0,1,0,0.3041,2.219,1,18780.22
37,78547.58,2610.45,self_employed,permanent,29519.45,457853.84,120,640,2,1,0,0.474,5.829,1,12724.71
30,74955.9,3624.56,employed,temporary,10369.98,367653.98,24,511,1,1,0,0.6079,4.9049,0,2523.22
42,61504.0,2179.6,employed,freelance,1101.13,159696.95,24,647,0,1,0,0.4288,2.5965,1,15764.71
67,74931.52,2949.43,self_employed,permanent,9005.08,106176.45,120,595,0,1,0,0.4964,1.417,1,6069.45
41,23141.0,903.38,retired,temporary,3106.76,110786.26,12,689,2,0,2,0.4953,4.7874,0,1973.37
36,111895.64,2763.83,self_employed,freelance,4151.12,500000.0,36,387,2,0,0,0.3038,4.4684,0,11561.15
24,86079.83,2773.23,employed,freelance,21347.02,175117.56,60,726,3,1,0,0.4362,2.0344,1,46131.9
63,43286.78,1794.34,retired,permanent,6004.12,239689.59,48,469,2,1,3,0.5252,5.5372,0,874.67
30,12405.52,610.14,part_time,permanent,3121.9,14756.85,24,446,3,1,1,0.6405,1.1895,0,230.72
49,64539.08,1660.84,employed,permanent,174.01,370269.38,120,539,0,1,3,0.3093,5.7371,0,6145.0
34,84775.8,2781.03,self_employed,contract,33301.58,389914.76,36,354,1,0,0,0.4722,4.5994,1,5722.37
46,89705.98,2117.68,employed,contract,6118.53,215857.64,60,819,0,0,0,0.2969,2.4063,1,163973.56
54,89783.68,2505.2,employed,temporary,23678.86,195322.15,24,598,1,1,1,0.3876,2.1755,1,18165.03
52,106473.07,3388.2,self_employed,permanent,30484.7,430033.49,36,303,0,1,0,0.4391,4.0389,0,4460.98
39,20361.75,745.28,retired,permanent,1397.7,76647.52,120,663,3,1,0,0.453,3.7643,1,4275.97
35,87430.2,2409.42,employed,temporary,3906.81,485600.61,84,591,2,1,0,0.3396,5.5542,1,25242.85
53,40668.47,1117.19,retired,permanent,2482.03,191724.88,60,688,3,1,0,0.3419,4.7143,1,27004.68
21,47632.81,2072.98,retired,contract,4702.66,165381.44,120,770,2,0,0,0.542,3.472,1,15004.34
54,21365.44,1044.99,part_time,permanent,1437.74,119680.91,84,830,2,0,1,0.6004,5.6016,0,2200.95
59,52581.82,1591.76,employed,permanent,14176.05,197708.61,36,725,0,1,1,0.4172,3.76,0,8630.1
47,22654.62,926.57,part_time,permanent,3813.53,117198.39,48,698,2,1,0,0.5245,5.1733,0,2014.2
66,43078.1,1221.72,employed,permanent,9266.82,220783.21,36,603,0,1,0,0.3834,5.1252,1,18082.46
58,58921.28,2822.25,self_employed,permanent,1115.66,327341.4,36,403,0,0,1,0.5786,5.5556,0,1182.23
25,82168.96,3324.53,employed,permanent,28307.17,71635.82,12,630,0,1,0,0.5544,0.8718,1,14790.41
28,37087.28,1640.92,employed,permanent,2530.41,137631.2,48,663,4,0,0,0.5446,3.711,1,9271.82
39,1810.54,40.33,unemployed,permanent,260.83,5569.51,84,665,3,0,0,0.2961,3.0762,1,500.0
20,41881.39,1603.63,employed,permanent,1204.54,133935.98,36,381,3,1,0,0.4652,3.198,0,617.22
27,57169.15,2070.78,employed,contract,3128.14,173194.42,48,384,5,1,0,0.4456,3.0295,0,1209.12
42,89834.28,2639.25,employed,permanent,23924.64,458699.83,36,518,2,0,0,0.4058,5.1061,0,5817.37
22,41469.0,1181.35,self_employed,temporary,11488.36,93362.52,120,667,3,0,0,0.3973,2.2514,1,19164.9
23,43001.55,1623.34,employed,contract,11644.23,130945.35,48,541,0,1,2,0.5072,3.0451,0,1790.65
44,51857.06,2148.91,retired,temporary,11452.88,83165.97,60,461,1,0,2,0.5414,1.6038,0,1141.39
66,83512.78,1820.65,employed,freelance,31819.09,157374.94,120,478,1,1,3,0.3378,1.8844,0,8357.46
57,36773.22,1374.68,employed,permanent,7460.21,151958.36,24,391,0,0,0,0.4892,4.1323,0,1265.83
34,76343.83,1970.06,employed,contract,13723.93,87272.27,12,799,3,1,0,0.3456,1.1431,1,127304.86
40,71050.61,1771.1,employed,freelance,7035.31,108922.0,24,805,0,1,2,0.3189,1.533,1,138966.47
54,77225.74,3012.39,employed,contract,3053.49,262891.1,36,468,3,1,0,0.476,3.4042,1,6950.32
65,62197.64,1859.73,employed,permanent,13637.58,46073.0,36,686,4,1,1,0.4027,0.7408,1,36310.98
33,34801.72,1172.55,part_time,permanent,4383.49,41695.89,60,620,2,0,0,0.4295,1.1981,1,4416.34
55,29165.47,913.85,self_employed,permanent,6113.38,153073.25,36,400,0,0,0,0.4179,5.2484,0,329.27
31,47890.44,1903.32,employed,temporary,3948.45,246818.1,84,595,1,1,0,0.4934,5.1538,0,1752.21
36,56810.03,1962.51,employed,contract,19046.65,137069.46,48,492,0,1,0,0.4816,2.4128,1,5112.9
58,34641.78,1695.17,retired,permanent,13852.52,83623.6,84,760,0,1,3,0.6672,2.414,1,13094.59
28,85675.21,2665.46,employed,temporary,11048.8,484136.47,24,585,2,1,0,0.3991,5.6508,1,15560.33
54,65800.24,2791.57,employed,temporary,22170.14,42252.06,120,515,1,0,0,0.5765,0.6421,0,1838.43
32,541.33,15.34,unemployed,permanent,189.03,1998.39,36,755,0,1,1,0.4099,3.6916,0,156.38
34,63746.98,2273.98,self_employed,contract,25398.68,241323.64,60,527,0,1,0,0.5077,3.7856,0,574.42
37,64566.59,2385.73,self_employed,contract,8851.31,312074.79,12,660,3,1,0,0.4708,4.8334,1,17432.98
52,88102.0,2681.15,employed,permanent,26643.5,500000.0,84,342,2,1,1,0.4257,5.6752,0,3241.36
25,67955.84,2350.84,employed,temporary,6219.56,166971.01,24,480,3,0,3,0.4334,2.4571,0,1124.05
46,85386.85,2474.42,self_employed,permanent,21339.74,248312.14,60,810,0,0,0,0.3977,2.9081,1,70754.11
42,74228.92,1559.43,employed,temporary,20927.88,311178.15,60,761,1,1,0,0.3085,4.1921,1,153520.25
46,98153.73,2662.23,self_employed,freelance,29097.5,500000.0,24,585,2,1,0,0.3848,5.094,0,7079.37
53,85329.85,3520.02,self_employed,contract,7071.19,460726.4,60,596,2,0,1,0.5116,5.3994,0,1382.23
65,48045.69,2081.33,employed,permanent,16311.04,200292.46,120,336,0,0,0,0.5877,4.1688,0,1707.98
57,32103.06,931.18,part_time,permanent,5405.79,167320.5,120,382,4,1,1,0.3817,5.212,0,628.25
33,45088.43,1475.95,retired,permanent,3902.3,43673.75,12,556,3,1,0,0.4101,0.9686,1,5107.35
55,8902.45,195.17,unemployed,temporary,1931.94,22916.67,12,516,0,0,1,0.3065,2.5742,0,249.97
27,89810.62,2492.04,employed,permanent,31015.46,51372.46,36,821,0,0,0,0.402,0.572,1,79212.97
54,79138.96,3447.34,employed,temporary,30613.73,116816.81,48,325,2,0,0,0.6001,1.4761,0,1201.81
38,80603.33,3103.87,employed,permanent,24123.22,319810.57,36,550,4,1,0,0.522,3.9677,0,1585.69
49,87327.3,2343.43,employed,permanent,196.41,468999.03,48,514,1,0,1,0.3225,5.3706,0,3715.35
33,15476.08,438.62,part_time,permanent,833.86,61599.31,24,619,1,1,0,0.3509,3.9803,1,4984.16
39,62375.01,2785.46,employed,freelance,1903.04,259028.42,60,710,1,1,1,0.542,4.1528,0,9767.42
68,66931.19,1802.57,employed,contract,2709.74,71684.56,36,758,2,1,0,0.3313,1.071,1,121945.95
44,53110.17,1624.09,employed,permanent,8137.22,220764.78,60,623,2,0,0,0.3976,4.1567,1,16315.44
59,104743.32,4211.78,self_employed,permanent,14181.97,314115.47,36,829,2,1,1,0.5096,2.9989,0,5453.52
43,76933.08,2861.84,employed,temporary,3498.45,314111.71,36,638,0,1,0,0.4555,4.0829,1,13847.95
33,74648.57,2558.61,employed,permanent,26343.04,171240.24,12,527,1,0,3,0.4819,2.294,0,2441.97
45,89843.22,4229.44,employed,temporary,22116.8,332255.74,48,535,1,1,1,0.6141,3.6982,0,1973.48
57,27597.11,751.79,retired,contract,8792.03,78165.53,24,665,4,0,0,0.3906,2.8324,1,10566.93
42,75450.15,3203.47,employed,temporary,11213.38,269545.95,120,733,4,1,1,0.5392,3.5725,0,12392.35
41,24682.3,628.72,part_time,temporary,4050.23,32308.94,60,748,2,1,1,0.3385,1.309,1,20090.4
67,29580.6,1147.5,retired,temporary,3758.17,79188.35,36,806,3,0,0,0.4909,2.677,1,9317.89
38,43832.28,2026.21,employed,freelance,7686.9,112146.32,60,575,2,1,0,0.5898,2.5585,1,3944.91
65,51147.7,1748.68,retired,freelance,12487.76,232730.72,12,361,2,1,0,0.4591,4.5502,1,3222.31
22,67750.05,2842.7,employed,temporary,13359.88,297101.06,120,630,0,1,0,0.5429,4.3853,1,12195.01
61,30973.48,1386.42,part_time,permanent,10381.28,170314.58,24,486,2,0,1,0.6042,5.4987,0,199.08
38,76807.77,1904.89,self_employed,permanent,27655.07,305411.18,48,836,4,0,0,0.3696,3.9763,1,81127.44
28,47098.74,1950.83,employed,permanent,8848.61,105030.62,48,804,2,0,0,0.5346,2.23,1,21194.43
47,53565.18,2553.03,employed,temporary,5136.86,257527.23,36,620,2,0,0,0.5911,4.8077,1,8034.78
39,55984.64,2107.49,employed,temporary,21166.5,181025.61,120,492,0,1,3,0.5273,3.2335,0,1320.59
64,34377.5,902.82,part_time,permanent,10107.52,53773.72,24,553,2,1,0,0.3739,1.5642,1,4681.8
26,35309.83,866.36,employed,permanent,9041.11,162805.26,48,613,1,1,3,0.3456,4.6108,0,4507.13
33,118638.27,3370.39,self_employed,permanent,35373.84,145797.26,24,523,0,1,1,0.4005,1.2289,0,3424.25
28,88925.39,2121.09,employed,freelance,2702.68,131595.64,60,730,0,0,0,0.2923,1.4798,1,129288.62
38,34911.47,1250.09,part_time,temporary,944.37,163146.8,12,655,1,0,0,0.4351,4.6732,1,6797.26
66,61212.35,1399.71,employed,temporary,3749.15,289889.19,24,726,5,0,0,0.2866,4.7358,1,91439.01
33,116561.85,3187.89,self_employed,permanent,6874.86,500000.0,24,691,2,1,0,0.34,4.2896,1,100709.44
57,56757.96,1910.7,employed,temporary,9550.56,119945.93,120,521,0,0,3,0.4376,2.1133,0,1273.87
55,315.53,10.93,unemployed,permanent,19.87,1661.65,48,402,2,0,0,0.4283,5.2662,0,228.53
59,47339.1,1766.89,employed,temporary,16180.99,211827.08,84,617,1,1,0,0.5163,4.4747,1,8521.04
36,86991.29,3602.64,employed,permanent,20115.76,442509.1,36,836,2,1,0,0.5432,5.0868,1,46975.3
49,35757.06,794.19,employed,permanent,5267.19,157235.6,120,518,2,0,2,0.296,4.3973,0,2158.99
28,6551.93,151.91,unemployed,permanent,182.46,24162.08,36,737,2,0,0,0.2838,3.6878,1,1983.14
52,39158.09,885.3,employed,permanent,9257.41,43139.34,84,468,0,1,0,0.3186,1.1017,1,12785.9
44,52207.67,1732.0,self_employed,freelance,2433.56,230243.61,84,371,3,1,1,0.4074,4.4101,0,3731.72
33,39845.11,878.74,employed,permanent,11845.48,171235.73,120,755,4,0,0,0.3241,4.2975,1,63078.79
30,49802.56,2121.29,retired,permanent,15991.76,110497.0,84,374,0,1,1,0.5753,2.2187,0,503.96
54,25594.63,699.69,part_time,temporary,5569.15,116379.01,60,562,1,0,0,0.3716,4.547,1,2957.72
60,110700.11,5338.74,self_employed,contract,6624.42,390494.64,48,768,4,1,0,0.5907,3.5275,1,53800.25
33,72859.43,2551.55,employed,permanent,22932.15,260598.82,48,817,5,1,1,0.4832,3.5767,1,39344.09
49,88406.6,2992.67,employed,contract,10885.6,222946.04,12,498,1,1,0,0.4308,2.5218,1,11011.93
60,63043.27,2748.63,employed,contract,5614.71,72015.44,36,637,0,1,0,0.541,1.1423,1,11347.79
23,70129.08,2919.73,employed,permanent,13199.88,118736.0,48,337,4,0,0,0.5372,1.6931,0,1969.85
23,79749.34,3074.06,self_employed,permanent,29432.17,377100.66,84,618,0,0,0,0.5364,4.7286,0,2906.47
47,71004.74,3415.93,self_employed,permanent,8445.97,141507.37,60,439,1,1,0,0.6011,1.9929,0,1710.82
27,31457.07,1042.78,part_time,contract,11394.74,16118.34,120,547,0,0,0,0.4702,0.5124,1,1415.57
21,70448.88,3129.02,employed,permanent,1511.93,421537.62,12,726,1,0,0,0.5373,5.9836,1,24657.11
60,101124.67,3227.84,self_employed,permanent,3378.52,167740.78,36,494,0,0,0,0.3897,1.6588,1,15057.97
65,78250.02,3543.56,employed,temporary,21864.97,321185.6,36,514,0,0,0,0.5993,4.1046,0,1478.61
41,43149.29,1225.5,self_employed,temporary,3289.58,241552.79,36,840,1,1,1,0.3561,5.5981,1,60353.26
60,70758.99,2071.14,employed,permanent,8961.5,268772.37,12,688,0,1,0,0.3766,3.7984,1,52389.96
35,45980.64,1867.02,employed,temporary,2508.21,225059.98,120,728,1,1,0,0.4982,4.8947,1,19311.87
48,67082.63,1813.74,employed,permanent,8915.24,393778.02,120,451,0,1,0,0.351,5.87,1,17991.56
68,8129.22,223.69,unemployed,permanent,911.97,42532.07,60,402,0,1,0,0.3526,5.232,0,204.94
67,34936.41,1038.9,part_time,temporary,10290.0,124669.62,120,704,4,1,0,0.4157,3.5685,1,14843.5
49,36679.81,1490.5,employed,freelance,10300.03,91712.95,60,587,2,1,0,0.5438,2.5004,0,1076.99
31,40018.33,1871.81,employed,permanent,15285.84,126199.98,48,432,4,1,0,0.6377,3.1536,0,1280.63
54,39236.47,1589.4,employed,contract,11369.5,201284.81,48,745,2,0,0,0.5441,5.13,0,4469.69
30,62844.32,2826.61,self_employed,temporary,17466.14,326378.86,36,701,4,1,1,0.5953,5.1935,0,10689.13
65,80187.36,2941.85,employed,permanent,22266.55,413141.48,84,334,3,0,0,0.4958,5.1522,0,1533.43
69,10128.68,231.38,unemployed,contract,3577.32,38334.36,24,643,5,1,0,0.3448,3.7847,0,169.0
40,28950.53,687.97,part_time,permanent,3430.48,90419.96,48,783,1,1,0,0.3089,3.1233,1,35850.25
40,32628.2,1207.34,part_time,freelance,3916.59,72185.3,60,820,2,1,2,0.468,2.2124,0,4739.4
24,52757.3,1603.52,employed,contract,15641.78,27353.85,36,687,0,1,1,0.424,0.5185,1,24057.33
67,21261.72,579.73,retired,permanent,1945.07,100029.35,60,844,4,1,0,0.3455,4.7047,1,24834.11
39,697.84,24.03,unemployed,permanent,254.58,1412.07,36,310,1,1,0,0.4862,2.0235,0,62.45
56,81867.3,3297.03,employed,permanent,17512.45,189377.77,12,437,4,1,0,0.5261,2.3132,0,2865.75
22,94391.45,3026.4,self_employed,permanent,11331.69,485091.51,48,430,0,0,0,0.4088,5.1391,0,4197.9
63,43848.77,1939.91,retired,permanent,13612.41,34525.7,84,698,1,1,1,0.593,0.7874,1,9208.24
52,53682.2,2274.71,employed,permanent,6706.42,300722.95,12,550,0,1,0,0.5335,5.6019,1,4831.4
28,55894.79,2362.58,employed,temporary,21536.9,28366.08,48,665,1,1,0,0.5843,0.5075,1,16768.44
28,87696.24,4346.93,employed,permanent,34481.78,496836.92,84,720,0,0,0,0.6735,5.6654,1,30693.68
23,31061.45,914.58,self_employed,contract,8284.66,93220.74,84,723,1,1,0,0.4067,3.0012,1,21909.13
54,77555.25,3074.12,employed,contract,3525.16,82338.43,84,461,2,1,0,0.4847,1.0617,1,6979.97
36,19121.57,875.48,part_time,permanent,2013.19,80461.42,60,394,3,0,1,0.5705,4.2079,0,409.13
53,28710.19,1083.41,self_employed,contract,5919.09,155816.24,60,461,0,0,0,0.4941,5.4272,0,512.76
43,95544.16,4190.61,self_employed,permanent,32540.33,277976.23,24,660,2,0,2,0.5944,2.9094,0,5842.26
51,53200.15,1751.43,employed,permanent,3934.4,228891.97,60,528,0,1,2,0.4098,4.3025,0,2789.72
20,93604.01,3562.19,self_employed,temporary,3909.03,500000.0,36,415,4,0,1,0.465,5.3417,0,1382.76
27,73920.99,1660.04,employed,permanent,2202.18,134821.13,24,520,1,1,0,0.2754,1.8239,1,29884.78
64,64413.28,3193.93,employed,temporary,13062.18,322869.76,36,762,0,0,0,0.6356,5.0125,1,28985.98
42,98850.45,4365.95,self_employed,freelance,34981.24,209938.99,24,614,1,1,0,0.6008,2.1238,1,16013.77
66,66957.11,3091.65,employed,freelance,1134.5,190483.39,36,629,1,1,0,0.5575,2.8449,1,12052.28
59,52230.5,2145.82,self_employed,temporary,4435.86,107057.5,24,585,2,1,3,0.51,2.0497,0,1229.28
31,75376.34,1979.37,employed,contract,20902.07,222591.2,48,481,5,1,0,0.3706,2.9531,1,17556.66
31,67402.69,1465.22,employed,permanent,22266.17,35587.92,84,755,0,0,0,0.3269,0.528,1,105006.65
65,35700.0,1644.07,employed,permanent,11529.67,77430.22,48,574,0,0,0,0.6172,2.1689,0,282.21
66,32737.82,1060.48,part_time,contract,10280.57,96547.67,24,336,2,1,0,0.4515,2.9491,0,286.5
34,76836.14,2192.09,self_employed,permanent,3989.33,305601.99,12,742,3,1,0,0.3527,3.9773,1,85563.8
60,107519.59,4001.39,self_employed,permanent,17084.33,430668.39,120,335,2,1,0,0.4784,4.0055,0,4116.52
38,83550.53,2766.32,employed,permanent,32910.38,310041.05,24,367,0,0,1,0.4761,3.7108,0,1541.81
45,59473.17,2369.43,employed,temporary,23524.91,125588.01,12,709,1,1,1,0.5572,2.1117,0,11764.53
48,23676.18,827.34,part_time,permanent,5705.27,135208.12,84,659,2,1,0,0.4675,5.7107,1,4261.71
41,57866.49,2382.32,employed,temporary,16417.12,153683.79,36,420,1,1,0,0.5508,2.6558,0,1105.06
59,59719.02,2730.64,employed,permanent,22723.89,101099.32,24,781,3,0,0,0.6248,1.6929,1,26873.56
40,110038.98,2920.11,self_employed,permanent,19803.84,390618.7,12,588,0,1,0,0.3544,3.5498,1,25955.11
57,78347.92,2385.05,employed,permanent,4289.29,361897.48,84,389,1,0,0,0.3763,4.6191,1,14537.46
39,22681.45,761.5,retired,permanent,6069.09,12866.84,24,511,4,0,0,0.4564,0.5673,1,1190.78
48,82979.24,4057.13,self_employed,freelance,31867.42,167609.11,48,371,2,0,0,0.6635,2.0199,0,2323.75
23,89774.87,2826.91,employed,permanent,25036.63,452229.97,48,589,0,0,3,0.4336,5.0374,0,3381.86
26,67755.29,2164.7,employed,permanent,21771.7,222821.13,24,666,0,0,0,0.4477,3.2886,1,17718.01
47,78222.94,3120.54,employed,temporary,13227.46,214853.83,24,326,2,0,1,0.5125,2.7467,0,1008.46
47,46455.27,1535.81,retired,permanent,1792.49,261076.62,60,719,0,1,2,0.4044,5.62,0,3788.13
23,58280.16,2831.1,self_employed,permanent,3936.99,57839.74,84,661,5,1,0,0.5964,0.9924,1,15735.64
41,55451.71,2601.91,employed,permanent,21795.96,215465.17,120,754,3,1,0,0.6417,3.8856,1,29943.92
31,74824.2,2679.29,employed,freelance,14760.85,178234.08,48,771,0,0,0,0.4691,2.382,1,33670.89
64,72498.44,2873.79,self_employed,temporary,348.59,64489.44,36,668,3,0,0,0.4766,0.8895,1,16312.15
22,79204.22,1784.15,self_employed,permanent,30267.65,132714.18,24,625,2,0,2,0.3467,1.6756,0,11609.31
41,74209.82,3051.91,employed,permanent,14776.06,293398.37,60,709,1,1,0,0.5333,3.9536,1,31168.12
63,77766.63,3224.21,employed,permanent,26013.51,50977.83,120,802,0,1,0,0.5644,0.6555,1,41993.98
21,49933.41,1563.41,employed,permanent,10954.55,187618.22,84,324,0,0,1,0.4196,3.7574,0,1882.28
43,38945.41,1060.9,self_employed,temporary,1584.33,224429.83,24,460,2,1,2,0.335,5.7627,0,3108.69
53,18711.28,889.22,part_time,freelance,4607.24,91180.6,48,494,1,1,0,0.6195,4.873,0,276.83
46,62914.61,2093.73,employed,permanent,25100.42,151044.39,12,720,2,0,0,0.4791,2.4008,1,22020.11
60,57503.43,2294.37,self_employed,contract,799.02,72462.49,84,312,1,0,0,0.4816,1.2601,0,1923.67
20,66259.95,1444.83,employed,permanent,22310.9,202613.28,12,706,0,1,1,0.329,3.0579,1,95175.79
27,37940.61,1248.64,employed,permanent,3573.71,100968.59,48,654,3,1,2,0.4138,2.6612,0,8136.23
42,63036.27,2815.83,employed,permanent,9931.14,368417.45,36,545,4,0,0,0.5675,5.8445,0,2064.82
57,31615.44,1016.05,retired,permanent,4713.35,187930.85,84,387,2,0,1,0.4155,5.9443,0,1220.03
25,64406.67,2474.86,employed,freelance,23155.41,177647.48,60,738,0,0,0,0.533,2.7582,1,22542.33
41,65140.67,1755.81,self_employed,permanent,13145.03,85875.72,24,720,0,1,0,0.3638,1.3183,1,67073.52
44,50632.42,1669.96,employed,permanent,9056.61,278901.22,24,555,1,0,0,0.4316,5.5084,1,5194.89
37,84725.93,4057.48,employed,freelance,27723.18,412147.81,120,575,2,0,0,0.6401,4.8645,0,1140.6
36,45162.07,1687.02,employed,contract,883.5,149577.14,24,306,2,1,2,0.4522,3.312,0,831.15
31,8176.39,385.43,unemployed,contract,282.76,20518.25,60,799,4,1,0,0.5726,2.5095,1,883.05
25,85855.46,4047.42,employed,freelance,744.84,254553.89,60,545,2,1,1,0.5674,2.9649,0,2235.55
45,76173.65,3684.59,self_employed,permanent,20962.47,415934.52,48,645,4,1,1,0.6355,5.4603,0,2499.26
46,83202.47,3906.27,employed,contract,17493.02,126096.59,60,503,0,0,3,0.6054,1.5155,0,1154.52
27,41866.83,876.23,employed,temporary,14670.51,206709.49,24,781,2,0,0,0.3212,4.9373,1,67372.1
38,62158.38,2988.29,employed,contract,12395.2,37298.04,84,779,4,0,3,0.6168,0.6,0,5176.35
61,60136.39,1493.94,employed,contract,5335.77,334547.52,120,393,1,0,0,0.3159,5.5631,1,16606.66
20,35446.53,779.75,employed,permanent,11415.87,115259.18,24,609,5,0,0,0.3284,3.2516,1,18247.87
48,59379.15,1332.99,employed,contract,6990.68,103742.09,60,819,2,1,1,0.2929,1.7471,1,132812.16
64,60057.83,1862.4,self_employed,permanent,22478.2,30972.47,60,729,4,1,0,0.447,0.5157,1,24063.97
68,88630.88,3451.3,self_employed,permanent,8878.12,317077.47,120,469,2,1,0,0.4873,3.5775,1,7179.1
54,86608.14,2820.6,employed,permanent,5810.39,159764.59,48,418,1,1,1,0.4042,1.8447,0,6251.79
59,39718.51,857.07,employed,freelance,7837.64,157760.09,12,362,0,1,3,0.2984,3.972,0,7124.62
33,53011.2,1841.12,employed,permanent,1071.15,108483.77,60,416,2,0,1,0.4208,2.0464,0,671.43
54,59423.56,2004.29,employed,temporary,865.49,58480.64,12,408,0,0,1,0.4077,0.9841,0,3488.0
67,60035.2,2576.0,employed,permanent,11911.33,196782.42,36,792,0,1,0,0.5546,3.2778,1,32419.01
64,46667.96,1352.84,retired,freelance,4015.44,168222.67,120,716,0,0,0,0.3651,3.6047,1,30847.99
39,59386.76,1614.01,employed,permanent,222.17,177521.58,12,624,2,1,2,0.3269,2.9892,1,37007.45
68,36493.87,1032.71,employed,contract,4321.7,110182.13,60,539,0,1,0,0.3633,3.0192,1,8979.68
32,74055.73,2198.89,employed,contract,14140.72,277196.2,24,815,5,0,0,0.3945,3.7431,1,70315.92
57,83665.63,3205.14,employed,permanent,13195.37,284040.15,24,551,2,1,0,0.4913,3.3949,1,7529.91
68,73820.95,2553.18,self_employed,permanent,4000.19,90734.91,60,485,1,1,1,0.4259,1.2291,0,1554.97
65,66960.97,2052.98,employed,contract,15526.24,106064.24,48,712,0,0,1,0.4143,1.584,1,40169.89
68,43961.5,1395.81,employed,freelance,12490.92,56264.16,84,803,2,1,0,0.4378,1.2799,1,29531.58
27,45961.36,1454.77,self_employed,contract,12419.48,198237.12,60,832,0,0,0,0.4339,4.3131,1,24608.17
62,47934.36,2358.14,employed,permanent,7549.89,163326.33,60,453,1,0,1,0.6218,3.4073,0,366.67
39,5168.9,142.81,unemployed,freelance,284.49,14804.78,84,523,0,1,0,0.3426,2.8642,0,237.45
52,113173.8,5058.13,self_employed,permanent,22611.53,500000.0,48,717,0,1,1,0.5763,4.418,0,5372.79
45,63698.16,2642.8,employed,temporary,22687.55,145987.94,48,784,0,0,0,0.5691,2.2919,1,28664.17
58,43249.28,908.05,self_employed,contract,8108.77,156760.76,36,459,1,0,0,0.2894,3.6246,1,12296.2
40,49634.83,2471.86,employed,permanent,3885.04,45130.06,36,350,4,0,1,0.6133,0.9092,0,1342.47
68,61481.43,2637.32,self_employed,contract,2288.42,282459.37,36,579,0,0,0,0.5222,4.5942,0,479.92
61,69279.24,2822.31,employed,temporary,26157.81,299532.84,48,471,1,1,0,0.5644,4.3236,0,2258.39
62,59201.82,1933.25,employed,freelance,17595.0,290863.75,12,631,0,1,0,0.4513,4.9131,1,10656.33
60,62282.26,2306.11,self_employed,permanent,7796.92,334120.52,60,592,1,1,2,0.4694,5.3646,0,1781.1
28,38894.96,1097.63,retired,permanent,4595.09,181606.62,120,365,3,1,0,0.3623,4.6692,1,6748.35
43,17562.2,384.05,part_time,contract,6288.8,90352.15,36,569,1,1,2,0.334,5.1447,0,731.03
56,32495.81,1469.37,self_employed,permanent,2308.09,78025.7,120,643,2,1,0,0.5568,2.4011,1,5264.32
68,36342.79,1707.41,employed,permanent,7777.9,86799.5,12,570,5,0,3,0.6066,2.3884,0,770.09
60,48819.25,1248.41,employed,freelance,13933.1,277959.94,60,360,2,1,1,0.3639,5.6937,0,3037.36
36,40037.56,1753.21,employed,permanent,6348.2,221414.11,84,435,1,1,1,0.5572,5.5302,0,1351.58
43,53498.74,2271.04,employed,freelance,853.89,188140.91,84,558,1,1,0,0.5126,3.5167,0,1002.79
40,77511.34,2018.08,employed,permanent,7061.56,195024.21,84,555,2,1,1,0.3307,2.5161,1,23620.81
58,28474.77,943.56,part_time,permanent,10271.51,149862.95,120,630,2,1,0,0.4698,5.263,1,3075.28
60,68601.02,2275.07,employed,contract,14354.6,156325.34,12,692,1,1,0,0.4398,2.2788,1,24778.69
58,81887.51,3521.08,employed,temporary,26709.78,110138.12,84,843,2,0,1,0.5812,1.345,1,36849.38
32,50513.72,2286.51,employed,temporary,11227.9,202924.21,24,553,2,1,0,0.5876,4.0172,1,4546.23
30,50746.99,1197.51,retired,temporary,19153.99,37269.6,24,566,5,1,0,0.3587,0.7344,1,9034.89
65,62927.72,2344.26,self_employed,contract,22883.89,162671.96,84,306,4,0,1,0.5198,2.5851,0,888.1
38,63084.87,2715.87,self_employed,permanent,12185.17,311774.95,120,738,3,0,0,0.5552,4.9422,1,19871.73
30,57294.34,2507.42,employed,permanent,7294.12,121675.36,60,850,0,1,2,0.5506,2.1237,0,8570.12
32,21629.49,543.98,retired,permanent,5205.52,121606.08,12,303,1,1,1,0.3499,5.6222,0,735.21
65,88651.98,3205.71,employed,temporary,23932.05,500000.0,12,841,2,1,1,0.4879,5.64,1,47872.07
64,23124.75,1060.16,retired,permanent,4609.73,115322.89,84,606,1,1,0,0.59,4.987,1,2913.72
20,57384.14,1728.61,self_employed,permanent,18874.41,340404.91,48,761,2,0,0,0.4273,5.932,1,33791.8
59,52561.52,1746.75,employed,permanent,3854.41,179718.49,120,847,4,0,0,0.4135,3.4192,1,40919.14
63,39107.37,1732.21,employed,permanent,5231.19,141983.12,36,650,3,0,1,0.5583,3.6306,0,3126.96
38,39464.71,924.99,self_employed,permanent,10835.06,201227.3,120,798,0,1,0,0.3362,5.0989,1,62833.19
31,37467.21,1719.82,employed,temporary,3697.02,120285.81,60,510,1,0,0,0.5706,3.2104,0,1282.27
27,28818.97,861.94,retired,permanent,5070.35,78876.37,12,412,1,0,0,0.3941,2.737,0,1000.45
27,82666.13,1725.71,employed,contract,31867.25,320839.22,36,416,2,0,3,0.3276,3.8811,0,4203.88
64,53669.32,1484.65,employed,temporary,13436.14,220963.42,84,615,3,0,0,0.382,4.1171,1,18998.94
31,41803.05,980.02,employed,permanent,15869.39,193545.07,60,732,0,0,0,0.3572,4.6299,1,41786.33
67,70513.16,1659.03,employed,temporary,20376.65,294399.76,12,314,1,1,3,0.3401,4.1751,0,4366.07
52,89813.05,3686.02,employed,permanent,26033.81,413272.04,84,500,2,0,0,0.5505,4.6015,0,1087.07
64,47777.81,1293.55,employed,contract,11311.06,201148.32,24,646,0,0,0,0.3722,4.2101,1,18318.01
45,51559.25,2479.83,self_employed,freelance,2932.87,162022.3,12,423,5,1,0,0.5885,3.1424,0,620.62
58,88451.59,3175.08,employed,temporary,18387.82,109869.28,24,455,3,0,0,0.4723,1.2421,1,6633.87
47,16111.85,551.88,part_time,temporary,1628.37,77658.11,84,708,1,1,2,0.4312,4.8199,0,655.92
24,73565.34,2464.43,self_employed,permanent,29387.07,49236.2,24,507,3,0,0,0.4819,0.6693,1,4965.66
27,26867.13,1102.46,retired,permanent,2869.0,160094.52,48,765,3,0,0,0.5138,5.9588,0,3752.36
44,86279.35,2935.6,employed,contract,7961.37,436273.41,84,463,1,1,0,0.4267,5.0565,0,1950.03
46,88983.66,2187.59,employed,permanent,22206.16,372842.28,84,576,1,0,0,0.3449,4.19,1,20702.05
65,79808.38,3711.49,employed,permanent,16311.2,464192.45,48,693,3,0,0,0.5989,5.8163,1,19952.1
42,54904.46,1829.87,self_employed,permanent,468.95,212402.66,36,349,3,0,1,0.4016,3.8686,0,1868.53
49,32929.04,757.1,retired,contract,1706.16,26685.06,60,443,0,0,0,0.2863,0.8104,1,7388.78
64,48326.81,1752.97,employed,permanent,15678.05,172845.76,36,465,4,1,3,0.5002,3.5766,0,932.46
66,83991.69,3335.67,employed,freelance,16250.44,170051.51,120,366,0,0,2,0.5153,2.0246,0,930.28
42,51838.66,1496.64,retired,permanent,3027.69,131262.04,48,319,2,0,0,0.3581,2.5321,0,2740.03
68,58037.89,2563.92,employed,permanent,10800.68,175722.38,36,368,2,0,0,0.5673,3.0277,0,1911.82
66,87370.64,3527.02,self_employed,contract,8847.12,415910.82,60,753,0,1,0,0.5047,4.7603,1,42462.13
39,40727.55,1621.02,self_employed,permanent,3642.53,133020.69,60,324,1,1,0,0.4955,3.2661,1,3298.93
37,34092.63,1128.72,retired,temporary,13060.55,106053.36,12,609,2,0,0,0.4739,3.1107,1,3579.73
37,69732.45,3409.16,employed,permanent,10097.94,150681.14,36,311,0,0,2,0.6156,2.1608,0,1860.35
21,56197.17,1620.19,employed,permanent,1043.72,194964.69,48,533,3,0,3,0.3497,3.4693,0,4762.52
23,58971.95,2222.24,self_employed,permanent,22888.82,110050.49,12,432,0,1,2,0.5298,1.8661,0,610.42
49,12022.98,358.86,part_time,freelance,3822.54,23270.07,36,574,1,0,0,0.4218,1.9355,1,846.18
52,79236.14,3372.04,employed,temporary,8063.49,369630.51,84,451,0,1,1,0.531,4.6649,0,2437.88
55,83913.57,1865.17,employed,contract,13724.63,200050.79,60,751,0,1,0,0.2994,2.384,1,181797.07
37,117099.04,2596.31,self_employed,permanent,40389.31,91653.21,48,515,5,1,2,0.335,0.7827,0,5197.76
56,28543.24,1269.7,part_time,temporary,4080.7,68224.77,84,609,0,0,0,0.5624,2.3902,0,320.74
38,38305.32,1283.21,retired,permanent,8693.84,153686.58,36,532,2,0,0,0.4474,4.0121,0,899.45
66,18193.54,560.08,part_time,freelance,3892.38,90547.81,60,792,2,0,0,0.4122,4.9769,1,8625.92
47,89961.47,3468.27,employed,contract,14440.42,500000.0,60,448,0,0,0,0.4947,5.5579,0,1700.64
59,67436.41,2785.49,employed,contract,17250.28,310491.55,84,636,3,0,2,0.5468,4.6042,0,4527.35
39,89709.64,2395.4,self_employed,permanent,16983.5,256451.5,36,755,0,1,0,0.3583,2.8587,1,123559.24
68,43249.03,1134.93,retired,temporary,367.28,92775.92,36,778,2,1,0,0.3166,2.1452,1,59964.95
52,81488.85,3974.98,employed,permanent,26545.26,98843.12,48,806,2,0,0,0.6505,1.213,1,36669.98
31,35531.99,1351.35,employed,freelance,1608.26,140432.21,12,574,2,0,0,0.4654,3.9523,1,2664.9
34,26149.14,842.31,retired,permanent,4854.22,86406.13,60,480,2,0,0,0.4237,3.3044,1,2094.94
60,71604.37,3165.54,employed,permanent,16609.37,302697.33,12,733,4,1,0,0.5769,4.2274,1,30073.84
58,84233.02,3045.06,employed,permanent,23770.76,151975.94,12,450,4,1,0,0.4902,1.8042,1,7580.97
21,90107.18,2512.35,self_employed,permanent,14806.29,205448.24,60,770,2,1,0,0.3674,2.28,1,116136.62
48,64281.67,1726.81,self_employed,permanent,18912.91,135410.91,36,503,1,1,1,0.3812,2.1065,0,1753.34
60,4338.67,140.61,unemployed,contract,227.95,21203.45,60,763,1,1,0,0.3994,4.8871,1,942.78
29,75587.14,3470.48,employed,temporary,19756.83,108978.82,84,626,3,0,0,0.6032,1.4418,1,11338.07
21,95417.58,2158.88,self_employed,contract,31538.9,367032.94,12,448,3,0,0,0.3376,3.8466,1,20919.35
30,82670.51,2249.22,self_employed,contract,29412.31,64685.75,48,576,0,1,0,0.3976,0.7825,1,13714.05
32,52689.37,2470.27,self_employed,permanent,12214.8,185593.12,60,334,0,1,0,0.609,3.5224,0,1213.45
29,112889.71,2752.69,self_employed,temporary,14129.06,96128.62,120,515,3,1,1,0.3176,0.8515,0,5025.82
33,65353.4,2561.68,employed,permanent,4270.36,95894.43,48,300,2,1,0,0.4834,1.4673,0,1001.89
37,78477.08,2123.65,employed,freelance,10847.38,88022.97,36,767,1,1,0,0.3524,1.1216,1,125098.74
28,46786.95,1801.51,employed,permanent,10105.5,112615.69,36,765,2,0,0,0.5053,2.407,1,21054.13
58,53922.24,1725.9,employed,permanent,4234.63,128902.34,84,750,0,0,0,0.3998,2.3905,1,48627.08
47,108085.05,2572.31,self_employed,permanent,41181.05,500000.0,48,369,0,0,1,0.3618,4.626,0,5262.12
22,19853.96,750.92,retired,permanent,7124.68,34571.32,120,556,1,0,0,0.5256,1.7413,1,1042.33
39,6147.78,250.56,unemployed,permanent,81.05,5994.87,48,391,1,1,3,0.4917,0.9751,0,167.36
25,35823.1,1457.09,retired,permanent,8052.49,136819.7,60,671,0,0,1,0.5331,3.8193,0,1116.53
46,76317.66,3007.95,employed,contract,24095.28,326714.29,36,398,5,1,0,0.5361,4.281,0,2277.69
21,50504.16,1789.02,employed,contract,4957.33,107146.08,48,809,1,1,0,0.4447,2.1215,1,30163.1
48,47048.68,1693.03,employed,permanent,9859.45,179513.19,24,806,2,0,0,0.4737,3.8155,1,21171.91
57,85937.31,3383.6,employed,permanent,13955.94,409775.83,60,642,0,0,1,0.505,4.7683,0,2290.79
22,66444.03,2721.94,employed,contract,5223.73,160232.51,60,545,1,1,0,0.5073,2.4115,1,5979.96
35,34945.51,1395.51,self_employed,permanent,8592.92,118445.92,24,771,3,0,0,0.5284,3.3894,1,14152.93
49,16439.83,623.93,part_time,freelance,6534.45,21478.36,120,578,3,1,0,0.5349,1.3065,0,128.88
59,89935.43,2282.44,employed,permanent,13140.91,56664.48,36,809,0,1,0,0.3338,0.6301,1,161430.5
21,45758.49,1234.4,employed,temporary,10110.41,269861.79,48,730,1,0,0,0.3679,5.8975,1,42312.88
36,7325.71,208.22,unemployed,temporary,960.71,15739.43,48,741,0,0,0,0.3673,2.1485,1,1360.97
60,58107.04,2769.2,employed,temporary,20382.76,118187.47,36,560,3,1,0,0.642,2.034,0,997.69
31,50767.17,2182.09,retired,contract,17557.37,297132.54,120,554,2,1,2,0.585,5.8528,0,974.73
54,9062.02,334.92,unemployed,permanent,648.02,40826.98,24,760,2,1,2,0.4578,4.5053,0,353.24
62,25729.88,725.2,part_time,permanent,9262.23,95692.98,24,564,2,0,0,0.4102,3.7191,0,254.79
20,35590.64,856.58,employed,temporary,2156.92,154686.84,120,814,4,1,2,0.3009,4.3463,1,76529.84
64,108580.54,5108.4,self_employed,contract,4145.17,478253.42,24,744,1,1,0,0.5722,4.4046,1,41043.44
34,59456.71,2786.7,employed,permanent,15528.54,279348.28,60,522,0,1,2,0.6147,4.6983,0,1271.19
45,113499.88,2731.03,self_employed,contract,17520.03,98692.77,120,491,0,1,0,0.3196,0.8695,1,33170.11
56,62254.65,2744.53,employed,permanent,13216.43,172481.04,48,739,0,0,0,0.5715,2.7706,1,21789.13
40,73182.35,2477.99,employed,permanent,19102.67,155381.99,12,568,0,0,0,0.4585,2.1232,1,5488.68
68,31582.8,956.4,self_employed,contract,667.5,28049.73,60,340,2,1,0,0.3676,0.8881,1,6774.13
50,95789.41,4060.57,self_employed,permanent,11224.72,265269.08,60,340,5,1,1,0.5321,2.7693,0,2312.2
44,30505.85,1182.14,retired,temporary,5624.14,118635.85,48,630,1,0,0,0.5019,3.889,0,823.78
42,4216.31,183.76,unemployed,permanent,449.61,6247.46,36,474,2,0,0,0.5443,1.4817,0,79.89
43,36272.31,834.31,self_employed,permanent,710.52,78988.29,120,732,3,0,0,0.2799,2.1776,1,50296.27
57,43077.14,1297.72,employed,temporary,1493.51,172973.65,120,748,3,1,1,0.3684,4.0154,1,47619.19
47,2229.11,67.2,unemployed,temporary,714.87,8217.14,84,622,1,0,0,0.4259,3.6863,0,88.85
40,56179.59,1710.73,self_employed,permanent,20480.53,296533.86,48,579,1,1,2,0.4383,5.2783,0,2440.41
62,51002.89,1810.04,retired,permanent,3105.74,247454.31,36,393,1,0,0,0.438,4.8518,0,1424.32
37,20469.99,595.43,part_time,permanent,2040.96,118948.26,48,639,2,0,0,0.369,5.8109,0,1936.48
55,74839.95,2529.18,employed,permanent,19525.73,283236.52,60,719,1,0,0,0.4577,3.7846,1,26193.98
54,21061.66,664.71,retired,freelance,8039.42,91440.68,120,504,1,1,0,0.4551,4.3416,0,142.19
64,67510.43,2854.31,employed,contract,8090.17,353267.53,84,559,2,0,1,0.5313,5.2328,0,1940.7
28,61504.02,2363.93,employed,permanent,21039.63,314898.03,120,690,1,0,3,0.5296,5.12,0,2795.38
57,117906.0,4704.16,self_employed,permanent,23865.34,500000.0,24,577,1,1,0,0.5193,4.2407,1,9550.39
49,81541.43,2199.61,employed,freelance,31199.66,265124.55,60,780,2,0,0,0.4002,3.2514,1,73240.51
63,5457.96,165.52,unemployed,temporary,297.48,10930.32,60,750,3,0,3,0.3748,2.0026,0,307.21
53,77632.85,1665.28,employed,temporary,30235.59,413370.6,12,590,1,1,0,0.3353,5.3247,0,6789.52
51,45617.13,1094.55,employed,contract,8046.47,217666.92,60,404,1,1,0,0.3232,4.7716,1,14517.2
22,78421.95,2240.05,self_employed,permanent,29892.51,400617.61,60,676,2,0,1,0.419,5.1085,0,7191.06
22,895.43,20.36,unemployed,permanent,164.29,1141.08,60,489,0,0,0,0.3095,1.2743,0,85.87
47,20006.05,768.43,part_time,freelance,4241.94,44642.92,84,494,1,0,0,0.5033,2.2315,0,448.1
63,2710.35,135.37,unemployed,temporary,872.49,7688.9,12,676,3,1,0,0.6637,2.8369,0,199.84
34,93296.43,2218.01,self_employed,permanent,26967.46,476832.07,36,317,3,1,1,0.3431,5.1109,0,3855.08
60,61954.99,2774.71,employed,permanent,15355.01,335230.81,84,558,2,1,0,0.587,5.4109,0,634.7
42,76308.88,1854.21,employed,permanent,12727.71,157723.58,84,671,1,1,0,0.3249,2.0669,1,80170.11
59,63341.25,2557.24,employed,contract,20077.61,270806.67,120,359,2,1,0,0.5479,4.2754,1,5700.71
30,33216.02,1315.09,self_employed,permanent,12598.55,30823.74,120,404,0,1,1,0.551,0.928,0,1278.46
67,94859.93,4473.84,self_employed,permanent,372.26,261116.47,120,725,0,0,2,0.5667,2.7527,0,4570.56
51,80827.61,1952.53,employed,freelance,19005.65,256763.46,120,560,0,0,0,0.3369,3.1767,1,19774.47
55,10842.37,325.64,unemployed,permanent,3755.71,51078.19,120,345,0,1,0,0.4297,4.711,0,85.72
52,79339.23,1862.97,self_employed,permanent,20726.98,428895.76,12,825,0,0,0,0.334,5.4058,1,106679.53
43,76447.19,2501.0,employed,permanent,24488.46,180037.55,24,776,1,1,0,0.4567,2.3551,1,41281.48
58,76362.44,3621.22,employed,permanent,27339.62,259828.08,36,566,0,0,0,0.6407,3.4026,1,5727.18
53,23762.74,1036.72,retired,permanent,7137.86,96499.66,120,833,2,1,0,0.5836,4.061,1,8982.32
47,1970.65,82.61,unemployed,freelance,565.2,4547.83,84,405,5,1,1,0.5604,2.3078,0,160.7
56,20622.76,750.26,retired,contract,7958.29,122096.23,84,816,1,1,0,0.5137,5.9205,1,7795.4
26,52595.25,2451.03,employed,permanent,18170.28,279636.27,12,695,2,1,0,0.6283,5.3168,1,15778.58
23,22890.7,776.96,part_time,permanent,7465.83,48762.13,24,448,0,1,0,0.4725,2.1302,1,1236.1
56,89884.38,2265.01,employed,temporary,3106.52,296052.57,120,579,5,1,0,0.3093,3.2937,1,30853.71
20,58704.63,2657.14,employed,permanent,5612.86,103885.09,24,824,0,1,0,0.5623,1.7696,1,31700.5
20,28703.58,832.1,part_time,permanent,6392.36,95576.36,48,325,2,1,1,0.3924,3.3298,0,1276.23
66,73136.84,1638.09,employed,freelance,20757.99,311440.65,120,581,5,1,0,0.3255,4.2583,0,7264.99
39,44425.79,1088.85,self_employed,permanent,5388.22,43109.28,48,783,3,1,3,0.3184,0.9704,1,78418.27
38,38217.89,1475.12,employed,permanent,1426.72,202006.18,84,363,5,1,0,0.4706,5.2856,1,3439.61
48,76870.64,2962.59,self_employed,permanent,9565.76,289464.26,84,410,1,0,0,0.4874,3.7656,0,799.35
29,28107.03,798.86,part_time,permanent,8668.54,167034.91,60,387,0,0,2,0.4027,5.9428,0,277.93
37,89903.85,3779.81,employed,permanent,31552.69,57606.19,36,721,0,0,1,0.5747,0.6408,0,6236.47
47,59068.05,2563.43,self_employed,permanent,21569.38,299666.45,12,739,4,0,0,0.5938,5.0732,1,18606.44
54,84300.05,4019.54,employed,permanent,12775.39,409343.91,60,427,1,1,0,0.6025,4.8558,0,1848.16
62,61283.58,2322.28,self_employed,temporary,9132.2,75421.02,36,593,0,0,0,0.4845,1.2307,0,1593.26
66,72917.64,3176.77,employed,permanent,11862.46,170932.15,84,448,2,0,0,0.5553,2.3442,0,1438.32
50,67903.91,2906.2,employed,permanent,10207.57,364398.12,48,626,1,1,0,0.5436,5.3664,0,1678.14
46,37913.83,1074.96,employed,temporary,10103.23,127068.15,12,439,0,1,0,0.3935,3.3515,0,2833.43
30,39311.36,1174.69,employed,freelance,5634.47,106417.75,24,421,1,1,0,0.3872,2.707,1,7981.78
68,12477.57,434.08,part_time,permanent,101.54,68379.96,24,822,2,0,0,0.4191,5.4802,0,1231.97
68,55395.87,1184.84,employed,permanent,9728.06,56137.89,60,683,0,1,0,0.2918,1.0134,1,69200.52
57,76019.06,2243.13,employed,permanent,6815.93,235824.45,60,582,0,1,0,0.372,3.1022,1,17514.79
24,44501.55,1542.2,employed,contract,512.78,181924.9,12,746,3,1,0,0.4182,4.0881,1,30577.91
27,68321.91,1638.73,employed,permanent,12867.56,262832.88,24,493,2,1,0,0.3255,3.847,1,21459.91
53,3465.93,84.97,unemployed,permanent,285.53,6770.77,120,505,0,1,1,0.3107,1.9535,0,63.34
67,30330.83,1041.69,part_time,permanent,5492.81,109137.03,120,845,2,0,2,0.4484,3.5982,0,1386.29
31,78911.79,3326.38,employed,permanent,8767.1,346982.22,60,363,2,0,1,0.5281,4.3971,0,2009.98
57,46690.34,2108.12,retired,permanent,11274.95,173541.91,24,316,2,1,2,0.5901,3.7169,0,299.54
20,74859.18,2752.38,self_employed,permanent,29670.51,319240.14,48,734,0,0,1,0.5205,4.2645,0,4093.19
50,50651.17,1756.59,employed,contract,11087.17,96664.37,60,404,0,0,0,0.4599,1.9084,1,3798.84
23,101897.18,3264.94,self_employed,temporary,26366.75,500000.0,84,739,0,1,0,0.4362,4.9069,1,49147.86
68,42679.55,1129.34,self_employed,permanent,15693.71,126898.78,120,527,0,1,0,0.3911,2.9733,1,7529.44
64,52527.16,1318.86,self_employed,permanent,7858.07,311471.94,36,694,0,1,0,0.3312,5.9297,1,47879.56
69,24806.07,1089.74,retired,permanent,1652.57,15579.93,60,512,3,0,0,0.5405,0.6281,0,502.26
24,72081.56,2479.32,employed,permanent,8153.79,186816.27,48,597,0,0,0,0.4354,2.5917,1,6984.7
49,27783.43,1219.26,part_time,freelance,4476.41,41469.9,12,724,2,0,0,0.5588,1.4926,1,5834.52
43,7830.12,323.92,unemployed,freelance,2020.23,27842.75,120,700,3,1,2,0.548,3.5559,0,243.37
22,57858.08,1532.58,employed,permanent,106.18,106321.63,24,823,3,0,0,0.3182,1.8376,1,94667.39
30,34516.25,1232.83,self_employed,permanent,11782.24,157260.48,120,697,1,0,1,0.4969,4.5561,1,7766.16
64,85114.33,2875.49,employed,permanent,2590.68,455383.99,84,559,2,1,1,0.4115,5.3503,0,6156.86
23,23677.81,786.02,part_time,temporary,8530.22,39301.94,12,425,4,0,0,0.4704,1.6599,0,473.21
45,63662.36,2333.76,self_employed,temporary,24177.3,88091.32,120,525,2,1,1,0.5159,1.3837,0,640.32
46,67385.37,3334.05,employed,contract,26687.38,358117.16,60,632,4,1,1,0.6729,5.3145,0,3498.35
65,45603.47,2031.31,employed,contract,14766.59,113415.63,36,629,2,1,2,0.5993,2.487,0,1185.82
62,37592.13,1774.03,self_employed,permanent,2133.06,108649.15,12,564,0,1,2,0.5776,2.8902,0,1383.82
46,57303.89,1243.37,employed,temporary,16186.45,98295.21,120,470,0,0,2,0.3169,1.7153,0,3082.45
61,47497.14,1183.94,employed,temporary,3862.87,134855.39,36,300,4,0,0,0.3154,2.8392,1,13151.96
69,48435.97,1128.83,employed,temporary,17381.3,85835.82,60,540,3,1,0,0.3514,1.7722,1,12955.65
25,84088.13,2397.43,employed,permanent,10649.12,350025.33,120,319,1,0,0,0.3675,4.1626,1,16712.52
34,64191.75,2164.67,employed,temporary,8391.04,208226.5,36,614,0,0,0,0.4308,3.2438,1,13326.21
49,61590.8,2436.53,employed,temporary,22607.6,297750.4,36,772,0,1,0,0.5481,4.8343,1,33259.03
61,72921.38,2584.4,employed,temporary,385.93,161885.8,48,440,4,0,0,0.4263,2.22,0,3975.2
56,115397.07,5443.99,self_employed,temporary,8953.25,378591.54,120,632,0,1,0,0.5816,3.2808,1,18694.33
56,35658.86,1720.39,self_employed,contract,6018.25,68728.11,12,349,1,0,0,0.6127,1.9274,0,260.07
61,80844.4,2069.83,employed,temporary,22659.77,455930.61,60,760,4,0,2,0.3633,5.6396,1,99462.87
56,67121.05,3068.1,employed,temporary,17386.13,226241.31,48,690,0,0,0,0.6003,3.3706,1,16780.26
54,38885.71,1356.47,self_employed,temporary,10412.22,56541.52,36,354,2,0,0,0.4722,1.454,0,1117.38
42,51343.21,1748.52,employed,permanent,18073.26,102697.26,48,350,1,1,0,0.4791,2.0002,1,4620.89
25,61529.88,2690.54,employed,permanent,2978.79,58820.15,48,789,0,1,0,0.5344,0.956,1,33226.14
23,73014.74,1719.49,employed,permanent,15250.2,47677.75,36,631,2,1,0,0.3244,0.653,1,46157.0
37,26976.46,1256.37,retired,temporary,7828.33,91519.53,60,569,1,1,3,0.6169,3.3926,0,806.38
28,6418.55,259.31,unemployed,temporary,1633.18,15110.4,120,661,0,1,0,0.5357,2.3542,0,66.61
68,8216.06,380.91,unemployed,freelance,1473.35,47659.34,24,444,0,1,0,0.5922,5.8008,0,239.27
48,5384.89,268.38,unemployed,permanent,36.86,7766.75,48,428,2,1,1,0.5994,1.4423,0,66.47
32,106987.47,3845.32,self_employed,permanent,2587.05,500000.0,12,674,2,0,0,0.4361,4.6734,1,30764.25
66,82820.25,1950.71,employed,permanent,3940.3,185338.71,36,804,2,1,0,0.2922,2.2378,1,185868.52
36,69715.67,1791.02,self_employed,permanent,9571.34,120570.16,24,300,0,1,0,0.3357,1.7295,1,18555.94
64,88510.91,2679.42,employed,contract,4165.45,500000.0,48,666,3,0,0,0.3727,5.649,1,56337.19
51,32180.58,767.62,self_employed,permanent,5484.63,158140.88,36,837,0,0,1,0.3203,4.9142,1,46841.09
67,40.35,1.8,unemployed,temporary,2.88,1000.0,36,794,2,0,3,0.5496,24.7831,0,161.56
41,61163.49,1803.83,self_employed,temporary,19062.61,265092.7,48,473,0,1,0,0.4162,4.3342,0,2859.42
23,68060.34,3355.15,employed,permanent,23725.5,405135.85,120,824,1,0,0,0.6613,5.9526,1,30627.15
24,69606.01,2876.51,employed,contract,10848.72,261902.41,84,333,1,1,1,0.5271,3.7626,0,1357.06
56,70262.34,1819.21,self_employed,permanent,14370.95,74509.87,84,617,0,0,0,0.3516,1.0605,1,28152.71
60,36863.91,1279.84,self_employed,permanent,14059.84,31583.66,12,510,0,0,0,0.4929,0.8568,0,335.02
68,24308.41,837.44,retired,freelance,5206.94,101277.03,36,610,1,0,0,0.4562,4.1663,1,2552.38
32,81868.14,2881.62,employed,contract,32585.92,337035.27,36,393,5,0,0,0.502,4.1168,0,1326.45
53,10414.93,379.7,unemployed,permanent,592.11,48064.44,48,488,3,1,0,0.4489,4.615,0,132.47
64,89020.36,1935.53,self_employed,permanent,30702.28,97769.55,24,813,3,1,0,0.3299,1.0983,1,147183.77
41,42576.06,1739.25,retired,permanent,8467.58,242554.22,36,503,2,1,0,0.53,5.697,0,1318.72
42,81779.8,2865.82,self_employed,permanent,743.02,288794.84,120,790,0,1,0,0.4223,3.5314,1,61763.7
22,44277.96,1943.94,self_employed,freelance,17219.22,180324.44,36,353,2,1,0,0.6046,4.0726,0,446.33
61,65683.82,2930.44,self_employed,temporary,25355.21,45432.72,48,775,2,1,0,0.6126,0.6917,1,31922.34
53,8350.74,230.12,unemployed,permanent,1280.24,48312.02,84,393,2,1,0,0.3613,5.7854,0,224.51
51,24356.8,541.83,part_time,freelance,9295.94,87544.55,36,613,0,1,0,0.3433,3.5943,1,8244.09
64,36021.92,1489.3,employed,permanent,2031.78,129624.78,120,659,0,1,0,0.5074,3.5985,1,10806.58
68,87445.62,4315.57,employed,permanent,23789.06,497526.6,48,467,1,1,2,0.6466,5.6896,0,1825.43
40,31430.77,1064.27,part_time,freelance,2412.99,176371.44,12,697,1,0,0,0.4217,5.6114,0,2699.22
65,49751.78,1413.22,self_employed,contract,4908.46,85157.25,48,836,0,0,0,0.3606,1.7116,1,56176.72
63,83563.6,2122.76,self_employed,contract,26049.7,469714.63,120,693,3,1,1,0.3672,5.621,1,59925.13
40,85778.17,2506.19,employed,temporary,12947.63,390412.23,84,655,1,0,3,0.3808,4.5514,0,21493.71
63,40280.61,1224.44,employed,contract,114.84,24327.64,24,347,2,0,0,0.3653,0.604,1,8138.7
30,6036.35,200.38,unemployed,permanent,1000.2,10980.95,36,731,0,0,3,0.4315,1.8191,0,283.03
58,5474.92,218.72,unemployed,temporary,499.46,15173.14,12,352,2,1,0,0.4976,2.7714,0,198.99
23,57561.28,1657.8,employed,freelance,15733.34,213294.68,36,540,0,1,1,0.4003,3.7055,0,4162.14
20,80957.37,1806.98,employed,permanent,6296.82,352756.64,36,694,0,1,0,0.2834,4.3573,1,105212.2
47,32083.91,1017.72,retired,contract,10809.11,53136.0,120,326,1,1,0,0.448,1.6562,1,2102.14
43,38501.48,1762.95,employed,permanent,4113.39,196428.88,84,358,0,0,1,0.5708,5.1019,0,336.6
54,20436.0,722.79,retired,permanent,3212.77,105274.71,48,485,1,0,3,0.4559,5.1514,0,532.57
32,37350.95,1829.18,employed,contract,4452.78,149123.43,36,440,4,1,0,0.6115,3.9925,0,1593.78
66,63868.82,2268.77,self_employed,permanent,16450.65,355494.91,84,356,0,0,2,0.4778,5.566,0,2097.23
53,28523.34,823.76,part_time,temporary,1154.21,141801.03,12,749,1,1,0,0.3547,4.9714,1,20887.98
30,44353.63,1174.11,self_employed,permanent,8482.18,76240.79,120,405,0,1,2,0.3559,1.7189,0,1716.98
55,70555.77,2899.16,employed,freelance,9439.09,345209.82,84,579,1,0,0,0.5198,4.8927,0,943.64
36,90273.4,3292.97,self_employed,permanent,31925.66,500000.0,84,767,2,0,0,0.5085,5.5387,1,36560.73
54,49036.12,1885.44,employed,permanent,1439.94,61630.33,84,732,5,1,0,0.4673,1.2568,1,20595.17
37,68030.67,2915.65,employed,permanent,22577.88,400213.44,120,639,2,0,2,0.5807,5.8828,0,2919.1
59,27751.97,1165.74,part_time,freelance,1861.39,17690.78,60,813,3,1,0,0.5175,0.6375,1,8991.64
41,5599.36,123.74,unemployed,contract,198.39,18880.59,84,698,0,0,2,0.2723,3.3719,0,618.87
43,56988.08,2521.25,self_employed,contract,4612.0,271058.8,36,481,0,1,0,0.5471,4.7564,0,1657.55
38,69053.34,2511.51,employed,permanent,2835.41,334729.82,84,601,3,0,0,0.4447,4.8474,1,11455.95
56,88781.59,2863.93,employed,permanent,18501.51,403130.49,48,482,2,1,0,0.4288,4.5407,1,11378.25
58,58476.28,2135.03,employed,permanent,23114.85,199487.89,24,809,3,1,0,0.5172,3.4114,1,31577.19
40,62214.83,2407.5,self_employed,temporary,854.27,253855.41,36,394,0,1,0,0.4671,4.0803,0,1244.49
27,5571.2,140.36,unemployed,permanent,1027.62,24232.64,84,713,1,0,0,0.3392,4.3496,1,1254.19
47,32240.75,1064.2,self_employed,freelance,4978.88,103814.11,84,455,0,1,0,0.427,3.22,0,1360.2
24,38467.04,1177.91,retired,contract,5225.46,145261.83,48,396,3,1,0,0.3946,3.7763,0,1813.73
36,53078.36,1648.27,employed,permanent,7045.91,273620.24,36,668,4,0,0,0.3992,5.155,1,26751.49
56,41678.22,979.32,employed,permanent,14921.02,92560.43,60,537,3,0,2,0.3536,2.2208,0,2734.66
55,60644.12,1546.15,employed,contract,460.32,204833.69,60,312,1,1,1,0.3075,3.3776,0,4279.32
38,35186.12,899.13,employed,permanent,10906.52,19234.09,12,600,1,1,1,0.3686,0.5466,1,16644.44
46,57098.19,1811.1,employed,permanent,5776.81,244431.65,60,481,1,0,0,0.4009,4.2809,1,8487.65
53,14431.91,677.18,part_time,permanent,2212.67,22724.77,120,454,2,0,1,0.5937,1.5746,0,264.09
30,36336.1,975.35,employed,temporary,6106.64,114295.45,120,690,1,1,0,0.3557,3.1455,1,31459.8
64,30962.93,1020.92,part_time,contract,3774.16,51278.6,48,476,1,0,0,0.42,1.6561,0,563.23
66,85393.68,2555.14,employed,permanent,3195.73,53749.81,60,368,1,1,0,0.3665,0.6294,1,20520.1
31,16776.52,734.79,part_time,permanent,767.23,52975.44,48,607,2,0,0,0.5347,3.1577,0,388.33
40,76233.34,1699.65,self_employed,permanent,9091.01,216242.34,36,844,3,1,0,0.2914,2.8366,1,154570.11
30,18393.04,488.63,part_time,contract,6046.23,52205.38,12,352,3,1,1,0.3845,2.8383,0,1080.1
58,62146.76,1676.54,employed,permanent,3346.67,102444.82,84,515,0,0,1,0.3345,1.6484,0,7197.12
47,5239.58,260.9,unemployed,permanent,1556.45,29916.04,84,337,0,0,1,0.6569,5.7096,0,73.77
24,18188.17,681.71,part_time,freelance,2101.6,9444.92,84,727,1,0,0,0.4729,0.5193,1,3819.52
36,73521.65,1829.68,employed,freelance,25981.52,397274.23,12,560,1,1,0,0.3693,5.4035,1,17296.7
39,41957.0,1207.21,employed,freelance,7188.55,191028.57,84,673,2,0,0,0.3795,4.553,1,25279.09
60,37919.0,975.59,employed,contract,2604.63,54845.9,60,330,2,0,2,0.3225,1.4464,0,1217.27
65,29656.53,725.63,part_time,permanent,11694.69,91847.93,120,692,5,0,2,0.3725,3.0971,0,5461.65
31,88263.35,3891.04,self_employed,permanent,6236.14,500000.0,84,724,1,0,0,0.5431,5.6649,1,27802.96
25,72359.98,2553.79,self_employed,permanent,16429.18,292358.94,84,304,1,1,0,0.4689,4.0403,1,5861.16
36,60728.44,2383.2,employed,permanent,13828.75,72908.86,24,353,1,1,0,0.5165,1.2006,1,5465.56
38,62357.63,1901.59,employed,freelance,9299.11,188134.98,120,803,3,0,1,0.3958,3.017,0,13454.87
45,34169.89,1263.7,retired,contract,13004.9,105076.41,60,807,2,1,0,0.5199,3.0751,1,12916.22
67,56609.08,1604.63,employed,contract,19108.39,278089.18,84,752,2,0,0,0.4077,4.9124,1,47025.16
63,72470.61,2160.91,self_employed,permanent,24055.01,401407.18,24,499,2,1,1,0.4242,5.5389,0,2651.69
63,24155.85,962.78,part_time,freelance,9412.59,23004.3,60,572,1,1,0,0.5562,0.9523,0,463.4
51,73054.63,1842.33,employed,contract,13357.58,162707.64,48,525,2,1,0,0.3392,2.2272,0,4012.29
25,92564.68,3594.81,self_employed,permanent,3598.39,198218.9,48,770,0,0,3,0.4738,2.1414,0,14480.13
55,55769.6,2548.12,employed,contract,17075.67,333405.43,84,317,1,1,0,0.6095,5.9783,0,1872.14
57,64286.35,1565.09,self_employed,permanent,9792.42,229871.86,84,309,3,0,2,0.3226,3.5757,0,7419.29
30,55553.34,2611.52,employed,permanent,4229.72,296603.35,24,338,1,0,0,0.5793,5.3391,0,1183.9
52,6438.43,149.05,unemployed,temporary,1244.54,18305.62,12,340,3,1,0,0.3165,2.8432,0,126.94
43,59934.44,1858.56,employed,temporary,22192.98,268205.26,24,343,3,0,1,0.4462,4.475,0,1182.26
42,83927.81,3242.96,employed,permanent,5752.65,174252.68,36,496,2,1,3,0.4774,2.0762,0,1856.1
34,91154.32,3386.35,self_employed,permanent,30945.03,500000.0,12,598,0,1,1,0.5137,5.4852,0,849.53
46,84426.1,1996.23,employed,freelance,14122.96,253557.27,24,508,3,0,0,0.3172,3.0033,1,23149.64
30,8509.64,375.57,unemployed,temporary,465.65,41871.6,120,758,0,0,0,0.5406,4.9205,0,113.36
69,88404.57,4351.01,employed,contract,30000.35,168586.88,120,535,2,0,0,0.6585,1.907,0,2998.52
36,85394.99,2230.45,self_employed,permanent,33120.29,368464.34,36,814,3,1,0,0.391,4.3148,1,90474.28
33,87995.26,4130.61,employed,permanent,10252.18,240083.74,36,659,1,1,0,0.5866,2.7284,1,26398.58
46,40026.14,1483.91,self_employed,permanent,4859.75,26934.26,120,682,0,1,0,0.4692,0.6729,1,10807.06
37,37886.27,1823.52,employed,permanent,5918.53,105003.52,84,726,3,1,3,0.6088,2.7715,0,5700.35
47,66851.89,1736.09,employed,permanent,21770.46,235660.87,120,643,4,0,2,0.3768,3.5251,0,5696.19
66,89092.13,3914.17,employed,permanent,371.24,118910.27,60,553,2,1,1,0.528,1.3347,0,855.06
66,5011.26,113.14,unemployed,temporary,448.92,7574.63,84,847,3,1,1,0.2888,1.5115,1,2286.1
23,46662.38,2174.15,employed,permanent,13175.59,142635.01,24,806,2,0,1,0.6156,3.0567,0,7445.44
26,37297.03,1510.39,retired,contract,6051.66,88953.92,120,817,2,0,0,0.5184,2.385,1,11748.56
64,42005.55,1328.74,retired,permanent,5549.7,122827.29,48,629,0,0,1,0.406,2.9241,0,3083.51
54,52334.83,1381.04,employed,permanent,18260.31,158812.58,120,787,1,1,0,0.3864,3.0345,1,64208.56
67,92903.09,4148.02,self_employed,permanent,34089.26,118025.78,84,781,2,0,1,0.6092,1.2704,1,37625.75
28,88631.3,3405.91,employed,permanent,33608.5,132642.96,60,771,1,1,0,0.537,1.4966,1,47860.9
27,84332.97,2643.46,employed,permanent,9194.0,435572.17,84,831,2,1,0,0.398,5.1649,1,92901.2
64,3499.02,118.19,unemployed,freelance,1277.16,4880.97,84,736,3,0,1,0.4783,1.395,0,56.05
36,56038.75,2518.43,self_employed,contract,16519.45,233262.91,120,721,1,0,0,0.5982,4.1625,1,17652.21
36,60296.42,1852.23,self_employed,permanent,3719.44,168944.8,12,461,3,1,3,0.381,2.8019,0,1424.77
68,56700.4,1329.49,employed,permanent,13841.02,330296.94,120,733,0,0,0,0.3302,5.8253,1,67394.1
52,40517.57,1921.04,employed,temporary,426.81,34989.92,120,315,3,1,0,0.5711,0.8636,0,1164.69
51,76907.96,2471.12,employed,contract,21791.97,389703.31,120,364,0,1,0,0.4422,5.0671,0,3509.81
27,4384.07,135.88,unemployed,permanent,1286.4,14042.05,48,372,1,0,1,0.4306,3.203,0,119.21
38,108582.9,2909.48,self_employed,temporary,34283.47,57487.92,36,503,1,0,1,0.3847,0.5294,0,4047.83
57,11123.29,522.89,unemployed,contract,767.62,21691.87,12,553,2,0,3,0.5779,1.9501,0,70.81
22,36343.72,987.72,employed,contract,9133.18,99666.57,120,828,4,1,0,0.3764,2.7423,1,48514.5
24,89367.67,3521.35,employed,contract,6393.6,199117.53,120,494,1,0,0,0.4871,2.2281,1,6702.58
32,74051.25,3445.04,employed,contract,28040.25,184644.72,60,550,0,1,0,0.634,2.4935,1,6664.61
66,63621.57,1390.24,employed,freelance,17178.1,352571.37,84,849,1,0,0,0.3162,5.5417,0,41566.24
65,56424.02,2539.44,employed,permanent,2151.47,140221.43,36,584,1,1,0,0.5477,2.4851,1,5078.16
50,37185.17,1220.01,retired,temporary,2781.93,104250.91,84,842,2,0,0,0.4087,2.8036,1,21388.54
35,30011.11,1201.17,retired,contract,7964.47,140638.77,36,782,4,1,0,0.5334,4.6862,1,11344.2
69,84155.34,2667.31,self_employed,temporary,16045.75,409507.0,36,609,2,1,1,0.4185,4.8661,0,6684.22
51,40113.92,1649.45,employed,freelance,11814.31,38609.37,48,480,2,1,0,0.5523,0.9625,0,790.48
41,69161.74,1953.84,employed,permanent,7767.94,302401.77,60,544,0,0,0,0.3615,4.3724,1,14368.35
48,28187.76,605.28,retired,permanent,7418.09,88908.3,60,740,0,1,0,0.3103,3.1541,1,31441.64
41,35969.92,1743.72,employed,permanent,2546.1,44465.89,84,574,1,1,1,0.5959,1.2362,0,647.25
62,24712.23,526.64,part_time,permanent,5374.52,48334.85,120,523,3,1,2,0.2992,1.9559,0,691.94
22,66814.63,2997.94,employed,permanent,25598.01,49956.98,48,666,2,0,0,0.6151,0.7477,1,16703.66
29,58461.3,1506.34,employed,contract,14690.68,145060.29,60,838,1,0,0,0.3595,2.4813,1,73924.31
61,13662.58,440.93,part_time,permanent,273.22,26023.6,36,549,1,1,0,0.3913,1.9047,1,1603.93
40,84133.86,3771.11,employed,contract,33275.35,218880.02,36,312,3,0,0,0.617,2.6016,0,1733.73
35,83085.93,2230.0,self_employed,temporary,5213.35,306742.7,84,607,2,1,0,0.3346,3.6919,1,44525.42
31,35992.76,1658.66,self_employed,permanent,10338.12,162970.45,36,491,4,1,2,0.6104,4.5279,0,1245.6
21,63101.18,2230.71,employed,permanent,13441.31,241641.93,60,318,2,0,0,0.4668,3.8294,1,4732.59
60,62348.99,1964.79,employed,temporary,7341.24,263803.26,24,638,0,1,0,0.4017,4.2311,1,22064.06
43,30738.18,1234.27,self_employed,contract,2180.08,161714.03,12,325,0,1,0,0.496,5.261,1,2489.79
54,7282.32,224.23,unemployed,contract,517.63,38640.24,24,305,1,1,0,0.3837,5.306,0,237.94
49,79457.95,2460.22,employed,contract,27282.67,415879.45,48,440,0,1,0,0.4402,5.234,1,8552.85
49,29227.19,1234.2,part_time,freelance,10205.11,39235.43,24,326,1,0,0,0.5766,1.3424,0,576.36
66,46163.32,1378.9,employed,temporary,8589.06,86827.68,120,404,0,1,0,0.3957,1.8809,1,8666.7
54,82426.09,2199.89,employed,freelance,3416.44,268938.95,84,821,1,1,0,0.3286,3.2628,1,152580.58
38,53839.82,2389.93,employed,contract,19041.32,133149.43,24,578,1,1,3,0.6034,2.4731,0,2137.44
69,87057.96,3858.7,employed,freelance,16959.46,106574.55,120,602,0,1,1,0.5708,1.2242,0,3614.55
27,38946.14,1376.6,employed,permanent,6835.24,81110.26,84,311,2,0,0,0.4593,2.0826,0,1308.04
45,23182.8,839.08,part_time,freelance,3777.47,135963.83,48,376,1,1,0,0.4669,5.8649,0,441.37
68,67841.84,2790.71,employed,permanent,9905.29,163369.74,24,317,3,0,0,0.5228,2.4081,0,1076.67
59,48620.76,1735.14,employed,contract,10229.91,136333.94,12,473,0,0,2,0.4703,2.804,0,1706.29
26,77425.91,2554.82,employed,permanent,18722.86,41438.95,60,700,1,0,0,0.4443,0.5352,1,30188.36
49,7522.75,375.02,unemployed,permanent,1403.54,33527.26,120,386,3,0,0,0.6355,4.4568,0,168.11
26,18670.05,469.36,retired,permanent,6696.19,51800.53,48,642,1,1,0,0.3734,2.7745,1,5956.34
22,68460.27,2609.79,employed,permanent,8698.87,73065.62,24,748,5,1,0,0.4829,1.0673,1,28753.31
20,62031.3,2895.06,employed,permanent,14349.37,361460.23,36,353,0,1,3,0.6063,5.8271,0,781.98
55,45781.61,1871.42,employed,contract,5492.95,218647.6,36,726,1,0,2,0.5145,4.7759,0,7334.08
44,89766.15,4176.54,employed,permanent,27050.13,403393.41,48,377,0,1,2,0.6186,4.4938,0,2613.39
56,84343.92,2584.56,employed,permanent,3445.32,486520.85,36,738,0,0,0,0.3759,5.7683,1,73269.56
20,51087.92,1469.62,employed,permanent,3856.1,140039.16,12,796,2,0,0,0.3603,2.7411,1,64232.84
34,64758.9,2957.03,employed,temporary,20753.97,288302.38,120,471,1,1,0,0.612,4.4519,0,2536.59
56,55067.7,1780.25,self_employed,permanent,4035.31,89988.52,24,849,0,1,0,0.4026,1.6341,1,52134.13
32,77652.27,3225.09,employed,permanent,19436.25,336557.6,12,660,1,1,0,0.5484,4.3342,1,23295.68
59,33397.62,839.71,part_time,permanent,12961.53,19284.95,12,535,3,0,1,0.3793,0.5774,0,1627.12
27,20253.06,868.42,part_time,temporary,4236.05,24195.92,60,732,1,0,1,0.5564,1.1947,0,1341.38
24,101530.5,3740.92,self_employed,permanent,7610.58,288237.38,24,315,0,0,0,0.4571,2.8389,1,6853.31
28,62412.41,1789.23,employed,permanent,8006.04,35357.24,48,795,0,1,0,0.3697,0.5665,1,87829.24
20,56811.82,2002.98,employed,permanent,18712.86,172754.08,36,510,1,0,0,0.489,3.0408,0,1336.03
55,86613.2,3565.07,employed,freelance,12183.39,292350.26,120,626,2,0,0,0.5221,3.3754,0,2283.16
54,6124.86,129.72,unemployed,permanent,1772.56,24002.32,60,546,3,0,3,0.312,3.9188,0,180.02
21,60707.58,2393.46,employed,temporary,18876.42,63872.07,12,848,5,1,0,0.5353,1.0521,1,32782.09
59,42880.07,1570.69,retired,permanent,8596.3,64129.95,36,802,5,1,0,0.4797,1.4956,1,16208.67
42,18008.39,490.88,part_time,permanent,5641.76,69747.55,24,466,2,1,0,0.3898,3.8731,1,2143.29
28,52863.61,2262.31,employed,permanent,6701.05,217799.79,12,740,0,1,0,0.5389,4.12,1,22202.72
53,113544.35,3370.48,self_employed,permanent,23442.8,72946.71,12,652,0,0,1,0.3975,0.6425,1,52372.33
65,72319.14,2090.63,employed,permanent,19860.52,251093.54,24,398,1,1,0,0.4018,3.472,1,12783.13
33,80465.04,2782.26,employed,permanent,5409.61,387632.25,48,417,3,1,0,0.4284,4.8174,1,10370.33
23,49911.15,2024.12,employed,permanent,5462.71,43924.55,60,652,0,1,0,0.5085,0.8801,1,14973.34
49,64908.46,3110.72,employed,temporary,16929.08,179955.51,24,800,1,1,0,0.6273,2.7725,1,35050.57
50,53941.66,1346.18,retired,freelance,14140.49,123839.91,36,338,2,1,0,0.3519,2.2958,1,10065.84
57,52528.71,1701.77,employed,permanent,10365.02,290229.58,36,629,0,1,0,0.4282,5.5252,1,13577.62
30,43826.21,998.68,employed,temporary,13947.0,66699.69,12,622,1,1,0,0.3371,1.5219,1,25701.44
54,73534.17,3158.86,self_employed,freelance,14179.0,165524.11,120,797,1,1,0,0.5541,2.251,1,35737.61
27,61843.0,2096.0,self_employed,contract,21801.45,336515.35,84,328,0,1,2,0.4772,5.4414,0,789.93
22,43776.75,1814.64,employed,permanent,12886.18,101500.47,60,842,1,0,0,0.5563,2.3186,1,19699.54
33,50876.4,1538.03,retired,contract,6404.22,174119.95,48,615,0,1,0,0.3879,3.4224,1,14372.18
32,119118.77,5415.05,self_employed,permanent,18832.87,81202.59,48,850,0,1,1,0.5771,0.6817,1,57891.72
64,66272.02,2414.45,employed,temporary,17699.58,392129.12,84,812,0,1,0,0.4906,5.917,1,35786.89
51,77607.22,3752.71,employed,permanent,27766.39,390923.62,36,766,1,0,0,0.6518,5.0372,1,34923.25
53,82247.11,1902.55,employed,permanent,5879.31,328100.6,48,498,2,0,1,0.2919,3.9892,0,9189.82
64,43936.33,1574.37,retired,permanent,9044.97,36649.67,120,481,1,1,0,0.4712,0.8342,1,2767.99
38,29194.82,1260.87,self_employed,permanent,1387.16,26619.39,36,429,1,1,1,0.5278,0.9118,0,905.56
57,23832.47,913.68,retired,temporary,2664.04,83350.61,60,430,1,0,1,0.4824,3.4974,0,363.46
35,38904.41,836.83,employed,permanent,10675.08,80448.66,84,304,2,0,0,0.313,2.0679,1,10912.69
21,35543.38,1748.49,employed,temporary,1105.18,139519.92,12,466,0,0,0,0.5965,3.9253,0,272.43
59,51829.8,1530.67,employed,permanent,13731.97,196437.98,120,684,0,0,0,0.4074,3.7901,1,23997.2
36,56579.58,1590.11,employed,permanent,20387.01,289267.78,36,391,4,1,0,0.4093,5.1126,0,3178.96
53,47897.82,1676.35,self_employed,temporary,18572.29,98074.32,60,486,1,0,2,0.4975,2.0476,0,1105.11
61,20390.37,747.23,retired,freelance,1766.88,75000.87,84,764,3,1,0,0.4571,3.6782,1,7707.56
35,64142.47,2769.89,employed,permanent,19214.47,306312.25,36,818,4,0,0,0.5781,4.7755,1,28864.11
57,50032.56,1616.24,employed,permanent,18539.47,160066.74,24,414,2,1,0,0.4618,3.1993,0,1950.72
21,78782.04,2652.24,employed,contract,2879.3,399309.93,36,562,0,1,0,0.4113,5.0685,1,12578.34
21,35442.89,1291.41,employed,permanent,5869.68,43311.89,60,643,2,0,2,0.4704,1.222,0,1690.8
45,81338.99,2630.2,employed,contract,29913.54,368989.26,48,538,1,1,0,0.4616,4.5364,1,7320.51
32,87511.45,4157.46,employed,temporary,7098.49,497625.24,36,608,5,0,0,0.5863,5.6864,1,13126.72
66,74387.43,3396.64,employed,permanent,27784.02,172977.43,12,315,3,0,0,0.6226,2.3254,0,1602.66
50,75350.42,2569.71,employed,permanent,15889.66,189495.04,60,361,3,0,0,0.4514,2.5149,1,5651.28
53,86345.93,1799.36,employed,permanent,3450.14,82850.93,48,620,2,0,0,0.2581,0.9595,1,62661.24
58,46498.92,2190.59,employed,permanent,8367.52,187307.43,60,667,0,1,0,0.6013,4.0282,1,13949.68
22,119483.73,2922.55,self_employed,freelance,15593.16,422790.67,36,734,3,1,0,0.3196,3.5385,1,162954.78
27,77541.47,2168.44,employed,contract,8753.01,55977.32,24,591,0,1,0,0.3582,0.7219,1,19791.68
42,28711.13,725.74,part_time,temporary,6218.55,133138.28,24,462,0,1,1,0.3466,4.6372,0,2046.3
33,54859.98,1430.64,employed,contract,10611.95,277649.91,120,540,3,0,0,0.3516,5.0611,0,5341.83
46,65017.76,2877.07,employed,permanent,12534.57,356892.75,12,624,0,1,0,0.5696,5.4892,1,11703.2
48,70965.48,2677.91,employed,temporary,2502.01,248488.29,84,674,3,1,0,0.4599,3.5015,1,21289.64
58,69118.86,3367.43,employed,permanent,22182.13,206609.42,84,428,0,1,1,0.6488,2.9892,0,2562.46
58,44084.43,1216.03,retired,contract,8489.59,234474.25,120,422,3,0,0,0.3695,5.3188,0,2002.0
20,39531.0,1383.49,employed,permanent,12980.49,106450.36,12,763,1,1,2,0.4856,2.6928,1,21346.74
36,20179.91,995.71,part_time,temporary,6656.1,82837.26,48,826,2,0,0,0.6581,4.1049,0,2622.33
60,34058.0,1530.5,retired,freelance,4320.4,132298.04,24,528,3,0,1,0.5646,3.8845,0,573.36
49,49759.78,2094.12,self_employed,permanent,86.51,126732.49,36,443,5,0,0,0.5054,2.5469,0,1603.3
32,41399.59,1090.68,self_employed,permanent,15090.08,40484.44,120,475,0,1,0,0.389,0.9779,1,7444.47
40,38198.11,1653.0,self_employed,temporary,11622.84,23598.24,60,352,2,1,0,0.5801,0.6178,0,1442.45
38,55151.09,1708.07,employed,permanent,2366.02,157473.32,120,634,4,1,1,0.3802,2.8553,1,23785.56
38,71876.96,2609.66,self_employed,temporary,20175.2,226168.66,60,592,1,0,0,0.4918,3.1466,1,4851.69
44,38463.7,1484.72,employed,freelance,308.07,193269.73,24,539,1,1,1,0.4648,5.0247,0,1423.46
41,87055.2,3360.89,employed,permanent,966.63,241949.39,120,742,2,0,1,0.4655,2.7793,1,30469.32
50,77088.38,3239.53,employed,permanent,16213.94,157752.07,24,435,1,1,0,0.5463,2.0464,0,3398.65
36,94430.92,3789.79,self_employed,temporary,3627.56,287214.53,60,370,0,0,3,0.4893,3.0415,0,1728.54
42,24395.84,556.9,retired,permanent,9410.32,44130.8,48,307,0,1,1,0.3511,1.8089,0,1320.43
51,68209.04,2330.88,employed,permanent,24386.95,68378.43,60,732,0,0,0,0.4816,1.0025,1,23873.16
29,37599.82,1511.54,retired,freelance,9773.13,42177.1,12,635,2,1,0,0.5344,1.1217,1,4737.58
29,89035.79,2623.57,employed,temporary,2268.95,200806.83,120,718,4,0,1,0.3587,2.2553,1,88065.3
55,76121.95,2280.93,employed,permanent,9890.84,43368.22,36,600,3,0,0,0.3856,0.5697,1,26125.05
27,66666.9,1631.11,employed,permanent,9912.65,114074.94,120,536,1,0,2,0.3233,1.7111,0,3669.61
39,81794.7,2702.74,employed,temporary,15733.37,395181.05,24,805,1,0,3,0.435,4.8314,0,13345.94
51,43530.18,2159.79,employed,contract,2940.95,77936.2,84,698,2,1,0,0.6089,1.7904,1,13059.05
69,26445.57,771.02,self_employed,contract,6109.05,29328.46,120,622,2,1,0,0.3961,1.109,1,8902.53
33,43538.63,1581.91,retired,permanent,7589.14,249038.49,24,301,5,0,1,0.4709,5.7199,0,835.8
69,40407.13,1717.75,employed,freelance,15311.02,158540.84,48,484,3,0,2,0.5859,3.9236,0,1501.27
47,41348.85,877.71,employed,temporary,15484.24,34325.45,12,315,0,0,0,0.3296,0.8301,1,10568.77
65,45553.19,2145.38,retired,temporary,10303.66,38371.36,120,578,3,1,3,0.6104,0.8423,0,1246.45
43,3246.42,104.24,unemployed,temporary,836.73,12552.84,60,650,0,1,0,0.4369,3.8667,0,66.85
34,69574.72,3213.14,employed,permanent,3834.86,241473.57,12,669,2,1,0,0.5652,3.4707,1,20872.42
41,85457.38,1877.44,employed,freelance,7633.85,74865.9,12,677,0,1,0,0.2815,0.8761,1,112034.63
49,29709.56,745.17,retired,permanent,10703.94,51508.51,48,354,3,1,1,0.373,1.7337,0,742.93
23,45628.69,1379.83,self_employed,permanent,12760.81,255964.91,48,507,0,0,0,0.4188,5.6097,0,2413.17
32,40860.96,1262.98,employed,contract,3096.12,148981.49,84,431,1,1,0,0.3861,3.6461,1,8377.31
42,42175.43,1921.54,employed,temporary,9619.55,123227.74,60,665,0,0,0,0.5923,2.9218,1,10543.86
27,20302.24,429.6,retired,contract,7591.1,38084.05,84,655,4,0,3,0.3287,1.8759,0,5091.71
37,39820.33,1574.19,employed,temporary,5497.93,49191.62,60,477,0,1,0,0.502,1.2353,0,1581.3
31,21936.11,541.02,part_time,permanent,1630.47,59545.01,36,541,0,0,0,0.3108,2.7145,1,3735.28
50,52647.58,2360.92,employed,freelance,19838.14,293405.81,12,583,1,1,0,0.6135,5.573,0,1656.54
33,44142.75,1922.05,retired,permanent,8144.61,33897.78,60,736,2,0,0,0.5594,0.7679,1,10814.97
53,82863.29,2934.55,employed,contract,13829.62,493068.35,48,824,2,1,1,0.4584,5.9504,1,44746.18
37,78162.53,2113.26,employed,permanent,8365.49,128418.69,36,370,0,0,3,0.3458,1.643,0,3461.44
53,37633.58,1480.48,retired,contract,13421.42,103425.38,84,353,1,1,0,0.5434,2.7482,0,376.0
30,40634.32,1031.74,employed,permanent,13744.42,30385.62,36,312,0,1,0,0.3723,0.7478,1,9340.2
60,92427.89,2437.85,self_employed,temporary,14899.02,343489.96,48,675,0,0,3,0.3487,3.7163,1,62929.53
31,54955.58,2149.41,employed,freelance,672.95,173635.12,60,559,3,0,0,0.4718,3.1596,1,4121.67
68,39710.77,1975.38,employed,permanent,7094.75,165470.36,48,379,4,0,0,0.6327,4.1669,0,1124.13
34,81335.65,3808.35,employed,contract,5884.08,283432.76,60,775,2,1,3,0.5763,3.4847,0,7135.47
50,57130.57,2178.52,self_employed,contract,3261.79,153679.97,48,359,0,1,0,0.469,2.69,0,1709.54
68,47003.69,1717.55,employed,contract,7390.74,214226.92,48,346,0,0,0,0.4699,4.5577,1,3525.28
48,82929.86,4142.59,employed,freelance,3286.57,52877.42,24,789,0,0,1,0.6074,0.6376,1,37318.44
45,84617.36,3113.84,employed,permanent,32407.25,294101.14,60,335,0,1,0,0.5182,3.4757,0,1481.34
37,57202.23,1892.63,self_employed,permanent,1087.74,64427.97,12,830,2,1,0,0.4008,1.1263,1,55155.76
51,4257.62,201.65,unemployed,permanent,683.55,12338.78,24,555,2,0,0,0.6005,2.898,0,176.89
41,66879.57,1850.14,employed,permanent,4352.59,324445.45,24,585,0,1,0,0.345,4.8512,1,18659.4
57,75339.28,1783.87,employed,permanent,20757.82,96700.54,24,666,1,0,1,0.3392,1.2835,1,60572.78
36,13452.43,529.05,part_time,temporary,424.08,75965.29,24,527,2,0,0,0.4782,5.647,0,184.52
42,67633.9,1598.12,employed,permanent,14793.04,364328.66,12,470,0,1,0,0.3273,5.3868,1,21024.67
43,53254.34,1689.06,retired,permanent,16468.4,148152.4,24,796,4,0,0,0.4425,2.782,1,19291.38
69,27697.47,919.21,retired,permanent,10525.7,14758.92,84,544,1,1,0,0.4743,0.5329,1,1744.94
27,10905.93,401.37,unemployed,contract,3047.24,52823.92,12,692,1,0,0,0.4975,4.8436,0,212.35
60,87259.26,4341.74,employed,temporary,3472.63,466394.37,84,823,0,0,0,0.605,5.3449,1,39266.67
25,27958.68,762.67,retired,permanent,989.97,40849.3,12,597,1,1,0,0.3344,1.4611,1,5833.75
24,9050.42,287.74,unemployed,freelance,2648.51,50130.79,84,756,1,0,0,0.44,5.5391,0,384.53
63,47683.63,1177.32,self_employed,permanent,4107.08,263572.93,24,736,5,0,2,0.3135,5.5275,0,23798.47
48,75568.61,2913.58,employed,freelance,13518.9,233665.67,36,645,1,1,0,0.4984,3.0921,1,13602.35
47,78858.1,3316.55,employed,temporary,30805.79,385552.35,12,777,4,0,0,0.5828,4.8892,1,35486.15
30,48596.31,1695.72,employed,permanent,15937.78,143223.72,24,484,2,1,0,0.4843,2.9472,1,4373.67
20,93007.61,2604.53,self_employed,temporary,31495.85,335037.08,120,571,0,0,0,0.4038,3.6023,0,3464.1
62,102149.93,3977.98,self_employed,contract,35171.03,230768.39,120,760,4,0,0,0.5362,2.2591,1,41370.72
38,54721.84,2000.56,employed,permanent,13561.06,75356.43,48,398,0,0,0,0.4883,1.3771,1,4104.14
28,44223.65,1142.13,employed,contract,13159.79,203691.97,48,733,1,1,3,0.3694,4.606,0,15663.71
46,40058.05,1308.53,employed,permanent,5751.71,20335.9,60,772,4,1,0,0.4207,0.5077,1,34307.32
53,79661.26,2670.77,self_employed,permanent,31814.99,293754.07,120,568,3,1,0,0.4822,3.6875,1,6452.56
63,34496.26,1707.32,part_time,permanent,3858.37,181304.52,12,695,1,0,0,0.6163,5.2558,0,2092.99
23,80262.27,3660.29,employed,permanent,18942.13,137812.33,120,707,0,1,0,0.5944,1.717,1,33710.15
55,58971.18,2491.68,employed,permanent,6653.4,137458.7,12,686,1,0,0,0.5296,2.3309,1,14742.8
37,64514.15,3016.42,employed,freelance,2892.07,240713.4,84,833,1,1,0,0.57,3.7312,1,34837.64
34,51555.15,2180.01,self_employed,permanent,11704.79,95778.45,48,640,5,1,1,0.5528,1.8578,0,2431.83
32,1956.79,92.33,unemployed,permanent,276.57,10099.34,12,838,3,0,0,0.5945,5.1612,0,58.21
38,23087.87,517.73,part_time,temporary,5386.12,58096.41,120,513,3,1,0,0.3157,2.5163,0,2083.66
68,60492.59,2064.93,employed,freelance,13518.36,223754.56,12,696,5,1,0,0.4543,3.6989,1,18147.78
25,24004.39,1023.02,part_time,freelance,5206.62,41855.65,48,343,1,1,0,0.5548,1.7437,0,612.74
67,87404.25,3307.91,employed,contract,4310.82,63597.5,24,665,2,0,2,0.464,0.7276,0,7748.38
31,82370.05,2136.87,self_employed,freelance,14503.08,119877.37,84,473,1,0,1,0.3465,1.4554,0,7258.13
56,68317.45,2101.74,employed,contract,22189.62,51517.79,48,572,0,1,0,0.4341,0.7541,1,8103.82
36,22736.92,684.42,retired,freelance,2866.16,69968.81,36,849,1,0,0,0.3864,3.0773,1,16272.36
42,119666.44,3405.22,self_employed,contract,21244.69,445937.66,120,789,2,0,3,0.377,3.7265,1,119223.67
45,98420.27,3035.42,self_employed,permanent,19441.22,73393.34,120,481,0,0,0,0.4096,0.7457,1,12011.21
48,50456.52,1808.86,retired,permanent,17412.17,50338.06,48,395,3,0,0,0.4992,0.9977,0,1064.4
52,57786.52,2644.72,employed,temporary,15153.93,183205.67,84,370,0,1,0,0.6017,3.1704,0,962.75
46,62617.05,2659.72,employed,permanent,2509.75,306541.12,48,610,1,1,1,0.5177,4.8955,0,3478.92
44,37317.1,1686.54,retired,permanent,12914.27,147553.7,84,626,2,1,0,0.6116,3.9541,1,4701.95
29,45675.2,2128.7,employed,temporary,15201.91,49142.23,120,646,0,1,1,0.6258,1.0759,0,2837.34
66,72921.9,2404.31,employed,freelance,21982.92,392427.93,24,465,3,1,0,0.4559,5.3815,0,2054.02
42,84663.72,2618.29,employed,permanent,15783.28,469542.98,48,515,1,1,0,0.4084,5.546,1,13959.35
40,40552.05,912.99,self_employed,contract,12288.01,92753.19,48,643,2,1,0,0.3308,2.2873,1,22230.96
40,39747.51,1906.79,employed,contract,7611.52,154542.21,24,360,0,0,0,0.614,3.8881,0,343.63
62,75602.04,1720.19,employed,freelance,22276.1,242516.17,120,485,2,0,0,0.332,3.2078,1,19051.71
32,50026.1,2123.6,employed,freelance,17611.39,284204.81,48,663,2,0,0,0.5798,5.6811,1,12506.53
56,69312.44,2208.4,employed,contract,24690.24,228600.53,24,481,0,0,3,0.4536,3.2981,0,1723.39
52,43743.06,2121.81,retired,temporary,7953.86,252826.66,36,333,2,1,1,0.6184,5.7798,0,1112.78
43,19403.95,641.72,part_time,permanent,6669.86,30976.16,24,704,2,1,0,0.4656,1.5964,1,4889.8
63,102438.74,4574.0,self_employed,temporary,4157.27,245899.3,12,437,1,1,1,0.5439,2.4005,0,1747.92
30,65249.39,1897.28,employed,contract,2657.46,313027.35,12,327,2,0,2,0.3571,4.7974,0,3548.06
36,31986.99,945.43,part_time,freelance,7014.96,153852.91,84,405,3,1,0,0.3985,4.8099,1,3506.41
23,97512.89,3725.25,self_employed,contract,25425.3,441441.63,24,456,2,0,0,0.5106,4.527,0,753.84
66,82771.66,4133.71,employed,permanent,5065.42,432718.9,48,406,4,1,0,0.6115,5.2279,0,2220.11
44,12463.71,447.81,part_time,temporary,2354.05,54391.68,60,532,2,1,0,0.4689,4.364,0,214.04
49,2922.08,140.68,unemployed,permanent,110.29,11683.84,120,495,0,0,1,0.5853,3.9985,0,237.02
28,1080.1,47.27,unemployed,permanent,260.13,3266.32,120,501,0,1,0,0.5733,3.0241,0,192.38
40,5305.0,233.66,unemployed,permanent,1814.51,16280.95,60,408,0,1,0,0.597,3.069,0,236.86
39,83947.81,2816.35,employed,permanent,24769.27,229503.93,36,842,1,1,0,0.4616,2.7339,1,45331.82
38,60714.71,1949.4,employed,contract,9187.14,237465.24,36,340,1,0,0,0.4156,3.9112,1,7686.48
38,105722.74,2794.36,self_employed,permanent,42026.64,289326.31,60,363,0,1,0,0.3967,2.7367,1,17692.28
31,52994.8,2594.0,employed,permanent,14052.84,69487.77,60,714,1,0,0,0.6404,1.3112,1,18548.18
56,53676.35,2620.25,employed,freelance,17503.82,58287.84,24,671,1,1,0,0.651,1.0859,1,16102.9
61,51135.78,2179.55,retired,permanent,13698.2,285572.75,60,663,2,0,0,0.565,5.5846,0,1936.65
36,33755.23,994.9,retired,permanent,13359.19,21470.49,12,535,1,1,0,0.4328,0.6361,1,2858.12
56,78437.1,2195.02,employed,permanent,25770.03,84717.55,36,770,1,0,0,0.4015,1.0801,1,69534.49
67,26755.81,1328.9,retired,permanent,5559.04,78907.61,120,799,1,0,0,0.6376,2.9492,1,8428.08
58,53105.63,1209.44,retired,permanent,7793.35,103348.57,84,722,5,1,0,0.3026,1.9461,1,61640.34
47,79584.93,3616.12,self_employed,permanent,21715.7,217439.47,120,487,2,0,0,0.5998,2.7322,0,1705.26
60,76762.8,2395.07,employed,temporary,18122.83,87967.14,36,839,2,1,0,0.4216,1.146,1,64996.6
54,39923.36,1319.48,employed,permanent,10050.32,48706.03,120,702,1,1,0,0.447,1.22,1,17773.88
66,62096.53,2800.51,employed,permanent,8519.94,304497.69,12,793,1,0,0,0.5686,4.9036,1,27943.44
67,84557.12,1985.06,employed,contract,14500.82,395312.83,36,533,4,0,1,0.316,4.6751,0,4998.23
37,83237.12,2593.94,employed,permanent,18581.74,89345.96,60,791,2,0,0,0.4186,1.0734,1,60979.51
33,37574.77,1826.16,employed,freelance,12614.35,156793.78,36,830,2,0,0,0.6504,4.1728,1,16908.65
54,51703.42,2131.36,employed,permanent,15778.0,199120.85,12,611,1,1,0,0.5557,3.8512,1,9306.62
63,22196.36,951.17,part_time,permanent,1053.49,98185.49,36,412,0,1,1,0.5237,4.4235,0,403.1
60,44474.56,1909.17,employed,contract,4368.37,138292.26,84,800,0,0,0,0.5348,3.1095,1,20013.55
26,8759.98,197.98,unemployed,permanent,93.41,17387.93,84,643,1,1,0,0.2733,1.9849,1,1429.84
60,42528.64,1138.08,self_employed,permanent,135.42,176503.87,84,657,3,1,1,0.3218,4.1502,1,40924.46
32,54065.18,1901.03,employed,temporary,4852.36,137458.87,120,425,3,1,0,0.4399,2.5425,0,1997.84
37,27255.45,860.48,part_time,permanent,8714.34,46449.85,84,381,2,0,0,0.4428,1.7042,0,699.34
56,70798.49,2323.48,self_employed,contract,25621.91,194515.99,60,551,1,1,0,0.4662,2.7475,1,5734.68
32,75621.41,3299.03,employed,freelance,11850.43,355268.18,84,681,0,0,2,0.5548,4.698,0,6762.63
55,11534.49,245.24,unemployed,permanent,2598.48,35951.42,84,398,1,0,0,0.3002,3.1169,0,255.58
50,41410.07,1660.45,employed,temporary,11695.08,89000.74,24,751,2,0,0,0.5377,2.1493,1,18634.53
21,92408.93,1925.48,self_employed,temporary,35223.94,469000.95,84,323,2,0,0,0.3263,5.0753,1,21669.43
35,47668.93,1080.78,employed,freelance,17407.4,254983.04,60,716,1,0,0,0.3451,5.349,1,51687.42
28,33335.64,1091.46,retired,contract,762.62,96102.56,84,652,1,1,2,0.3975,2.8829,0,2703.12
28,36807.45,1669.62,employed,freelance,3653.74,94255.93,36,372,2,1,0,0.5642,2.5608,0,1317.83
57,37911.2,950.14,self_employed,permanent,745.25,146710.44,84,814,3,1,0,0.3047,3.8698,1,71967.44
30,52587.75,1946.26,employed,contract,12969.03,43061.98,48,329,2,1,0,0.4934,0.8189,1,4732.9
41,57488.65,2335.37,self_employed,permanent,16338.12,247332.12,36,749,4,0,0,0.5443,4.3023,1,18108.92
52,10795.02,297.17,unemployed,permanent,1331.17,51843.97,120,779,3,0,0,0.355,4.8026,1,2817.5
55,75799.71,2711.83,employed,freelance,25888.69,203592.76,84,756,1,0,1,0.4976,2.6859,1,34109.87
64,117357.38,5564.62,self_employed,permanent,21256.37,171387.21,84,326,2,1,0,0.6052,1.4604,1,9505.95
42,67948.93,2430.76,employed,freelance,27135.58,44744.44,36,655,1,1,1,0.5092,0.6585,0,7030.12
64,26943.41,684.95,retired,permanent,4.31,107904.34,12,318,1,1,2,0.3051,4.0049,0,3214.19
64,53021.03,2075.49,employed,contract,2322.1,104953.21,48,827,3,0,0,0.4785,1.9795,1,23859.46
53,29833.93,1136.85,retired,permanent,3601.47,91035.04,12,569,1,1,1,0.4814,3.0514,0,663.92
28,30080.29,650.32,retired,permanent,306.91,78959.42,84,445,0,1,0,0.2615,2.625,1,9039.43
43,72013.03,1690.55,employed,permanent,22535.45,105273.43,12,841,2,1,3,0.3443,1.4619,1,121094.23
27,64194.44,1630.93,employed,temporary,1355.06,211586.65,60,448,0,1,1,0.3091,3.296,0,6090.49
26,56198.33,1394.19,employed,permanent,16836.56,170155.3,24,482,0,0,0,0.3576,3.0278,1,12003.96
55,23516.32,667.89,retired,temporary,494.49,92485.26,36,341,5,0,0,0.345,3.9328,1,3827.28
37,36217.65,1234.23,employed,permanent,3661.28,68283.58,48,464,0,0,2,0.4292,1.8854,0,1458.92
22,45789.29,1450.38,self_employed,permanent,15408.59,76949.59,36,393,0,0,0,0.4474,1.6805,1,3251.5
47,21976.44,1028.73,retired,permanent,8360.68,109418.45,12,513,0,0,0,0.6378,4.9789,0,477.61
25,78199.48,3025.27,employed,permanent,12966.3,341110.62,120,487,1,0,1,0.4974,4.3621,0,1958.58
63,35687.31,1655.45,self_employed,contract,13845.81,169412.5,24,387,1,0,0,0.6342,4.7471,0,1105.18
63,74832.55,2709.34,employed,freelance,18764.44,88159.78,12,757,2,1,1,0.4846,1.1781,1,40409.58
40,56211.23,1318.41,employed,permanent,9349.84,97370.11,36,771,0,1,0,0.3147,1.7322,1,112492.16
47,20715.0,711.47,retired,temporary,6652.01,75929.24,60,353,2,1,0,0.4764,3.6654,0,338.39
59,79700.15,3571.31,employed,contract,9415.09,415604.99,36,671,1,0,0,0.5613,5.2146,1,19925.04
20,66879.68,1771.96,employed,permanent,7110.55,361593.72,12,816,0,0,2,0.3392,5.4066,0,12563.33
55,26723.18,627.83,retired,permanent,7018.02,135633.63,48,664,3,0,0,0.3344,5.0755,1,15488.76
40,84207.46,2563.43,employed,temporary,13152.78,62203.1,120,336,1,0,1,0.3965,0.7387,0,4598.16
62,13040.94,419.61,part_time,permanent,709.0,65398.17,48,418,2,1,0,0.397,5.0148,0,642.19
54,16641.85,495.36,part_time,permanent,445.76,90614.9,48,708,4,1,0,0.3625,5.445,1,11532.8
32,76362.58,1892.1,employed,permanent,24064.68,62015.58,120,662,1,0,2,0.3604,0.8121,1,53301.08
68,74015.79,2083.51,employed,temporary,20011.23,206470.37,48,668,3,1,0,0.3919,2.7895,1,48006.64
29,3471.26,141.4,unemployed,permanent,571.78,11980.56,48,452,0,0,1,0.5218,3.4514,0,195.16
63,38411.37,1232.6,employed,permanent,13770.13,68377.12,84,622,0,1,1,0.4568,1.7801,1,6914.05
66,82194.29,3228.81,employed,permanent,13508.03,274674.5,24,593,2,0,0,0.5043,3.3418,0,863.78
29,3764.37,137.31,unemployed,permanent,1069.53,20225.04,24,779,0,1,0,0.4945,5.3728,1,500.0
65,45764.24,1686.29,employed,permanent,16641.99,241094.43,60,777,1,1,1,0.5149,5.2682,0,3656.3
32,37094.29,1041.71,retired,freelance,12474.3,210291.43,48,747,0,1,2,0.4043,5.6691,0,7216.75
56,85062.5,3066.08,employed,permanent,17390.34,269018.99,12,429,2,0,0,0.4734,3.1626,1,6379.69
57,37395.06,804.8,employed,temporary,10180.98,103140.0,12,641,3,1,1,0.3127,2.7581,1,25214.74
43,77119.22,2577.78,employed,permanent,12760.63,320957.32,36,566,0,1,3,0.4342,4.1618,0,3868.37
21,25166.88,944.63,part_time,temporary,6515.17,70270.54,48,637,1,1,1,0.5022,2.7922,0,705.14
41,65417.67,1710.12,self_employed,temporary,6739.39,47800.38,120,774,2,1,1,0.3343,0.7307,1,105361.96
36,45530.98,1289.27,retired,permanent,7917.69,203048.5,120,714,1,1,0,0.3746,4.4596,1,33572.36
55,88120.34,2400.07,employed,contract,7386.1,180242.37,12,590,0,1,0,0.3436,2.0454,1,24807.64
33,47606.34,1089.77,employed,permanent,727.14,36655.42,84,471,2,1,3,0.2778,0.77,1,19040.63
29,42900.61,1329.03,employed,contract,10099.49,26315.92,60,738,0,1,0,0.4188,0.6134,1,29261.65
54,85208.5,4208.15,employed,permanent,29462.69,479083.68,12,600,1,0,0,0.6618,5.6225,0,2496.14
44,88550.54,2758.78,self_employed,freelance,905.99,167043.34,84,448,5,0,3,0.3759,1.8864,0,4359.32
22,66608.67,2282.39,self_employed,contract,5222.91,197391.17,84,564,1,1,1,0.4269,2.9634,0,3224.1
66,66529.28,2653.3,employed,freelance,12246.31,381091.06,60,394,3,0,0,0.5154,5.7282,0,2304.78
57,29149.12,1158.61,part_time,temporary,7764.12,89526.96,48,716,3,1,0,0.5302,3.0713,1,7345.58
36,77516.75,3762.55,employed,permanent,5309.25,72272.84,36,556,0,0,1,0.5962,0.9324,0,1262.78
31,33157.57,1520.13,part_time,contract,751.95,117233.5,36,814,2,1,2,0.5547,3.5356,0,1515.98
43,58476.35,2572.39,employed,freelance,12140.83,57604.62,24,649,4,1,0,0.5694,0.9851,1,10525.74
48,51137.6,2484.73,employed,freelance,16746.74,52312.91,48,504,2,1,0,0.6486,1.023,0,1094.2
62,70181.53,1934.48,employed,permanent,989.14,363759.57,12,643,3,0,0,0.3336,5.1831,1,35034.62
44,57865.03,2246.94,employed,contract,8086.51,121043.14,120,764,1,1,1,0.4939,2.0918,1,31247.12
55,81486.85,3806.24,self_employed,permanent,21627.09,344908.26,36,838,2,1,0,0.6136,4.2327,1,39602.61
45,58099.22,2268.04,employed,temporary,3038.4,191674.2,84,328,0,0,0,0.4789,3.2991,1,4357.44
57,43414.77,2142.15,employed,permanent,4097.43,74794.83,60,675,3,1,0,0.611,1.7228,1,13024.43
20,5633.12,133.84,unemployed,permanent,1206.6,18859.75,84,404,2,0,0,0.328,3.348,0,183.94
39,90637.19,3049.68,self_employed,freelance,34559.3,79712.19,60,633,1,0,0,0.48,0.8795,1,12236.02
47,47573.5,2347.26,retired,permanent,5467.96,114636.34,12,368,1,1,0,0.6151,2.4097,0,766.86
35,62132.95,1982.29,employed,temporary,12116.61,209735.94,12,406,1,1,0,0.4219,3.3756,0,3538.47
66,40697.6,1725.73,self_employed,temporary,6510.49,71471.86,48,401,1,1,0,0.5408,1.7562,0,1077.23
36,64395.33,1398.67,self_employed,permanent,23115.26,266019.34,12,561,0,0,2,0.3324,4.131,0,4140.02
59,78246.17,3215.87,employed,permanent,2250.04,61420.55,12,588,3,0,0,0.4989,0.785,1,5868.46
47,57707.26,2775.33,employed,temporary,13068.33,182727.41,12,436,1,1,1,0.6224,3.1665,0,802.67
31,73309.19,2345.57,employed,permanent,24811.34,324941.28,120,789,0,0,0,0.4516,4.4325,1,32989.14
46,62896.75,1349.42,employed,contract,24859.75,180180.53,36,366,2,0,0,0.3365,2.8647,1,15425.43
61,48267.27,1044.86,employed,freelance,13490.23,256310.08,48,450,4,1,0,0.3157,5.3102,1,16012.18
66,78788.28,3691.28,employed,permanent,11973.79,313345.74,120,577,0,1,1,0.5926,3.9771,0,2072.5
49,33000.28,1382.93,self_employed,permanent,5436.13,190468.08,120,511,0,0,0,0.5358,5.7717,0,710.91
60,74864.58,1792.63,self_employed,permanent,10531.42,154420.92,12,649,1,1,0,0.3155,2.0627,1,44752.55
53,16804.49,376.85,part_time,contract,4057.36,95169.56,120,446,2,1,0,0.3174,5.6633,0,689.47
56,804.79,35.66,unemployed,permanent,238.03,3088.4,12,664,2,1,0,0.5909,3.8375,1,500.0
25,62661.37,2785.57,employed,permanent,20539.58,288147.3,84,527,1,0,1,0.599,4.5985,0,833.81
26,36483.8,888.33,retired,temporary,6079.56,199270.36,84,589,5,0,0,0.3255,5.4619,0,2913.45
51,44155.33,1308.22,retired,freelance,12658.6,155938.28,120,629,0,0,0,0.4129,3.5316,1,8076.45
51,75961.29,3310.7,employed,permanent,27838.98,398188.65,60,694,3,0,1,0.5963,5.242,0,6214.93
44,94140.19,3403.91,self_employed,permanent,34674.65,327545.09,36,438,0,0,0,0.5076,3.4793,0,1893.44
52,21419.85,1043.87,part_time,freelance,6032.08,81301.06,12,723,0,1,1,0.6411,3.7956,0,2546.81
26,85010.53,2963.83,self_employed,temporary,21657.36,250614.63,36,552,0,0,0,0.4693,2.948,1,5738.21
31,25269.74,1025.39,part_time,contract,5372.61,32876.24,48,715,3,1,2,0.5295,1.301,0,733.92
35,58185.9,2077.35,employed,temporary,4263.81,206226.41,48,806,1,1,0,0.4431,3.5443,1,35756.4
35,67846.7,3279.47,employed,freelance,3355.15,398664.85,84,645,1,0,0,0.5899,5.876,0,1314.8
62,87098.63,2827.3,employed,temporary,16921.91,420644.83,24,479,1,1,0,0.4284,4.8295,1,11225.27
55,43324.91,1192.98,self_employed,freelance,2763.16,199781.63,120,513,2,1,0,0.3432,4.6112,1,11005.22
32,51513.57,1563.96,retired,temporary,11889.33,208022.02,120,737,1,0,0,0.4105,4.0382,1,22591.28
26,13229.48,604.67,part_time,contract,3416.92,31929.32,60,779,5,1,2,0.6001,2.4135,0,1042.73
55,51961.41,1837.18,employed,permanent,10924.69,74454.65,24,452,0,0,0,0.4663,1.4329,0,1917.3
66,50847.99,1584.71,employed,permanent,740.89,88222.98,36,712,1,0,0,0.3769,1.735,1,43815.71
28,41175.51,1511.45,retired,contract,950.79,22019.49,60,422,1,1,0,0.4451,0.5348,1,2848.27
51,37466.37,926.14,self_employed,permanent,1698.59,157513.95,84,542,2,0,0,0.3057,4.2041,1,9827.62
30,83529.12,1753.25,employed,temporary,5133.56,414749.36,12,605,5,1,0,0.2642,4.9653,1,70906.2
27,80570.33,2337.91,employed,permanent,31902.07,159449.68,84,435,0,1,0,0.4274,1.979,1,10528.93
52,7824.79,301.09,unemployed,contract,1078.24,7865.3,84,458,4,0,0,0.4893,1.0052,0,239.34
42,5500.97,228.79,unemployed,permanent,642.45,12908.02,60,451,3,1,0,0.5224,2.3465,0,223.74
44,86312.58,3879.13,employed,contract,1804.51,181798.61,60,755,3,1,0,0.5435,2.1063,1,46608.79
27,80691.06,3861.96,employed,temporary,20505.87,240444.83,48,633,0,1,0,0.6252,2.9798,1,14524.39
64,23484.25,771.53,part_time,permanent,6126.48,45854.44,24,762,4,0,1,0.4464,1.9526,1,6797.28
41,91677.97,3890.06,self_employed,temporary,6433.91,217142.01,48,768,3,0,0,0.5232,2.3685,1,37129.58
23,66181.15,1522.91,employed,permanent,24334.58,363437.18,48,325,2,0,3,0.3497,5.4916,0,3921.15
59,67336.82,1515.84,employed,permanent,21561.08,157675.52,24,465,0,0,0,0.3342,2.3416,1,16746.67
22,3971.71,97.2,unemployed,permanent,365.9,19145.03,48,665,1,0,0,0.3121,4.8203,1,746.28
48,60414.65,2049.06,employed,permanent,11740.98,238159.71,60,738,3,1,0,0.4459,3.9421,1,27454.83
60,39296.68,1060.84,employed,freelance,7205.3,92601.0,36,396,1,1,2,0.3606,2.3565,0,1260.88
48,58948.13,1721.4,self_employed,permanent,8217.85,294613.06,12,693,1,0,3,0.3783,4.9978,0,11060.87
53,73270.57,2911.03,employed,temporary,23963.42,276443.88,120,766,0,1,0,0.5422,3.7729,1,39566.11
53,115555.52,3615.76,self_employed,permanent,5050.45,63255.44,12,566,0,1,0,0.3842,0.5474,1,21677.75
47,87968.53,3262.75,employed,temporary,14613.83,77236.82,120,422,1,1,1,0.4783,0.878,0,3397.82
32,77793.67,2556.44,self_employed,permanent,13319.25,360925.1,120,834,3,1,2,0.4286,4.6395,1,53989.43
34,68364.22,1761.17,employed,temporary,12817.62,202077.99,48,497,0,1,0,0.3466,2.9559,1,18876.73
42,45214.67,1039.59,employed,contract,15578.26,123449.29,24,340,3,1,2,0.3448,2.7303,0,6191.31
63,73241.95,2030.52,employed,temporary,6391.59,95364.65,60,420,2,1,2,0.3501,1.302,0,9267.74
45,13625.15,306.79,part_time,permanent,560.94,18601.77,48,724,3,1,1,0.2784,1.3653,1,15217.44
23,28533.37,1109.27,retired,temporary,7051.26,139460.8,60,303,2,1,0,0.5159,4.8876,0,489.0
45,71759.98,3160.44,employed,permanent,4989.74,363076.38,60,554,0,0,0,0.5424,5.0596,0,2633.88
59,3723.72,114.48,unemployed,permanent,111.61,13330.97,120,767,4,1,0,0.3749,3.58,1,1006.21
28,29735.45,955.22,self_employed,permanent,5074.64,63134.4,120,482,2,0,0,0.4196,2.1232,0,1206.41
24,31133.02,1389.74,part_time,permanent,2735.3,175274.37,84,406,0,1,0,0.5532,5.6299,0,366.03
51,52068.15,1422.83,employed,permanent,7523.15,204721.2,120,798,2,1,0,0.3568,3.9318,1,80526.52
39,30995.0,753.45,self_employed,contract,3219.9,151303.07,12,746,1,0,0,0.3125,4.8815,1,36612.84
69,39113.35,1386.54,employed,permanent,1449.33,20262.91,36,476,3,1,0,0.4328,0.5181,1,4731.15
30,48846.73,1938.26,employed,permanent,10948.45,145404.88,36,371,0,0,0,0.521,2.9768,0,1190.16
34,16094.37,616.79,part_time,permanent,173.94,85142.76,24,369,2,1,1,0.462,5.2902,0,416.67
51,98558.51,4105.42,self_employed,temporary,38097.81,232625.98,36,422,1,1,0,0.5772,2.3603,0,1252.15
47,52692.62,1184.98,employed,temporary,7194.24,236907.68,48,691,0,0,3,0.2972,4.496,1,53430.32
41,79258.27,2641.09,employed,permanent,22038.79,326323.06,12,526,0,0,0,0.4555,4.1172,0,1850.89
60,2086.15,57.98,unemployed,contract,676.22,2789.6,12,667,1,0,0,0.3983,1.3372,0,213.29
36,71823.52,3086.57,self_employed,temporary,8018.52,342021.52,60,757,1,1,1,0.538,4.762,1,34906.23
45,72842.04,3371.71,employed,permanent,21815.86,81502.77,48,482,1,1,0,0.6154,1.1189,0,2234.39
63,26995.79,783.93,part_time,temporary,8988.74,121576.28,48,526,2,1,0,0.4151,4.5035,0,401.59
26,68062.12,1606.98,employed,temporary,6569.83,404991.79,60,371,1,1,0,0.3026,5.9503,1,24183.83
61,85865.19,2423.54,employed,temporary,34088.3,495347.51,84,811,0,0,0,0.4181,5.7689,1,63291.23
45,17256.08,411.85,part_time,permanent,142.8,84577.74,84,307,1,1,1,0.2881,4.9013,0,632.41
44,62154.56,1879.39,employed,permanent,5395.03,213802.1,60,371,0,1,2,0.3802,3.4398,0,2554.65
29,83619.59,3054.69,employed,permanent,26090.01,352166.84,12,345,5,1,1,0.5008,4.2115,0,1756.99
64,32399.91,1595.12,self_employed,temporary,2515.93,145948.51,120,449,0,1,0,0.6063,4.5046,0,724.52
38,20067.87,651.84,retired,contract,5605.04,10961.24,48,781,0,1,0,0.4456,0.5462,1,8253.19
30,47831.63,1303.47,employed,permanent,16368.57,50845.7,36,708,1,0,0,0.3955,1.063,1,34988.84
32,26559.49,682.54,part_time,permanent,10190.5,100496.47,36,474,4,0,0,0.3851,3.7838,0,1232.61
27,27615.55,714.7,retired,contract,5238.64,14800.28,120,726,0,1,1,0.3485,0.5359,1,24600.48
59,45463.19,1202.54,employed,contract,17659.89,250001.22,120,536,1,1,3,0.3951,5.499,0,4168.96
23,5505.63,237.11,unemployed,freelance,906.5,17580.27,12,439,5,0,2,0.5497,3.1931,0,135.0
66,68747.89,1554.62,employed,temporary,5998.34,131839.13,36,363,2,1,2,0.2888,1.9177,0,6788.47
50,48670.67,2429.85,employed,contract,10005.17,129756.81,36,578,2,1,0,0.6402,2.666,0,1353.23
47,29125.57,1050.8,retired,permanent,7570.59,150849.2,120,349,5,1,0,0.4849,5.1793,0,671.29
30,26111.86,958.51,part_time,permanent,4783.31,146214.95,48,514,1,1,1,0.4771,5.5996,0,297.57
62,87015.61,2720.31,employed,permanent,19734.18,99136.22,48,335,0,1,1,0.4205,1.1393,0,4507.28
20,72110.8,2954.08,employed,contract,12011.04,344601.9,24,730,0,1,0,0.5249,4.7788,1,30286.54
68,78059.73,2699.63,employed,permanent,16385.11,287279.25,48,804,2,0,1,0.457,3.6802,1,35126.88
66,55174.56,1679.01,employed,permanent,21023.62,205263.99,24,548,0,0,0,0.4414,3.7203,1,4849.84
57,49973.99,1427.58,employed,permanent,9991.42,239224.82,84,767,1,0,0,0.3828,4.787,1,52712.56
43,59984.73,2869.16,employed,permanent,6074.76,103512.4,48,809,2,0,2,0.5942,1.7256,1,26993.13
66,101677.62,2981.24,self_employed,contract,30859.02,347813.45,60,693,2,0,2,0.4125,3.4207,0,7087.08
50,60096.48,2016.93,employed,permanent,8115.06,135604.06,48,739,0,1,1,0.4297,2.2564,1,35488.17
60,81569.9,2532.88,employed,permanent,26631.17,83186.44,24,457,2,0,0,0.4379,1.0198,1,7598.24
65,54584.56,1274.38,retired,contract,1241.08,58838.71,36,393,4,0,0,0.2847,1.0779,1,12339.66
69,20664.99,542.59,retired,permanent,2745.78,25843.49,48,785,0,0,0,0.3417,1.2506,1,20608.99
45,37497.56,988.45,employed,temporary,1415.31,145563.62,36,738,1,1,0,0.3239,3.8819,1,55467.89
68,43227.43,1775.12,employed,contract,1475.23,46774.94,36,465,2,1,0,0.4996,1.0821,1,3890.47
69,61515.12,2011.06,self_employed,freelance,16200.37,223642.59,48,355,0,0,0,0.445,3.6356,0,2216.11
24,42207.32,1841.96,employed,contract,6505.58,157671.09,48,754,1,1,0,0.5545,3.7356,1,22791.95
39,82886.55,3440.71,employed,permanent,28893.55,453508.02,60,669,2,0,0,0.5679,5.4714,1,20721.64
60,277.76,7.34,unemployed,temporary,57.37,1095.78,84,677,3,1,2,0.3584,3.9451,0,141.54
30,52368.6,1950.82,employed,permanent,6186.68,310060.5,24,694,1,0,0,0.4706,5.9207,1,13092.15
52,45158.2,1919.29,employed,permanent,13021.62,30276.73,48,690,1,0,3,0.5677,0.6705,0,4329.66
69,86234.66,3388.77,employed,permanent,21524.75,377087.24,36,651,0,0,0,0.5215,4.3728,1,21558.67
57,71821.46,2753.19,employed,permanent,22971.22,46370.84,36,381,1,1,1,0.524,0.6456,0,2808.51
46,85161.66,3611.31,employed,contract,21923.62,384213.36,48,845,0,1,1,0.5604,4.5116,0,21916.67
53,34363.56,772.82,part_time,permanent,2295.67,90107.31,24,362,0,0,0,0.2832,2.6222,1,6705.02
34,62340.4,2628.67,employed,temporary,16714.96,240770.64,84,813,1,1,0,0.5596,3.8622,1,33663.82
51,47887.55,1378.48,employed,permanent,7500.13,105470.38,36,447,1,1,1,0.3768,2.2025,0,2444.03
40,45655.08,1712.66,employed,permanent,8457.93,62779.28,84,818,2,0,0,0.4872,1.3751,1,20544.79
65,17127.13,477.86,part_time,freelance,6313.5,76717.88,84,607,1,1,0,0.4085,4.4793,1,3385.01
24,92316.36,4181.82,self_employed,permanent,13292.23,500000.0,60,804,0,0,0,0.5724,5.4162,1,37388.13
25,37224.52,1297.26,employed,temporary,9111.95,56197.99,36,397,2,0,0,0.4672,1.5097,0,587.58
57,19900.36,787.77,retired,permanent,2893.37,110722.95,24,601,1,0,0,0.5041,5.5639,0,467.76
41,68447.86,3011.3,employed,permanent,2593.56,86997.34,12,341,4,0,0,0.5355,1.271,0,2222.56
37,70313.14,3300.97,employed,permanent,12755.52,319653.4,60,615,2,1,0,0.5996,4.5461,0,4541.09
33,71589.46,3020.01,employed,contract,17097.32,413568.61,60,683,1,1,0,0.554,5.7769,1,21476.84
29,55453.43,1395.9,employed,permanent,9038.98,72673.93,12,403,0,1,0,0.3347,1.3105,1,16499.61
65,79326.97,3629.78,employed,permanent,12396.15,229492.55,60,635,0,0,0,0.5803,2.893,1,11899.05
32,75694.34,2942.63,self_employed,permanent,24839.2,178337.09,60,331,0,0,3,0.5321,2.356,0,2331.32
50,40800.61,1575.27,employed,contract,484.47,107576.02,60,581,1,1,2,0.4657,2.6366,0,419.77
49,100724.43,4805.14,self_employed,contract,11909.07,467589.86,36,329,0,1,1,0.5961,4.6423,0,2006.84
22,87418.73,2455.67,employed,temporary,28385.12,361611.0,36,692,3,0,0,0.402,4.1365,1,42835.18
49,38302.0,1065.61,employed,permanent,14103.26,223215.56,48,331,3,1,1,0.4075,5.8278,0,1244.34
25,56524.32,2023.65,employed,freelance,9321.98,85924.73,48,448,2,1,0,0.4626,1.5201,1,5087.19
48,23212.87,991.97,part_time,contract,8252.59,80964.98,36,375,0,1,0,0.5839,3.4879,0,574.56
27,43055.89,1458.64,employed,contract,3426.05,127884.34,60,706,0,1,0,0.4224,2.9702,1,28065.55
63,107432.35,4224.44,self_employed,contract,9515.37,500000.0,24,573,2,1,0,0.4896,4.6541,1,8702.02
64,50628.23,1722.98,employed,temporary,17136.47,28271.1,12,848,2,1,1,0.4761,0.5584,1,27339.24
62,78065.47,3016.16,employed,permanent,28205.3,463743.02,48,360,0,1,0,0.5359,5.9404,0,1365.4
63,71904.7,3222.48,employed,contract,6408.31,225675.69,120,430,0,1,0,0.5556,3.1385,0,652.89
52,67892.52,1771.81,employed,freelance,1611.07,267528.31,120,812,0,1,0,0.3179,3.9405,1,133522.86
36,45567.86,1873.53,employed,permanent,1646.35,113021.46,60,359,0,0,0,0.5006,2.4803,0,867.08
67,47138.69,2064.67,employed,permanent,4928.46,244597.79,120,679,1,0,0,0.5465,5.1889,1,11784.67
30,568.18,19.25,unemployed,freelance,173.06,2040.3,48,646,0,1,3,0.4675,3.5909,0,71.85
32,48239.18,1459.76,employed,permanent,9840.64,199973.6,84,741,0,1,1,0.4039,4.1455,1,38940.6
69,57817.14,1227.36,self_employed,contract,10536.34,235256.55,24,842,2,0,3,0.2912,4.069,0,40139.41
30,80822.99,3562.86,employed,permanent,18884.77,202211.18,84,698,1,1,0,0.5757,2.5019,1,24246.9
50,59807.3,1818.03,self_employed,permanent,21296.74,54900.14,60,306,3,1,0,0.436,0.918,1,6200.82
47,96689.07,3022.0,self_employed,permanent,3497.45,477874.54,120,690,0,1,1,0.3823,4.9424,1,61453.64
63,59169.33,1812.56,employed,permanent,16442.54,123867.3,36,434,1,1,0,0.4232,2.0934,1,8179.57
25,78167.76,2765.57,employed,permanent,28978.07,404058.24,24,319,4,0,1,0.4987,5.1691,0,1769.67
60,11715.26,484.11,unemployed,permanent,999.78,45074.89,48,626,3,1,3,0.5129,3.8475,0,72.35
35,26874.14,1164.89,retired,contract,9005.76,65717.26,120,733,2,0,1,0.5872,2.4454,1,6584.16
23,82428.79,2661.07,employed,freelance,23014.93,310621.3,60,673,2,0,0,0.4432,3.7684,1,23409.78
54,69200.32,2780.04,employed,permanent,400.49,280275.81,84,442,1,1,0,0.4832,4.0502,1,6228.03
67,48239.89,2019.0,retired,temporary,4469.17,211616.76,60,693,4,0,0,0.5208,4.3868,0,3069.35
45,70837.22,2089.23,employed,temporary,17166.54,355805.42,12,782,2,0,1,0.4024,5.0229,1,62223.41
31,65275.2,1543.85,self_employed,temporary,13117.71,89991.8,120,790,2,1,2,0.324,1.3787,1,111667.59
30,47544.12,2231.14,employed,temporary,10040.11,270658.89,12,620,2,0,0,0.6054,5.6928,0,2780.39
56,38851.94,1576.71,employed,permanent,3604.38,107216.72,84,711,2,1,0,0.5055,2.7596,1,16317.81
44,75874.24,3014.98,self_employed,permanent,20486.15,397010.19,12,653,2,0,0,0.5308,5.2325,1,17071.7
37,119080.98,2685.43,self_employed,permanent,12690.14,203942.58,36,731,0,0,1,0.2919,1.7126,1,156118.74
38,75592.3,3378.07,employed,permanent,11775.31,49865.17,60,302,2,1,0,0.5674,0.6597,0,1963.25
42,53004.0,1979.34,employed,contract,7821.61,193644.4,60,430,3,1,0,0.4776,3.6534,0,633.05
57,48606.58,2214.68,retired,permanent,13065.94,111098.34,48,374,0,1,1,0.6005,2.2857,0,1296.65
37,98053.48,4829.92,self_employed,freelance,3539.84,500000.0,120,623,3,0,0,0.5983,5.0993,0,5142.69
45,50489.97,2461.32,employed,freelance,4151.12,54251.17,120,777,4,1,0,0.6014,1.0745,1,27264.58
25,26359.21,1207.32,self_employed,freelance,2113.98,20037.37,120,459,0,1,1,0.5657,0.7602,0,715.9
23,1417.95,29.99,unemployed,freelance,61.5,1060.06,36,316,1,1,1,0.2625,0.7476,0,64.57
63,50460.33,2354.83,retired,permanent,4190.12,85419.52,120,694,0,1,1,0.5766,1.6928,0,3090.11
48,104473.49,2405.26,self_employed,temporary,25368.68,385042.39,120,655,0,0,2,0.3248,3.6856,0,21383.59
53,51236.5,2339.45,employed,permanent,15005.49,168086.39,120,331,2,0,0,0.6065,3.2806,0,769.75
36,3422.35,99.27,unemployed,contract,903.92,8300.63,12,782,1,1,1,0.4009,2.4254,0,118.31
62,100322.17,3875.14,self_employed,freelance,19068.76,99154.63,60,454,1,1,1,0.5015,0.9884,0,1929.84
62,86575.56,1899.78,employed,contract,1815.82,154585.34,12,814,2,1,0,0.2675,1.7856,1,217391.23
35,77852.55,3373.05,employed,permanent,29864.46,117776.03,24,641,2,1,0,0.5966,1.5128,1,14013.46
21,68306.83,1645.61,employed,contract,4592.31,314291.17,36,705,1,1,1,0.3025,4.6012,1,113321.03
53,48053.78,1576.73,self_employed,permanent,12848.07,230163.44,12,672,1,0,0,0.4472,4.7897,1,11417.58
27,63916.14,2855.49,employed,permanent,23339.38,305108.62,36,585,2,1,0,0.6091,4.7736,1,5752.45
32,47183.63,1939.92,self_employed,contract,13169.46,275067.49,84,520,1,0,3,0.5492,5.8297,0,1341.13
61,30584.26,642.56,part_time,permanent,2667.55,164032.83,120,446,3,0,0,0.2696,5.3633,1,6341.95
27,32317.56,1053.18,retired,freelance,4082.31,104641.87,60,479,2,1,1,0.4163,3.2379,0,1599.67
49,31175.04,687.6,part_time,permanent,376.67,86733.58,24,809,1,1,1,0.2671,2.7821,1,47049.12
51,20777.01,840.99,part_time,contract,5092.51,115036.63,48,596,3,0,0,0.5347,5.5367,0,378.94
55,80328.22,3943.66,employed,permanent,19696.25,310206.61,120,648,1,1,1,0.6382,3.8617,1,14459.08
66,56665.19,2263.5,self_employed,contract,16444.25,120084.46,24,790,0,0,0,0.5374,2.1192,1,22949.4
49,59207.3,1620.95,employed,contract,260.42,213415.8,36,652,0,1,0,0.3294,3.6046,1,60604.59
20,40773.07,1271.89,retired,freelance,13338.36,242877.91,24,380,2,1,2,0.4398,5.9568,0,367.55
62,38865.82,1916.82,employed,permanent,11484.24,201017.34,60,733,1,1,0,0.6509,5.1721,1,16323.64
58,33808.76,925.28,part_time,freelance,1905.28,69207.83,36,422,1,0,0,0.3397,2.047,0,1192.15
36,79492.55,2958.02,self_employed,permanent,11053.49,456386.55,120,588,1,0,0,0.4743,5.7412,0,647.92
39,36789.34,1196.14,retired,permanent,9396.36,216985.06,36,769,2,0,0,0.4412,5.898,1,13628.24
43,81166.67,3509.85,employed,permanent,16096.87,143780.12,60,809,1,0,0,0.5586,1.7714,1,36525.0
69,82616.95,3811.3,employed,contract,3803.49,448259.47,84,779,1,1,0,0.5628,5.4258,1,44613.15
41,6267.12,192.87,unemployed,permanent,218.96,33576.82,12,738,1,0,0,0.3763,5.3576,0,260.84
48,85999.43,3448.14,employed,contract,26881.92,61803.03,48,473,2,0,0,0.5437,0.7186,0,1686.03
41,20395.3,751.51,retired,contract,1272.4,85319.47,84,645,1,0,0,0.4546,4.1833,1,2141.51
63,41227.42,1193.72,employed,permanent,2837.97,89836.36,120,404,2,0,0,0.3612,2.179,0,2938.81
28,81694.88,2349.95,self_employed,freelance,27152.87,343965.63,84,754,1,0,0,0.4117,4.2104,1,58430.63
56,54473.62,1990.65,employed,permanent,13338.18,300943.48,24,593,0,1,0,0.4875,5.5246,1,4902.63
29,69101.39,1750.0,self_employed,freelance,16714.68,224115.56,120,692,0,1,1,0.3523,3.2433,1,55113.89
55,56167.53,2498.44,self_employed,permanent,10769.47,156104.76,120,495,2,1,0,0.5721,2.7793,0,1149.28
56,57259.89,1308.16,employed,temporary,13032.24,318847.23,84,721,1,0,3,0.3197,5.5684,0,28674.24
47,80245.55,1893.13,employed,permanent,19315.74,470048.91,48,776,0,1,1,0.3312,5.8576,1,146290.85
47,67641.19,2084.36,employed,permanent,26185.97,56974.16,120,517,4,1,2,0.4472,0.8423,0,2728.97
61,119747.73,2907.2,self_employed,permanent,10680.22,500000.0,120,452,1,1,0,0.3092,4.1754,1,37013.54
62,99753.52,3462.24,self_employed,permanent,8561.34,95287.25,48,336,2,1,0,0.4337,0.9552,1,10714.13
40,3284.0,106.7,unemployed,permanent,75.16,7734.06,84,647,1,1,0,0.3945,2.3551,1,500.0
43,50112.79,2099.03,self_employed,permanent,13193.67,235237.34,60,469,3,0,3,0.5553,4.6942,0,1429.02
61,53474.4,2600.42,employed,permanent,11743.88,255270.93,12,609,0,0,0,0.6275,4.7737,0,3078.38
59,81379.27,3484.02,employed,contract,3621.03,365557.34,48,653,0,0,0,0.5226,4.492,1,20344.82
21,36500.82,951.48,employed,temporary,5322.39,26102.42,36,549,1,0,0,0.342,0.7151,1,8650.69
27,47659.97,2293.37,employed,freelance,3406.03,58684.35,84,678,1,1,0,0.5917,1.2313,1,14297.99
67,32813.12,1058.9,part_time,temporary,4350.78,185367.57,120,444,2,1,0,0.4138,5.6492,0,859.8
46,41676.17,1444.66,retired,temporary,15858.02,39510.58,12,788,2,1,1,0.4921,0.948,1,15753.59
41,47476.59,1572.87,employed,temporary,12976.66,44248.3,60,391,0,0,0,0.4522,0.932,0,1730.02
56,45818.77,1329.48,self_employed,permanent,138.72,233494.86,84,480,2,1,0,0.3488,5.0961,1,11223.03
46,49916.87,2343.04,retired,temporary,5041.77,201013.32,48,427,3,0,0,0.5835,4.027,0,295.83
48,84156.66,2568.77,employed,permanent,348.8,204846.43,84,577,1,1,0,0.3671,2.4341,1,20131.96
22,49087.21,1851.03,employed,contract,14036.36,69282.07,60,741,0,0,0,0.5097,1.4114,1,17180.52
63,58128.07,1617.95,employed,contract,10914.63,311737.2,24,558,2,1,0,0.3716,5.3629,1,13434.56
32,104286.6,4598.01,self_employed,permanent,41465.13,500000.0,60,647,4,1,0,0.6086,4.7945,1,16894.43
64,29733.17,1290.84,part_time,contract,8724.7,23038.58,36,783,2,0,1,0.5797,0.7748,1,8027.96
29,102322.03,3016.02,self_employed,permanent,21197.56,363000.05,60,601,3,1,0,0.3951,3.5476,1,34776.8
55,63511.9,2585.7,employed,permanent,20443.35,123033.33,12,511,5,1,2,0.5529,1.9372,0,1052.39
28,85135.2,3521.45,employed,permanent,24001.44,432327.41,24,787,1,0,0,0.5527,5.0781,1,38310.84
46,3911.42,145.66,unemployed,contract,381.4,9400.71,84,783,4,1,0,0.4664,2.4034,1,500.0
53,23796.87,912.63,retired,contract,5047.39,105431.11,84,850,1,1,0,0.5026,4.4305,1,8995.22
20,92329.57,3470.51,self_employed,contract,20534.05,320141.6,36,762,2,1,0,0.4955,3.4674,1,44872.17
51,76238.67,1770.34,self_employed,permanent,13760.52,265186.96,24,649,4,0,1,0.3148,3.4784,1,38122.38
44,82002.22,3311.47,employed,temporary,5877.68,427969.33,36,602,1,1,0,0.4989,5.219,1,14760.4
48,21002.89,725.34,retired,contract,1876.56,64840.63,84,717,2,1,1,0.4323,3.0872,1,8360.75
26,49216.62,1654.74,retired,permanent,5532.88,253504.84,24,367,5,0,1,0.4259,5.1508,0,810.73
68,51131.21,2347.77,employed,temporary,209.74,127769.1,48,356,0,1,0,0.5518,2.4988,0,1040.96
22,7858.27,169.04,unemployed,permanent,2882.24,11483.34,60,769,1,0,1,0.3315,1.4613,1,2383.41
39,37207.08,1047.88,employed,permanent,10211.05,111811.95,12,452,3,0,0,0.3928,3.0051,1,5982.9
39,68526.97,1670.29,employed,permanent,18902.95,222092.95,12,500,1,1,3,0.3477,3.241,0,2639.51
49,74449.94,1627.78,employed,temporary,17043.99,233110.77,48,338,1,1,1,0.3082,3.1311,0,4664.29
54,55281.26,1596.19,employed,permanent,15242.39,273411.01,120,811,0,0,0,0.4016,4.9458,1,48957.08
54,46847.59,2326.63,employed,permanent,18399.16,168919.96,24,547,2,1,0,0.6745,3.6057,0,1457.02
68,64569.69,1854.12,employed,permanent,9947.87,347800.92,60,413,2,1,0,0.3754,5.3864,1,14481.69
58,104153.13,4186.06,self_employed,permanent,29684.71,346623.72,48,677,0,1,0,0.5393,3.328,1,28121.35
46,52795.1,1282.06,employed,permanent,7592.55,91648.75,24,434,0,1,0,0.3202,1.7359,1,17086.61
45,48885.81,1876.59,employed,permanent,16705.04,59260.7,60,422,1,1,1,0.529,1.2122,0,1223.97
33,50341.44,2494.29,employed,temporary,17277.76,265601.21,24,512,3,1,0,0.6632,5.276,0,1070.62
36,115167.55,3379.62,self_employed,permanent,41564.73,93164.83,12,801,0,1,0,0.4243,0.809,1,84740.74
37,54760.23,2495.36,employed,contract,119.67,62801.93,60,474,1,1,1,0.5473,1.1469,0,817.95
64,35198.23,1757.42,employed,contract,4198.32,29922.78,12,574,0,0,1,0.623,0.8501,0,1311.19
48,46922.2,1783.02,retired,permanent,2513.61,132815.07,12,535,1,0,0,0.4667,2.8305,0,1139.53
39,8391.3,250.54,unemployed,permanent,1523.81,28777.01,60,845,1,0,0,0.3946,3.4294,1,1592.0
46,22757.03,921.16,retired,contract,4509.98,13866.11,48,470,2,0,0,0.5254,0.6093,0,283.12
37,89169.73,4054.97,employed,permanent,9127.56,297445.6,24,719,0,0,1,0.5662,3.3357,0,12154.75
23,68443.43,1767.97,employed,permanent,19806.06,182448.08,60,836,2,0,0,0.3678,2.6657,1,81433.99
20,72574.05,2469.82,self_employed,permanent,7831.31,345093.13,84,396,3,1,0,0.43,4.755,1,8229.9
69,56022.06,1688.67,employed,temporary,19134.7,283738.37,12,320,1,1,3,0.43,5.0648,0,1644.76
20,84427.0,2456.65,employed,temporary,5999.7,360277.1,24,589,1,1,1,0.3634,4.2673,1,20758.91
45,48417.99,2224.35,employed,freelance,7112.32,150300.36,60,381,0,1,0,0.5807,3.1042,0,1193.43
64,28573.45,946.68,retired,freelance,7111.79,48255.34,48,406,1,0,1,0.4474,1.6888,0,314.26
39,41732.59,1282.15,employed,permanent,10104.88,215303.93,60,585,2,1,2,0.4171,5.1591,0,671.27
42,29459.74,1132.31,part_time,permanent,919.49,70090.03,60,849,0,1,0,0.4675,2.3792,1,9544.96
29,40035.32,1090.26,retired,permanent,13552.09,98471.09,36,630,2,0,1,0.3945,2.4596,1,8869.83
30,68498.64,1886.35,employed,permanent,16386.65,379349.82,84,431,1,0,0,0.3783,5.5381,0,2762.11
60,2621.65,94.4,unemployed,permanent,912.19,15378.03,24,638,2,1,0,0.5017,5.8658,0,239.07
60,86861.0,2846.47,self_employed,permanent,30145.48,472499.54,60,520,0,0,0,0.4627,5.4397,1,5863.12
24,46321.96,1363.58,retired,permanent,10115.21,277482.02,12,376,3,1,0,0.3969,5.9903,0,678.81
20,54683.87,1225.3,employed,permanent,19922.02,288676.08,12,349,1,1,0,0.3417,5.279,0,3042.67
36,47649.84,1716.47,retired,permanent,16170.6,208418.8,36,642,1,1,0,0.5001,4.374,1,6003.88
41,54183.48,2419.35,employed,freelance,20765.77,114652.61,12,631,1,0,1,0.6125,2.116,0,1715.82
53,29437.18,1344.25,part_time,temporary,10014.51,169006.61,60,593,3,1,0,0.616,5.7413,0,410.27
64,36855.16,1020.9,employed,freelance,12106.24,196122.8,24,451,2,0,1,0.3981,5.3214,0,2434.98
60,65314.05,2503.02,employed,permanent,12262.33,119139.84,36,394,0,1,0,0.4974,1.8241,1,5878.26
48,53872.48,2467.17,retired,permanent,4569.06,171874.42,84,680,2,0,0,0.5665,3.1904,1,9427.68
23,54306.05,1778.77,retired,permanent,19782.8,48077.48,120,739,1,0,0,0.4659,0.8853,0,3916.15
24,51766.49,2485.86,self_employed,permanent,14961.53,297305.24,36,620,0,0,0,0.6341,5.7432,0,1466.78
30,59276.95,2796.11,employed,permanent,6680.46,216374.25,48,389,2,0,0,0.5886,3.6502,0,818.03
40,38463.78,1034.83,employed,freelance,5246.39,71104.26,48,828,0,0,0,0.3501,1.8486,1,51891.49
54,32086.85,910.83,part_time,freelance,8805.64,67645.38,24,582,2,1,2,0.3955,2.1082,0,1518.94
31,6822.87,178.05,unemployed,permanent,1304.03,40211.34,24,644,2,1,0,0.3514,5.8936,0,129.49
45,32248.73,856.25,retired,permanent,1051.08,125314.65,120,532,1,1,1,0.3251,3.8859,0,3300.86
38,41202.38,1949.39,employed,permanent,2331.2,115933.49,36,651,2,1,1,0.5791,2.8138,1,12360.71
64,87072.2,4178.73,employed,permanent,25970.11,282910.64,60,732,0,0,0,0.6356,3.2492,1,30475.27
26,75370.81,1684.31,self_employed,permanent,9905.82,78538.3,60,613,1,0,0,0.2944,1.042,1,41839.84
66,28468.33,1085.97,retired,permanent,5780.77,25980.91,48,679,0,1,2,0.4984,0.9126,0,1330.17
26,54261.83,2023.43,employed,permanent,16639.31,204018.65,24,556,5,0,0,0.5088,3.7599,1,4069.64
45,28015.8,902.79,retired,permanent,8417.91,92901.01,120,696,0,0,1,0.4468,3.316,0,1790.99
59,82171.93,3225.89,self_employed,permanent,5489.58,203403.67,24,556,0,1,0,0.4845,2.4753,1,6655.93
24,86148.0,4175.15,employed,permanent,3390.57,311306.72,60,458,1,0,1,0.5894,3.6136,0,1957.72
40,82118.16,2118.57,employed,permanent,19417.74,73883.16,48,502,1,1,1,0.3569,0.8997,0,2444.89
33,60320.95,1468.53,employed,freelance,17894.4,343343.92,60,712,1,0,0,0.3515,5.692,1,62703.63
23,103517.44,2257.43,self_employed,permanent,6171.29,218982.27,60,381,3,1,3,0.2736,2.1154,0,8469.53
42,58270.8,1832.33,employed,contract,8669.65,52139.74,36,745,0,0,0,0.4071,0.8948,1,37893.5
61,48876.89,1499.58,employed,contract,17014.59,70005.07,24,324,2,1,0,0.4378,1.4323,1,5472.26
39,54386.36,1816.45,retired,freelance,20541.14,55751.81,36,317,0,1,0,0.4763,1.0251,0,1006.57
34,51713.82,1836.52,employed,contract,9392.67,76656.68,36,796,3,0,2,0.4625,1.4823,0,4203.17
69,52804.83,2267.26,employed,temporary,1679.53,147438.86,60,415,3,0,0,0.5216,2.7921,0,1584.23
64,89433.11,2886.0,employed,contract,9218.64,407750.58,48,448,1,1,0,0.4079,4.5593,1,14826.22
48,37723.11,1149.66,self_employed,permanent,3515.34,75367.6,60,625,0,1,0,0.3844,1.9979,1,14128.96
27,9126.41,410.24,unemployed,permanent,872.35,26444.65,84,320,3,1,2,0.5585,2.8976,0,121.01
60,86469.7,3944.67,employed,freelance,17082.32,484936.35,48,447,4,1,0,0.5869,5.6082,0,3844.1
67,36936.41,1020.27,retired,contract,8616.9,78564.47,120,745,0,1,0,0.3781,2.127,1,26474.98
38,25239.57,757.47,self_employed,freelance,1236.84,122940.9,24,586,2,1,0,0.3699,4.871,1,5319.54
67,55628.24,2497.67,employed,contract,19789.32,76099.03,84,624,4,0,1,0.6099,1.368,0,3705.76
58,41136.29,952.28,employed,contract,10201.37,60913.37,84,499,2,1,0,0.3274,1.4808,1,12780.22
65,57890.32,1756.23,employed,contract,13830.04,174182.76,84,447,3,0,0,0.4118,3.0088,1,7658.89
47,78451.47,2660.31,employed,contract,30981.4,140236.9,12,666,0,1,0,0.4859,1.7876,1,23535.44
65,5264.54,138.4,unemployed,temporary,1322.76,28779.42,24,520,0,0,0,0.3657,5.4667,0,101.06
46,66032.89,1722.19,self_employed,freelance,24536.74,51448.71,60,527,1,1,1,0.3873,0.7791,0,4762.62
23,65623.42,2180.35,employed,contract,7514.06,248384.59,48,605,1,1,0,0.4216,3.785,1,18521.55
34,66992.98,2869.99,employed,contract,6434.8,256131.69,84,478,3,1,0,0.5333,3.8233,0,2354.93
54,82096.3,3722.26,employed,temporary,16961.71,70860.81,12,775,1,1,0,0.5854,0.8631,1,44332.0
56,54293.77,2681.81,self_employed,permanent,11045.72,245902.09,84,716,0,1,0,0.6334,4.5291,1,20523.05
20,80191.92,1843.71,employed,permanent,7264.86,246905.83,48,422,3,1,0,0.294,3.0789,1,29735.16
22,78763.71,2138.69,self_employed,freelance,22042.99,352617.53,120,584,3,1,0,0.3818,4.4769,1,15081.99
66,51529.13,2210.69,employed,temporary,610.8,260123.55,48,302,2,1,0,0.5172,5.0481,0,817.01
43,53036.97,1941.2,self_employed,permanent,14651.58,120709.3,120,561,0,0,0,0.4945,2.2759,1,3580.0
46,31362.09,953.11,retired,permanent,5735.22,99250.74,12,770,0,0,0,0.4013,3.1647,1,19501.26
59,69248.13,1857.91,employed,contract,19084.99,133938.65,12,631,1,0,0,0.3771,1.9342,1,25531.79
55,47694.65,1383.81,employed,contract,9101.68,76708.45,24,560,1,1,0,0.3863,1.6083,1,9761.19
53,33167.67,1106.28,part_time,contract,12966.35,16692.33,36,302,0,0,0,0.4784,0.5033,0,217.87
48,66620.19,1732.14,employed,temporary,8918.71,386395.32,84,746,0,0,1,0.3388,5.8,1,75174.22
43,112401.5,5502.79,self_employed,permanent,44177.07,328786.37,12,515,1,0,1,0.6661,2.9251,0,2373.58
43,37552.24,900.18,employed,permanent,975.97,21475.52,84,778,1,1,0,0.2929,0.5719,1,83992.34
61,57548.08,2853.2,self_employed,permanent,15739.65,31603.23,36,739,0,1,0,0.6497,0.5492,1,21753.17
23,36254.42,1645.54,employed,contract,6586.98,75624.51,36,499,2,0,0,0.581,2.0859,0,1161.75
22,18261.79,605.84,part_time,permanent,6005.48,10530.79,36,578,0,0,0,0.4639,0.5767,0,377.16
53,10344.08,438.71,unemployed,temporary,3267.14,26479.09,120,434,0,0,1,0.5721,2.5598,0,237.41
68,19354.56,782.3,retired,temporary,6195.09,16377.09,36,593,0,1,0,0.549,0.8462,1,1219.34
42,5233.77,141.6,unemployed,temporary,198.34,3746.77,12,504,2,0,0,0.3322,0.7159,0,218.35
42,36168.87,1111.21,self_employed,freelance,11897.62,151243.66,84,384,1,1,0,0.4345,4.1816,1,3837.88
64,57926.24,2073.73,employed,permanent,4959.42,317877.6,48,592,3,0,0,0.4467,5.4876,1,4631.2
24,49037.51,1933.9,retired,contract,503.72,134932.9,84,689,0,1,1,0.4753,2.7516,1,10297.88
50,26330.63,965.49,part_time,permanent,2293.28,134345.12,84,437,0,1,0,0.4574,5.1022,0,593.69
60,75521.6,2615.22,employed,permanent,14478.55,49916.76,12,710,3,1,0,0.4539,0.661,1,31719.07
25,20029.39,676.16,part_time,permanent,5945.62,95686.31,12,808,1,1,1,0.4645,4.7773,0,1949.58
56,114717.78,4057.11,self_employed,permanent,10032.41,96982.41,60,517,0,1,0,0.4419,0.8454,1,10797.47
29,92379.9,3094.9,self_employed,contract,4175.85,472192.18,60,356,1,0,1,0.4111,5.1114,0,4472.52
59,58198.94,2131.37,employed,temporary,15037.84,311539.79,24,391,1,1,1,0.4911,5.353,0,1732.18
26,58455.56,2731.8,employed,permanent,23005.72,281922.76,36,669,2,0,0,0.6395,4.8229,1,14613.89
58,85527.63,3360.45,employed,permanent,20556.41,428845.77,36,711,0,1,0,0.5196,5.0141,1,35921.6
57,66702.26,2795.48,employed,temporary,18438.04,239338.72,60,492,0,0,1,0.5582,3.5882,0,827.04
40,92106.02,3523.97,self_employed,contract,20674.76,180239.25,48,416,1,0,0,0.504,1.9569,0,2416.0
39,57936.94,2293.61,employed,permanent,18130.75,233936.07,24,574,1,1,0,0.5376,4.0378,1,5214.32
22,47303.1,1783.42,employed,temporary,18463.43,138005.8,84,652,0,0,1,0.5305,2.9175,0,3256.9
41,28641.86,619.15,part_time,contract,6233.95,15161.6,48,745,0,1,0,0.3029,0.5294,1,28452.37
66,68430.31,3420.71,employed,temporary,11408.44,213676.47,60,335,2,0,0,0.6332,3.1225,0,1262.17
23,62573.86,1364.96,employed,permanent,21533.99,255397.31,84,496,3,1,2,0.3306,4.0815,0,6873.9
47,69321.15,2243.13,employed,temporary,26889.07,39953.95,48,589,0,0,0,0.4659,0.5764,1,5199.09
31,46455.71,1110.25,employed,temporary,2400.49,181989.4,36,785,5,0,0,0.2971,3.9175,1,84832.77
57,9527.26,225.42,unemployed,contract,2203.35,38956.26,60,710,1,0,0,0.3302,4.0889,0,429.75
55,115075.47,5060.77,self_employed,temporary,36477.08,157606.41,84,722,2,1,3,0.5911,1.3696,0,16603.43
66,10693.24,355.62,unemployed,freelance,2281.25,30699.31,48,538,2,0,0,0.4417,2.8709,0,161.75
60,52678.97,2328.4,employed,permanent,8622.43,305739.75,24,597,1,1,0,0.5631,5.8038,1,4741.11
24,63570.55,1830.17,self_employed,freelance,16661.33,340931.45,24,341,1,1,1,0.3979,5.363,0,2811.65
32,79462.13,2249.85,employed,temporary,8585.98,219277.16,12,387,2,0,0,0.3614,2.7595,1,16520.18
42,67731.44,1907.38,employed,temporary,9458.93,164191.47,120,475,2,1,3,0.3659,2.4242,0,2807.16
69,65135.29,2527.53,employed,permanent,25852.89,77018.82,84,577,2,0,1,0.545,1.1824,0,2009.61
49,85965.31,3834.41,employed,permanent,21885.58,59620.38,60,642,1,1,2,0.5862,0.6935,0,2021.09
56,64481.37,2193.93,employed,contract,22515.02,137735.13,60,596,0,1,0,0.4781,2.136,1,5803.32
44,63321.63,2019.63,employed,contract,20459.69,359132.32,84,579,0,0,0,0.4474,5.6716,1,4996.08
67,12966.43,638.33,part_time,permanent,3383.06,74847.08,60,723,2,1,0,0.6429,5.7724,1,3267.54
46,38817.93,940.89,employed,temporary,13054.15,192880.72,36,715,1,1,0,0.3581,4.9689,1,46269.42
33,35408.12,1240.23,employed,permanent,4067.1,86025.32,36,332,5,0,0,0.4433,2.4295,1,3011.46
67,85228.43,2791.02,employed,freelance,21720.17,109940.02,60,327,0,0,2,0.4439,1.2899,0,1316.76
66,63796.73,1511.69,self_employed,freelance,15071.43,240860.35,84,508,0,1,0,0.3316,3.7754,1,17404.26
55,60770.88,1741.44,employed,permanent,15129.99,246473.17,48,547,0,0,1,0.3937,4.0558,0,2910.7
58,49279.32,1067.53,retired,contract,3324.03,139714.49,36,677,1,1,1,0.2734,2.8352,1,46900.11
35,26012.67,1207.28,part_time,freelance,2884.73,111960.02,84,657,0,0,0,0.5791,4.3041,0,1239.99
41,68522.59,2642.39,employed,permanent,7857.03,315666.47,60,317,1,1,0,0.4857,4.6068,1,6167.03
40,51309.39,2288.64,employed,contract,12354.2,246635.98,36,512,1,0,0,0.5834,4.8068,0,1392.53
40,80864.96,2914.8,employed,permanent,31457.99,263833.22,84,813,5,1,0,0.5103,3.2626,1,43667.08
27,40753.85,1561.65,self_employed,temporary,15552.77,197820.18,12,393,5,1,2,0.5362,4.854,0,1213.17
68,37923.23,1565.28,employed,permanent,3446.3,24275.43,24,316,1,1,0,0.5135,0.6401,0,814.25
35,45538.18,2154.73,employed,permanent,5552.84,193183.16,120,538,3,0,2,0.5922,4.2422,0,479.23
50,49725.55,1169.02,employed,permanent,717.28,89306.43,12,827,0,1,0,0.285,1.796,1,115462.73
61,51819.55,1579.77,self_employed,permanent,8266.58,103010.09,60,476,0,0,0,0.3977,1.9879,1,7156.54
29,71878.25,2983.9,employed,contract,23997.97,72033.46,84,430,0,0,1,0.5649,1.0022,0,1590.56
51,46980.35,2291.95,employed,permanent,17208.93,73202.78,24,597,0,0,0,0.6587,1.5582,1,3523.53
53,89282.54,4414.15,self_employed,permanent,8446.0,500000.0,48,362,2,1,1,0.6122,5.6002,0,1649.83
28,33657.56,1327.61,self_employed,freelance,3578.4,93724.38,60,429,1,1,0,0.4946,2.7846,0,720.06
36,23446.49,620.86,retired,permanent,2071.26,131363.88,48,662,3,0,3,0.3354,5.6027,0,2093.12
30,62985.18,1531.19,employed,temporary,8820.53,87924.0,48,569,3,1,0,0.3197,1.3959,1,20441.21
51,52110.14,2523.5,retired,freelance,16774.45,84539.51,36,567,1,1,0,0.6455,1.6223,0,1377.29
29,106658.92,3571.96,self_employed,freelance,27597.25,380556.19,36,799,0,1,1,0.4536,3.568,1,51836.24
41,88281.44,2340.82,employed,permanent,27753.6,213855.52,24,839,1,1,0,0.3811,2.4224,1,113363.96
36,86795.51,4172.42,self_employed,permanent,20241.79,350786.97,24,786,1,0,0,0.6235,4.0415,1,35152.18
23,72169.82,1723.56,employed,freelance,7440.22,203609.55,84,516,0,0,0,0.3072,2.8213,1,20871.51
67,26375.53,1110.74,part_time,permanent,2405.39,130922.46,36,656,0,1,0,0.5236,4.9638,0,1971.61
66,69255.04,2705.81,employed,permanent,249.34,199009.54,120,585,2,1,0,0.4696,2.8736,1,6232.95
44,38976.43,911.75,self_employed,permanent,12175.96,142182.92,24,778,3,0,0,0.3432,3.6479,1,49503.18
40,64905.64,1993.48,employed,permanent,21993.18,147069.86,84,845,0,0,1,0.4363,2.2659,1,37210.4
56,20879.56,526.3,part_time,contract,6416.56,91290.14,12,711,2,1,0,0.3639,4.3722,1,14322.21
57,59339.55,2282.47,employed,contract,1765.99,243353.76,60,630,0,0,2,0.4675,4.101,0,2921.17
68,24042.81,835.47,part_time,freelance,7330.38,64519.02,12,748,2,0,0,0.478,2.6835,1,5048.99
20,14953.11,313.39,part_time,contract,273.75,30178.02,60,326,1,0,0,0.2552,2.0182,0,1480.44
44,54771.83,2699.79,employed,permanent,2313.41,212381.83,84,411,3,0,0,0.5999,3.8776,0,535.6
55,20347.63,631.38,retired,permanent,3585.05,115723.77,36,791,4,0,0,0.4076,5.6873,1,11844.76
36,34532.37,979.49,part_time,freelance,6576.99,42458.81,120,436,2,0,0,0.3785,1.2295,0,827.45
60,41519.04,1134.35,employed,permanent,13553.78,203241.57,12,837,4,0,1,0.3931,4.8951,1,39945.47
43,49218.86,1253.38,employed,permanent,13378.22,171599.33,120,561,0,0,0,0.3599,3.4865,1,10343.34
21,109672.83,5480.88,self_employed,freelance,6726.02,371854.32,48,821,1,0,0,0.612,3.3906,1,44417.5
59,61549.05,1812.05,employed,temporary,5567.65,356323.63,12,598,1,1,1,0.3714,5.7893,0,3126.39
34,42460.05,1386.78,employed,permanent,4851.91,162720.13,24,409,1,1,2,0.4148,3.8323,0,1813.81
51,56132.68,2596.02,employed,freelance,2776.83,284471.89,12,732,1,1,2,0.5649,5.0678,0,2601.92
58,41372.74,1636.5,employed,freelance,4760.26,137755.7,36,778,2,1,1,0.4977,3.3296,0,10041.91
25,46011.88,1453.37,employed,permanent,13409.67,86235.17,36,566,2,1,0,0.4373,1.8742,1,5192.9
20,37861.64,1780.81,employed,contract,3655.94,163550.79,120,512,0,0,0,0.5837,4.3197,0,1404.5
66,34214.42,1460.97,retired,permanent,11432.54,190830.0,24,608,4,1,1,0.5792,5.5775,0,956.16
42,9679.63,266.0,unemployed,temporary,1817.9,49625.19,60,353,3,0,3,0.3673,5.1268,0,239.05
58,67228.3,2662.85,employed,freelance,8684.17,106960.21,24,694,1,0,0,0.5011,1.591,1,16807.08
36,82602.8,3943.18,self_employed,freelance,13626.76,185269.01,84,811,0,1,2,0.6058,2.2429,0,13246.31
53,44055.48,1555.75,self_employed,permanent,12502.89,147270.58,60,624,2,0,1,0.4805,3.3428,0,880.8
60,19909.56,840.79,part_time,permanent,4115.65,72546.82,36,395,0,1,0,0.5481,3.6438,0,152.29
48,81488.32,4005.74,employed,permanent,237.25,127608.89,120,473,1,0,0,0.5905,1.566,0,1261.17
28,39832.09,1631.94,employed,temporary,14695.23,70306.34,120,643,2,0,0,0.5654,1.7651,0,1451.92
32,31732.41,755.9,part_time,permanent,837.68,148303.67,36,504,1,0,0,0.2911,4.6736,1,5966.01
25,23124.87,646.72,part_time,permanent,8682.2,104449.16,84,354,5,1,0,0.4107,4.5167,0,372.75
25,10045.77,383.65,unemployed,permanent,113.13,51390.63,60,525,2,0,0,0.4605,5.1156,0,188.51
39,3816.08,110.17,unemployed,permanent,1176.85,21488.78,12,606,4,1,0,0.4081,5.6311,0,61.22
22,53636.36,2615.4,employed,permanent,11471.2,117755.2,12,580,4,1,1,0.6279,2.1954,0,2153.19
36,96402.46,3148.13,self_employed,contract,19501.3,500000.0,24,601,0,0,0,0.4323,5.1866,1,17621.41
68,78174.79,2671.17,employed,permanent,2275.78,325446.72,120,504,2,0,0,0.4159,4.1631,0,4521.22
31,47630.46,1966.98,employed,permanent,4548.61,274719.98,36,519,2,1,0,0.5147,5.7677,0,1156.71
67,53996.24,1950.56,retired,contract,16793.85,107798.52,12,727,0,1,0,0.4957,1.9964,1,15874.89
66,39646.96,1267.88,employed,contract,14134.3,78627.58,36,440,1,1,0,0.4551,1.9832,1,3568.23
64,38767.66,894.32,employed,permanent,8205.08,169554.78,24,754,1,1,2,0.3192,4.3736,1,75699.28
20,25696.6,982.37,part_time,permanent,3631.89,144061.8,48,444,1,1,2,0.487,5.6063,0,288.07
36,74750.74,3448.83,employed,contract,1792.32,376374.24,36,825,3,1,0,0.5584,5.0351,1,40365.4
22,34100.38,1392.48,part_time,permanent,9305.02,153407.98,48,457,2,0,0,0.5446,4.4987,0,164.98
45,21313.75,681.19,part_time,contract,2373.9,56059.44,120,404,1,1,0,0.4058,2.6302,0,921.7
34,27402.68,672.97,self_employed,permanent,603.01,121879.46,36,588,2,0,0,0.2991,4.4477,1,7432.02
55,68159.3,3042.85,employed,permanent,18153.6,334391.28,60,484,2,0,2,0.589,4.906,0,2376.84
51,50933.28,2460.13,employed,permanent,9895.72,236486.85,84,516,3,1,0,0.6185,4.6431,0,1453.03
51,58812.09,1891.28,employed,contract,281.41,248331.66,48,330,4,0,0,0.3869,4.2225,1,9977.47
23,61865.82,2603.65,employed,freelance,2744.96,46969.88,60,578,2,0,2,0.5139,0.7592,0,1832.34
37,38548.19,1264.92,employed,permanent,10781.19,159143.59,84,774,2,1,0,0.4497,4.1284,1,20940.92
68,23177.58,822.41,part_time,temporary,590.3,72560.21,60,524,2,1,0,0.4309,3.1306,0,667.72
38,58447.58,2643.62,employed,permanent,20245.38,338331.47,24,476,2,1,0,0.612,5.7886,0,1183.68
62,8550.53,198.94,unemployed,permanent,1064.8,32830.14,24,383,2,1,0,0.3041,3.8395,0,264.68
54,70511.63,2559.67,employed,freelance,2500.81,271134.84,12,391,2,1,1,0.4427,3.8452,0,3581.31
59,42595.49,1154.04,self_employed,permanent,12944.9,254180.22,48,307,2,1,1,0.3859,5.9673,0,2858.96
33,16741.2,514.7,part_time,freelance,3511.82,16987.85,12,353,0,1,0,0.4109,1.0147,1,1610.97
52,48805.34,1934.12,employed,temporary,5986.27,98574.08,120,462,3,1,0,0.5001,2.0197,0,1247.28
33,44842.27,969.83,employed,freelance,7284.15,184231.64,48,778,1,1,0,0.292,4.1084,1,100733.68
53,87435.25,3335.94,self_employed,contract,748.88,195312.81,24,407,3,1,0,0.4596,2.2338,0,1948.32
23,11933.16,347.26,unemployed,permanent,3163.24,28685.24,24,570,0,0,0,0.4022,2.4038,0,212.02
43,86950.29,3509.31,self_employed,permanent,12721.65,470361.7,84,536,0,0,1,0.5136,5.4095,0,596.0
48,68367.49,1706.64,employed,permanent,19526.78,252033.09,84,560,0,0,0,0.3567,3.6864,1,14695.59
38,57546.04,2433.88,employed,permanent,14459.5,61330.31,24,828,0,1,2,0.5578,1.0658,0,7914.7
25,19189.35,761.14,part_time,permanent,4998.86,42403.56,120,686,0,1,0,0.5281,2.2097,1,3454.08
52,32954.7,1620.09,part_time,permanent,10451.82,30263.0,48,702,2,0,2,0.6534,0.9183,0,1109.71
68,88295.1,4186.16,employed,freelance,22291.27,314217.06,120,657,1,1,0,0.6194,3.5587,1,26488.53
59,36380.72,1058.55,retired,permanent,6093.42,52860.28,120,518,2,1,2,0.3827,1.453,0,2435.17
38,50961.03,1102.29,employed,contract,7948.44,265717.6,24,764,0,0,1,0.2908,5.2141,1,95949.43
20,77356.72,3090.27,employed,freelance,3700.19,284303.52,12,720,2,0,0,0.4889,3.6752,1,27074.85
24,42285.12,1624.49,employed,contract,13183.54,34951.44,60,448,2,0,0,0.5234,0.8266,0,851.12
46,77107.35,1668.09,employed,permanent,23474.82,166152.16,84,656,0,0,1,0.3205,2.1548,1,69203.85
35,102800.1,2509.5,self_employed,permanent,10127.8,399877.71,120,350,1,0,1,0.3126,3.8899,0,9448.99
25,41869.72,1586.32,employed,permanent,14448.1,98194.57,48,353,2,0,0,0.5237,2.3452,0,507.49
59,88727.38,4208.19,employed,permanent,20904.29,294794.21,60,438,2,1,0,0.6163,3.3225,0,1775.9
32,54463.95,2574.67,retired,permanent,10428.47,299633.02,12,412,2,1,0,0.6056,5.5015,0,1634.59
67,113988.35,2878.39,self_employed,contract,797.75,276444.3,36,726,5,1,0,0.3044,2.4252,1,168558.68
54,72123.31,2311.56,self_employed,permanent,11041.82,169295.1,84,797,0,0,0,0.4152,2.3473,1,49540.06
38,17659.71,390.16,part_time,temporary,4525.62,88451.53,24,591,1,0,1,0.3164,5.0087,0,689.01
31,67010.51,2313.23,employed,freelance,2405.62,150985.46,84,645,2,0,0,0.4214,2.2532,1,15801.08
35,64893.71,2777.34,self_employed,permanent,11929.21,60271.39,84,810,5,1,1,0.5503,0.9288,0,15738.39
62,25620.1,1124.06,retired,permanent,10180.77,38307.1,84,740,1,0,0,0.606,1.4952,1,6276.92
29,65249.26,2308.99,self_employed,contract,18701.45,373121.46,12,780,1,1,0,0.482,5.7184,1,31711.14
44,71513.94,1689.84,employed,permanent,15643.56,402845.92,36,527,4,1,0,0.3273,5.6331,1,22230.82
39,38900.23,1243.11,employed,temporary,8294.04,67548.95,48,389,1,0,0,0.4261,1.7365,1,4312.09
50,30336.47,1456.75,retired,permanent,531.07,107520.35,12,835,4,0,0,0.5797,3.5443,1,9555.99
23,35978.72,990.51,employed,contract,13777.18,45172.17,48,695,2,1,0,0.407,1.2555,1,20076.13
63,45731.33,1379.23,retired,permanent,16978.72,192562.14,60,374,0,0,3,0.4362,4.2107,0,1054.62
42,85865.67,3659.23,self_employed,permanent,23438.06,130445.57,60,635,0,0,2,0.566,1.5192,0,5294.36
21,30953.85,1307.16,self_employed,temporary,1225.92,23953.55,48,463,1,0,0,0.5147,0.7738,0,1002.17
41,53695.29,2547.26,retired,permanent,4463.88,270459.55,120,818,0,1,0,0.5859,5.0369,1,20296.82
56,27149.05,872.94,self_employed,permanent,1997.19,62163.24,60,455,1,0,0,0.4006,2.2897,0,658.3
27,67447.84,2417.5,employed,permanent,14017.78,73981.73,60,802,3,0,3,0.4717,1.0969,1,30351.53
26,98754.91,3403.65,self_employed,permanent,8208.66,500000.0,24,633,1,0,0,0.4302,5.063,1,18611.35
33,47152.16,2258.25,retired,temporary,13123.4,221293.86,48,790,2,1,2,0.6304,4.6932,0,3501.98
22,36885.68,1596.12,employed,temporary,8044.47,157157.76,48,627,5,1,0,0.5629,4.2607,1,6639.42
69,84852.83,3825.48,employed,temporary,599.34,467697.59,36,300,0,1,1,0.5424,5.5119,0,1315.95
35,85514.84,2113.53,employed,temporary,25451.17,272855.92,84,659,1,0,1,0.3561,3.1907,1,61527.93
38,24911.98,1094.35,part_time,permanent,1881.64,30001.76,24,636,0,1,0,0.5423,1.2043,1,2690.49
37,61514.58,2058.39,employed,permanent,20296.98,51512.63,12,486,0,0,0,0.4675,0.8374,1,4613.59
35,29262.41,629.55,self_employed,contract,4155.79,65882.14,24,568,3,0,3,0.2866,2.2514,0,995.54
27,65907.48,1488.58,employed,contract,8927.03,64429.15,12,730,2,1,0,0.2981,0.9776,1,111776.45
52,57515.85,2335.47,employed,permanent,271.87,198159.47,48,838,3,0,1,0.4882,3.4453,1,25882.13
68,98416.61,3118.2,self_employed,permanent,38883.58,57056.5,24,422,1,0,1,0.4592,0.5797,0,3144.78
31,57213.6,2640.6,employed,permanent,14005.99,168247.93,120,518,2,1,1,0.6028,2.9407,0,885.17
30,89940.18,3799.94,self_employed,temporary,15208.17,133249.22,36,715,2,1,1,0.5408,1.4815,1,33997.39
24,1216.9,26.12,unemployed,temporary,47.03,3073.25,84,485,1,0,3,0.2653,2.5255,0,130.49
46,22919.23,936.65,retired,permanent,6409.57,96551.55,60,504,1,1,0,0.5463,4.2127,0,286.05
31,42684.06,1128.72,employed,contract,4827.23,103735.1,12,635,1,1,0,0.3399,2.4303,1,24601.38
36,19684.44,652.71,retired,permanent,7781.5,46797.18,60,689,4,0,3,0.477,2.3774,0,1061.48
25,76426.24,2984.81,self_employed,permanent,29058.7,454669.56,84,603,4,0,2,0.5447,5.9491,0,2999.19
52,47376.81,2192.96,retired,contract,13934.4,210991.72,48,811,5,1,3,0.6143,4.4535,0,7365.76
24,68572.62,2340.81,employed,permanent,26635.58,228088.95,48,525,0,0,0,0.4873,3.3262,0,1856.89
47,79620.71,3536.3,self_employed,permanent,3364.26,293527.01,48,812,2,0,0,0.5414,3.6866,1,32246.39
33,27654.35,1207.66,part_time,freelance,3096.35,108156.29,60,328,3,0,0,0.5464,3.911,0,465.65
24,30566.88,1006.39,retired,freelance,3096.34,19415.0,84,811,2,1,0,0.4153,0.6352,1,19572.95
52,54907.47,1946.21,employed,contract,1581.61,51692.93,120,653,1,1,0,0.4311,0.9415,1,22698.75
69,52284.86,2157.49,employed,permanent,20333.09,212827.69,48,771,2,0,1,0.5729,4.0705,0,9029.01
67,74165.99,1612.5,employed,permanent,1779.22,185754.56,48,614,1,1,2,0.2657,2.5046,1,62557.53
60,43890.22,2054.74,employed,freelance,15040.11,35329.09,60,578,2,1,0,0.6303,0.8049,1,3950.12
38,35716.39,1546.03,employed,temporary,10974.38,76301.74,48,587,3,1,0,0.5809,2.1363,0,371.04
41,67790.8,1905.46,employed,contract,10192.13,82471.5,84,666,3,1,0,0.3674,1.2166,1,53934.36
24,52868.11,2614.39,retired,permanent,397.72,292874.85,12,630,2,1,0,0.5949,5.5397,1,6661.38
21,68517.44,1785.94,employed,permanent,167.07,110730.33,24,696,0,0,0,0.3133,1.6161,1,63961.03
49,99377.56,4719.86,self_employed,freelance,8108.96,128227.02,12,684,4,0,0,0.5863,1.2903,1,22359.95
66,72003.49,2181.5,employed,temporary,14224.33,283976.62,120,810,0,1,2,0.4031,3.9439,1,75353.09
58,62359.02,2687.16,employed,permanent,11421.93,210182.05,48,329,1,0,0,0.5537,3.3705,0,2229.92
23,74511.58,2544.15,employed,permanent,17444.43,273280.79,84,496,1,1,0,0.4566,3.6676,1,6706.04
52,80325.73,3398.87,employed,permanent,24803.28,232761.06,84,562,2,1,3,0.5695,2.8977,0,3559.36
32,2696.78,68.44,unemployed,permanent,407.06,8277.58,48,707,2,1,0,0.3347,3.0694,1,748.91
39,30436.83,873.35,retired,permanent,1952.39,145591.12,120,394,5,0,1,0.3572,4.7834,0,1495.09
26,47304.92,1123.3,employed,permanent,15138.5,80871.17,120,342,0,0,2,0.349,1.7096,0,4237.73
34,59869.51,2757.99,employed,contract,7967.21,160504.84,48,335,1,0,3,0.5794,2.6809,0,1217.34
42,83678.55,2466.44,employed,permanent,9602.34,482661.19,48,757,0,0,0,0.3767,5.768,1,92858.09
33,30772.66,1264.41,retired,freelance,9407.97,47541.34,60,428,2,1,0,0.5542,1.5449,1,1938.68
42,4493.6,201.12,unemployed,permanent,1679.06,9507.36,84,818,0,1,0,0.6118,2.1158,1,500.0
38,106734.89,5029.85,self_employed,temporary,39063.32,165825.26,24,343,3,1,0,0.6387,1.5536,0,3751.85
48,73960.56,1770.15,self_employed,permanent,4066.13,45317.5,60,360,5,0,0,0.2982,0.6127,1,20149.08
39,37811.61,1772.59,retired,contract,7610.09,75020.68,60,837,1,1,0,0.6028,1.9841,1,14292.79
48,82344.07,2189.24,employed,freelance,3058.93,62216.79,84,662,2,1,1,0.3265,0.7556,1,85720.18
43,61978.97,2623.34,employed,contract,23824.12,83719.22,120,420,1,0,0,0.5848,1.3508,0,1994.28
37,27675.82,1164.91,part_time,temporary,2382.64,69044.29,48,796,1,1,0,0.5223,2.4948,1,8966.97
29,1027.74,21.67,unemployed,permanent,81.16,1000.0,12,457,0,0,1,0.2688,0.973,0,149.58
60,41970.01,1144.45,self_employed,contract,14922.62,194793.78,84,556,2,0,0,0.3983,4.6413,1,5762.27
27,63415.74,2231.01,self_employed,freelance,24550.78,309198.63,12,570,0,0,1,0.4996,4.8757,0,1544.03
45,62216.15,2058.38,employed,freelance,17361.6,171889.28,36,610,0,1,0,0.4528,2.7628,1,11198.91
48,116744.7,5559.97,self_employed,permanent,5650.68,500000.0,84,612,4,0,0,0.5812,4.2828,1,15760.53
29,117211.91,3671.75,self_employed,freelance,22779.23,496329.91,24,416,1,1,0,0.4148,4.2345,0,5596.8
36,81815.84,3940.42,employed,permanent,26724.49,375573.13,84,644,3,0,0,0.6433,4.5905,1,12272.38
21,3787.19,129.65,unemployed,permanent,867.23,5899.13,36,477,2,0,0,0.4566,1.5577,0,164.6
25,53669.05,2627.65,retired,permanent,2846.5,274029.17,60,416,1,0,0,0.5981,5.1059,0,528.67
24,72913.75,3087.13,employed,permanent,5013.19,415444.7,36,464,0,1,0,0.5218,5.6978,0,2371.62
47,56611.71,2548.79,employed,contract,19568.22,101884.43,120,473,0,1,0,0.6094,1.7997,0,2087.39
60,73592.12,1758.28,employed,contract,15514.08,314647.06,36,454,5,1,0,0.3289,4.2756,1,22664.9
24,26569.66,1007.76,self_employed,contract,7501.54,122437.66,84,809,1,1,2,0.5116,4.6082,1,12912.85
37,43038.51,1075.77,employed,temporary,6422.42,93756.4,36,609,2,0,0,0.3298,2.1784,1,21975.46
45,103820.14,3064.14,self_employed,temporary,22113.09,323145.33,24,533,2,0,3,0.3968,3.1125,0,3582.59
39,41886.22,1634.43,retired,contract,16370.86,43413.6,84,650,0,0,1,0.5464,1.0365,0,3440.63
60,55030.71,2312.11,employed,permanent,7257.52,79905.77,12,461,2,1,0,0.5306,1.452,0,1801.74
68,23515.33,516.78,part_time,contract,6347.15,19720.85,12,591,0,0,1,0.3177,0.8386,0,1115.44
46,32818.27,1191.93,part_time,temporary,2264.53,117519.28,36,426,1,0,0,0.4496,3.5809,0,720.3
68,69736.8,2602.69,employed,temporary,3395.9,274689.48,84,393,1,1,0,0.4576,3.9389,0,1031.33
31,56898.21,1316.2,employed,temporary,17835.09,315139.71,24,745,4,0,0,0.3403,5.5387,1,63606.51
26,14767.51,523.31,part_time,freelance,4986.15,51420.71,12,388,5,0,0,0.4928,3.482,0,233.67
22,18756.18,781.26,part_time,permanent,5013.99,36262.5,48,687,0,0,1,0.5533,1.9334,0,855.41
29,88808.71,1988.05,employed,permanent,5619.67,73454.08,84,548,2,0,2,0.2813,0.8271,0,9795.73
53,59054.97,2539.82,employed,contract,5683.17,316962.3,120,480,2,0,2,0.5353,5.3672,0,1792.31
44,60951.17,2294.55,employed,permanent,22214.89,191003.87,84,360,0,1,0,0.5246,3.1337,0,2075.95
54,23467.75,1059.24,part_time,freelance,2710.09,106901.96,120,446,2,0,0,0.5647,4.5553,0,383.19
35,83625.72,2274.08,employed,permanent,27391.12,48550.7,12,580,0,1,0,0.3918,0.5806,1,16286.95
21,82373.19,3718.09,self_employed,permanent,9421.43,262339.18,12,411,0,1,0,0.5645,3.1848,0,2753.05
43,43666.05,1030.14,retired,freelance,16409.05,100059.64,24,596,3,1,3,0.3583,2.2915,0,1436.04
29,56417.74,1839.88,employed,permanent,20636.55,37620.59,24,416,1,1,0,0.4645,0.6668,1,5077.6
57,27763.32,739.94,self_employed,temporary,480.45,132325.55,12,326,0,0,0,0.3233,4.7662,1,6622.8
41,86203.51,3998.46,employed,permanent,26564.96,286278.33,48,731,1,1,0,0.6182,3.321,1,36205.47
45,53117.72,2198.73,retired,permanent,3600.57,123896.62,48,610,1,1,0,0.5103,2.3325,1,6692.83
62,87203.42,1881.24,employed,temporary,7508.97,430077.82,120,689,3,1,0,0.2761,4.9319,1,117149.07
58,114650.27,2420.39,self_employed,permanent,21088.55,339144.55,36,761,3,1,1,0.2901,2.9581,1,233912.69
46,102447.98,3004.6,self_employed,contract,23617.05,53194.96,36,305,1,1,1,0.398,0.5192,0,4252.43
48,72652.78,1817.22,employed,contract,9468.1,413718.49,12,829,1,1,0,0.3262,5.6945,1,136372.17
66,81448.05,3194.17,employed,permanent,18745.54,155260.76,12,458,2,1,0,0.5166,1.9063,0,1066.44
57,68030.04,2734.4,employed,temporary,4643.96,344787.49,12,607,4,1,2,0.496,5.0682,0,2069.37
39,42390.33,2047.75,employed,temporary,378.76,211539.81,84,494,0,0,0,0.5815,4.9903,0,553.64
46,32475.07,1578.33,retired,permanent,7420.22,45239.61,48,778,3,1,0,0.6289,1.3931,1,12275.58
60,53937.91,2160.28,retired,permanent,11163.32,167585.88,60,529,2,0,0,0.522,3.107,0,1303.32
39,54312.58,1140.5,employed,permanent,14982.75,39164.5,36,805,3,0,0,0.3072,0.7211,1,94243.19
63,107443.65,3363.43,self_employed,temporary,27927.7,263240.62,36,636,1,1,1,0.4276,2.45,1,25203.7
38,33855.09,1212.01,self_employed,temporary,12153.79,153037.99,60,432,3,0,1,0.5014,4.5204,0,614.99
39,30364.8,1074.69,retired,temporary,5580.67,54774.52,12,458,2,1,0,0.4615,1.8039,0,808.7
54,54302.43,2086.88,employed,contract,181.79,62133.04,36,571,0,0,0,0.4618,1.1442,1,4072.68
66,37838.14,1848.37,employed,contract,9545.09,124456.44,48,832,0,0,0,0.6366,3.2892,1,17027.16
21,41550.19,1938.38,employed,temporary,11220.75,143490.47,60,594,2,0,2,0.6138,3.4534,0,912.38
49,43350.7,1040.84,self_employed,contract,9042.87,182812.46,48,629,2,1,1,0.3298,4.2171,0,4717.21
53,81079.86,2318.16,employed,permanent,22355.5,379069.23,84,580,0,1,2,0.3982,4.6753,0,4045.85
41,38487.11,1737.01,employed,freelance,4981.52,166531.89,12,736,3,1,0,0.5675,4.327,1,16164.59
22,51428.55,2307.89,employed,temporary,3061.2,264845.06,36,363,3,1,3,0.5504,5.1498,0,910.2
25,122.1,3.52,unemployed,contract,32.46,1000.0,120,658,3,1,0,0.3991,8.19,1,500.0
34,73259.53,3087.31,employed,temporary,7184.9,266204.41,48,528,4,1,0,0.5253,3.6337,0,2878.2
46,69116.67,2794.69,employed,permanent,12615.61,171445.59,60,546,1,0,0,0.5217,2.4805,0,1587.46
29,70474.02,2441.53,employed,temporary,13858.65,408158.6,120,391,2,1,0,0.4551,5.7916,1,6342.66
28,55591.05,1484.79,employed,permanent,10611.21,162411.33,12,300,4,1,0,0.3587,2.9215,1,14139.03
52,44785.44,2093.81,self_employed,temporary,10720.72,258789.38,36,614,1,1,0,0.6089,5.7784,0,2483.8
51,74617.61,3029.77,employed,permanent,879.11,352930.93,36,590,2,0,0,0.4896,4.7299,1,5596.32
67,79611.48,2050.97,employed,contract,31516.04,354394.58,120,545,1,0,1,0.3883,4.4516,1,13338.9
25,38167.14,1579.74,self_employed,temporary,10935.81,122272.27,12,539,5,1,0,0.554,3.2036,0,598.49
60,61775.62,2622.9,employed,temporary,10511.44,181532.59,12,780,1,1,0,0.5435,2.9386,1,33358.83
55,48679.36,2273.36,employed,permanent,3725.53,165315.84,12,571,1,0,0,0.5757,3.396,0,472.81
21,24219.95,662.0,retired,freelance,776.76,51224.75,84,816,2,1,0,0.3344,2.115,1,30321.83
48,75387.89,3744.67,employed,contract,20270.01,412733.97,48,613,0,1,2,0.6498,5.4748,0,3233.75
23,64595.33,1634.73,employed,contract,8189.54,314502.94,24,438,3,1,0,0.329,4.8688,1,19882.44
20,46890.19,1798.4,employed,permanent,4304.12,230121.92,84,797,3,1,0,0.4786,4.9077,1,25320.7
38,52050.0,2082.05,employed,temporary,7910.65,150026.05,36,626,1,0,0,0.5104,2.8823,1,7807.5
45,116832.1,3861.63,self_employed,permanent,27708.98,104096.14,120,420,1,1,0,0.4441,0.891,0,3733.83
44,105624.56,3663.97,self_employed,temporary,28379.43,449635.86,48,691,0,0,1,0.47,4.2569,0,7235.81
29,10559.36,494.37,unemployed,permanent,2725.03,27024.3,60,764,0,1,2,0.6134,2.5593,0,180.49
34,60300.67,2391.15,employed,temporary,20822.2,318831.76,36,476,0,0,0,0.5449,5.2874,0,2168.45
41,69309.4,2448.65,employed,temporary,6064.78,332121.04,84,663,2,0,0,0.4415,4.7919,1,20273.0
67,31940.41,785.0,retired,permanent,8135.17,41500.33,24,797,0,0,0,0.3459,1.2993,1,31008.71
40,13787.38,290.19,part_time,permanent,557.64,52522.15,60,460,0,0,1,0.2607,3.8094,0,643.7
41,57058.81,1396.7,employed,contract,12505.8,245762.37,36,849,0,1,1,0.3376,4.3072,1,100076.59
55,67668.94,3296.97,employed,permanent,15806.34,245283.44,120,634,1,1,0,0.6314,3.6248,0,2720.78
53,50792.93,2190.15,employed,contract,4393.33,168999.86,24,349,1,1,3,0.5347,3.3272,0,873.9
49,81637.28,4003.57,employed,permanent,12790.7,143130.31,12,388,3,1,0,0.6198,1.7532,0,1492.51
44,43310.51,947.41,employed,permanent,14330.46,77850.11,24,524,0,1,0,0.3287,1.7975,1,13354.36
64,55192.1,2244.83,employed,permanent,3276.4,260729.95,36,685,2,1,3,0.4999,4.724,0,3891.26
47,1498.85,33.16,unemployed,contract,260.5,1000.0,24,466,3,1,1,0.3002,0.6672,0,147.97
20,63459.05,2769.56,self_employed,permanent,23676.14,303588.43,84,636,3,0,0,0.5983,4.784,1,8566.97
68,37181.37,1187.74,employed,contract,7497.38,126319.73,36,734,0,0,0,0.4237,3.3974,1,19858.57
64,49990.22,1181.09,employed,temporary,14499.84,282405.98,36,821,0,0,2,0.3415,5.6492,0,33609.72
23,32827.2,1227.78,retired,permanent,10857.48,196479.61,120,547,0,0,0,0.515,5.9853,0,859.27
26,61299.09,1777.89,employed,contract,4996.47,254340.05,24,343,1,0,0,0.3643,4.1492,1,12477.43
68,76651.15,3071.48,self_employed,permanent,6690.64,212125.51,24,786,1,0,0,0.4983,2.7674,1,31043.72
28,50124.51,2006.49,employed,contract,15209.61,156036.22,84,776,1,1,0,0.541,3.113,1,27067.24
55,74688.93,3091.83,self_employed,permanent,22505.47,121233.94,60,408,1,1,0,0.557,1.6232,1,6049.8
38,62995.25,3135.92,employed,permanent,1516.51,65879.73,60,369,2,1,0,0.6022,1.0458,0,1790.36
20,52389.79,1682.34,employed,contract,6758.25,192962.0,48,842,2,1,0,0.4111,3.6832,1,50300.49
29,80661.02,2775.15,employed,freelance,12858.41,397676.82,36,408,1,1,0,0.4447,4.9302,0,894.41
55,65010.26,2880.03,employed,permanent,21558.45,126101.43,60,849,0,1,0,0.5979,1.9397,1,35105.54
28,53274.83,2008.59,employed,contract,8989.86,149600.54,120,563,1,0,0,0.4862,2.8081,1,3995.61
64,114997.16,2520.74,self_employed,permanent,42591.68,408384.26,48,589,1,1,0,0.3371,3.5513,1,30347.52
65,81481.18,3701.13,employed,contract,32481.91,447611.81,84,444,0,1,0,0.6248,5.4934,0,777.95
61,89042.33,1988.79,employed,temporary,27807.07,112413.43,36,828,1,0,0,0.3305,1.2625,1,135834.07
51,90762.22,2343.08,self_employed,permanent,24193.09,163631.34,84,393,5,0,0,0.3631,1.8029,1,16774.22
51,60931.18,1450.81,self_employed,permanent,9551.5,338284.88,120,637,3,0,1,0.3171,5.5519,1,30089.64
25,18459.8,426.54,part_time,permanent,495.01,13243.91,48,360,3,1,0,0.2826,0.7174,1,4334.21
67,88015.2,1899.59,self_employed,permanent,20177.97,361622.42,60,836,3,0,0,0.3048,4.1086,1,139162.59
57,88944.91,1995.77,employed,permanent,12868.72,357326.6,48,377,3,1,0,0.2982,4.0174,1,32308.35
36,84537.93,2852.12,self_employed,temporary,11865.68,220466.42,24,838,1,1,0,0.4329,2.6079,1,55136.65
29,32277.14,910.48,part_time,freelance,8878.92,99249.16,84,730,1,1,1,0.3935,3.0749,0,3809.39
69,30176.83,740.06,retired,permanent,5596.47,156981.34,48,398,1,1,0,0.3314,5.202,0,1584.11
46,57382.46,2297.91,employed,temporary,17262.8,80760.15,84,839,3,1,1,0.5407,1.4074,1,30986.53
69,84845.14,2327.15,employed,temporary,13513.23,150483.13,12,614,3,0,1,0.361,1.7736,1,35380.42
54,76627.67,1638.76,employed,freelance,4624.12,254245.04,12,522,0,1,1,0.2687,3.3179,0,11824.41
40,118233.98,3906.12,self_employed,temporary,21818.78,325569.07,48,488,4,1,1,0.4334,2.7536,0,4648.73
44,9297.17,277.87,unemployed,temporary,3536.69,34018.8,12,604,0,0,2,0.4347,3.659,0,134.47
47,67608.99,2036.79,self_employed,permanent,21676.11,376218.04,48,655,2,0,0,0.4256,5.5646,1,22635.49
66,64208.74,2171.56,employed,permanent,5284.36,355977.18,84,779,2,1,0,0.4223,5.5441,1,53881.41
34,10806.19,435.96,unemployed,permanent,1691.39,19074.02,120,339,0,0,0,0.5154,1.7651,0,54.21
23,38410.93,1490.88,retired,permanent,14254.94,83036.57,120,775,2,1,2,0.54,2.1618,0,4272.28
48,49046.86,2362.59,employed,permanent,2426.82,68242.71,48,413,1,0,0,0.5879,1.3914,0,535.57
28,66383.88,2385.4,self_employed,temporary,6743.28,371938.73,48,625,2,0,1,0.4515,5.6028,0,1924.62
46,63397.38,2194.6,employed,permanent,6649.69,170428.18,12,831,1,1,0,0.4364,2.6883,1,43546.39
45,21578.63,583.87,retired,temporary,4927.98,64161.43,36,529,3,0,0,0.3704,2.9734,1,2936.42
38,45519.22,1951.19,retired,permanent,7478.5,223705.31,48,687,2,1,0,0.5472,4.9145,1,9559.04
47,35388.62,882.57,self_employed,freelance,1130.61,117538.14,48,604,0,1,1,0.3057,3.3214,1,22278.27
36,63467.18,2231.38,self_employed,freelance,15972.95,73536.58,24,375,2,1,0,0.4722,1.1587,0,777.92
62,47771.03,1582.27,retired,permanent,1893.22,138926.18,24,564,1,1,1,0.4054,2.9082,0,1506.99
60,60716.37,2430.71,employed,permanent,14727.73,240915.41,60,614,0,1,0,0.5289,3.9679,1,10928.95
61,81310.85,3870.18,employed,temporary,16490.11,362292.69,12,814,1,0,0,0.6117,4.4557,1,36589.88
69,4102.58,198.74,unemployed,permanent,810.13,16613.13,36,822,1,0,0,0.6208,4.0494,0,68.67
39,87670.0,2255.53,employed,permanent,2366.96,101302.16,120,560,3,0,0,0.3141,1.1555,1,24446.78
64,46520.76,1324.43,employed,permanent,11894.81,101131.24,48,668,0,1,0,0.3928,2.1739,1,29922.15
59,19415.77,864.12,retired,freelance,3349.77,88042.86,120,381,1,1,0,0.5686,4.5346,0,513.65
58,10469.12,376.36,unemployed,contract,1721.57,55916.05,48,529,0,0,0,0.4643,5.341,0,187.68
68,76371.15,2600.2,employed,temporary,18220.67,58005.82,12,597,3,1,0,0.4563,0.7595,0,2184.32
42,47759.11,1984.86,employed,temporary,11581.55,34972.09,60,580,1,1,0,0.5472,0.7323,1,4298.32
66,89160.79,3422.84,employed,freelance,536.15,360095.9,60,767,3,1,3,0.4619,4.0387,0,19470.01
51,62625.41,3077.78,employed,freelance,3136.93,220081.59,24,829,2,1,0,0.5998,3.5143,1,33817.72
66,87308.6,3306.02,employed,freelance,8260.03,118247.69,120,707,1,1,2,0.4733,1.3544,0,3853.48
52,6060.35,208.62,unemployed,permanent,1643.51,21305.79,12,522,2,1,1,0.4673,3.5156,0,93.24
65,60953.1,2234.88,employed,permanent,14061.66,357165.68,60,314,1,1,2,0.4861,5.8597,0,2128.14
24,59702.62,2651.74,employed,temporary,18092.98,237016.49,60,845,1,1,0,0.5936,3.97,1,32239.41
62,53418.14,2067.44,employed,temporary,15824.76,158666.64,120,479,2,1,1,0.5237,2.9703,0,1161.47
67,24275.13,963.86,part_time,permanent,8284.45,122624.09,36,301,3,1,0,0.5447,5.0514,0,440.84
53,59890.51,2944.63,employed,permanent,9027.05,100048.51,24,450,2,0,0,0.6201,1.6705,0,1424.19
59,37021.08,1439.0,employed,freelance,5109.85,102874.01,24,409,1,1,3,0.494,2.7788,0,627.41
30,49323.94,1574.67,employed,contract,16395.58,167835.73,24,606,0,1,0,0.4496,3.4027,1,8949.34
69,45246.67,1854.98,self_employed,permanent,4300.27,148181.46,84,696,3,1,0,0.511,3.275,1,12216.6
22,107406.38,4303.51,self_employed,freelance,19813.14,500000.0,60,313,1,1,0,0.5177,4.6552,0,3255.1
52,67937.85,1442.81,employed,temporary,5280.83,143326.76,48,572,2,1,0,0.2704,2.1097,1,28077.35
30,77002.57,2653.8,employed,contract,28147.23,62431.41,84,677,0,1,0,0.4867,0.8108,1,23100.77
35,87625.43,3724.2,employed,permanent,14293.57,485451.42,60,506,2,0,1,0.5426,5.5401,0,1903.32
37,86183.73,3049.93,self_employed,permanent,7325.17,145984.22,60,546,4,1,0,0.4417,1.6939,0,1094.99
49,118347.95,5156.69,self_employed,permanent,32759.35,305888.49,120,686,1,0,0,0.5782,2.5847,1,26628.29
67,52147.02,1772.17,employed,permanent,5103.0,178337.8,12,374,1,0,0,0.4274,3.4199,1,5678.81
29,45244.7,2240.23,employed,temporary,17075.41,265466.16,120,342,3,0,0,0.6696,5.8673,0,1411.25
37,57182.04,1679.78,employed,permanent,8408.44,196933.6,24,432,3,0,1,0.3819,3.444,0,1225.51
57,60893.97,1432.24,employed,freelance,16189.04,180403.76,24,730,5,1,0,0.3354,2.9626,1,84194.44
38,110059.35,3673.27,self_employed,permanent,15198.97,408321.47,120,735,0,1,2,0.4281,3.71,0,12713.83
55,65796.72,2410.34,employed,permanent,21245.64,384216.32,36,355,1,1,0,0.5042,5.8394,0,2143.46
32,51069.95,1583.95,employed,temporary,18322.32,255283.12,24,507,1,0,0,0.4439,4.9987,0,1608.42
65,75844.89,2116.06,employed,temporary,23903.83,108406.98,60,403,1,1,1,0.3978,1.4293,0,5281.91
22,23634.13,955.65,part_time,permanent,8021.41,116231.0,12,763,4,1,3,0.5531,4.9179,0,2540.8
29,23998.88,763.95,retired,contract,978.01,123019.33,36,769,0,0,0,0.3901,5.126,1,16616.1
57,66725.09,2618.84,employed,temporary,24663.32,286838.99,60,549,3,1,0,0.5449,4.2988,0,868.84
20,85126.7,3707.8,employed,temporary,21257.86,350277.99,60,702,2,1,0,0.5726,4.1148,1,35753.21
46,81344.24,3500.18,employed,contract,28282.34,237917.55,84,325,1,0,0,0.5859,2.9248,0,2857.43
65,67274.55,2137.98,employed,permanent,18418.07,271071.0,36,309,1,1,0,0.4361,4.0293,1,7737.92
27,55739.57,2084.49,employed,temporary,4500.36,253986.4,84,796,1,1,0,0.4649,4.5567,1,30099.37
65,33262.98,1129.22,self_employed,freelance,8110.25,39101.01,60,709,3,0,1,0.4561,1.1755,1,10477.84
61,69616.65,3218.5,self_employed,permanent,2532.55,133337.8,60,435,1,1,0,0.5621,1.9153,0,573.77
36,45826.94,2129.29,retired,permanent,12753.14,71831.45,84,520,3,1,0,0.6132,1.5675,0,1185.65
28,54815.05,1691.54,employed,freelance,8967.77,281018.4,12,843,1,1,1,0.403,5.1267,1,57424.25
25,26711.53,627.96,retired,permanent,1621.21,113257.27,12,576,0,0,0,0.2942,4.24,1,5772.09
62,52461.05,1349.36,retired,permanent,20548.57,156296.26,84,395,1,1,0,0.387,2.9793,1,7469.4
44,80185.56,2528.86,employed,freelance,28901.58,404400.37,12,738,2,0,0,0.4505,5.0433,1,28064.95
58,70105.16,2614.27,employed,permanent,25056.81,311427.97,24,807,3,1,0,0.519,4.4423,1,37856.79
68,42523.08,1700.48,employed,permanent,13417.23,234929.89,36,486,3,1,0,0.543,5.5248,0,751.17
47,42969.99,1310.51,employed,contract,11893.77,39637.17,12,336,1,1,2,0.4213,0.9224,0,850.19
52,40677.08,1639.37,employed,contract,10658.69,134249.24,60,509,2,1,0,0.536,3.3004,0,1079.3
56,83548.18,4025.69,self_employed,permanent,3545.58,366535.35,24,714,1,0,1,0.5867,4.3871,0,12788.62
28,41355.95,1648.05,employed,temporary,14897.51,67873.9,36,430,2,0,0,0.5502,1.6412,0,952.31
37,31380.43,798.89,part_time,contract,11060.08,72149.71,12,397,1,0,1,0.376,2.2992,0,805.99
40,89613.08,3382.03,employed,contract,26806.95,251308.18,12,742,2,1,0,0.5127,2.8044,1,37637.49
21,20426.01,748.38,part_time,permanent,7576.54,99449.97,36,844,0,0,1,0.5138,4.8688,1,5515.02
62,59951.84,2771.5,employed,permanent,13263.35,192725.33,12,335,1,1,0,0.599,3.2147,0,2546.75
57,8540.01,265.17,unemployed,permanent,1529.15,27420.14,84,814,3,1,0,0.4084,3.2108,1,1689.69
59,86543.42,2870.58,employed,contract,33507.79,248369.39,36,519,1,1,1,0.4755,2.8699,0,3697.08
55,84175.16,3223.42,employed,freelance,15627.33,147915.96,36,661,1,0,0,0.4967,1.7572,1,21043.79
69,20130.9,727.31,retired,freelance,5164.18,112267.88,60,327,3,1,0,0.4849,5.5769,0,381.4
62,44298.95,1851.9,employed,contract,6610.5,99579.88,120,837,0,0,0,0.5315,2.2479,1,19934.53
56,96686.73,2128.21,self_employed,temporary,24609.72,350108.56,36,821,1,0,1,0.315,3.6211,1,144885.06
34,90444.85,3370.81,self_employed,permanent,26051.7,119232.41,120,408,3,0,0,0.5048,1.3183,0,1941.39
47,42327.02,1032.02,employed,contract,10575.92,122254.77,48,480,4,0,0,0.3426,2.8883,1,9993.41
37,62613.55,1880.09,employed,contract,12887.44,342553.68,12,509,3,0,0,0.4015,5.4709,0,4323.22
53,9369.78,376.02,unemployed,temporary,1124.79,55984.99,120,641,0,0,2,0.5056,5.9751,0,125.75
41,47032.94,1195.79,employed,permanent,12112.78,117094.86,60,348,3,0,1,0.3566,2.4896,0,4554.13
30,107772.33,3216.06,self_employed,freelance,39161.4,145163.72,120,772,1,0,0,0.4308,1.3469,1,60408.55
32,19959.96,825.1,retired,permanent,55.19,44500.4,24,628,3,1,0,0.4966,2.2295,1,2514.95
23,78020.73,3106.41,employed,permanent,4179.7,179434.39,120,535,0,1,0,0.4885,2.2998,0,2053.02
41,68870.04,1617.66,employed,temporary,3299.51,278565.43,120,740,1,0,0,0.2914,4.0448,1,100564.03
26,3782.39,142.48,unemployed,temporary,1396.77,12212.82,48,420,4,0,0,0.5259,3.2289,0,129.78
62,74651.29,1875.86,employed,permanent,19789.99,352841.45,36,547,4,1,1,0.3546,4.7265,0,2702.42
43,78030.12,2199.77,employed,contract,29707.26,339990.35,24,818,0,0,1,0.4144,4.3572,1,60114.4
23,86364.44,2956.0,employed,permanent,20133.74,162554.97,120,319,0,1,0,0.4573,1.8822,1,7772.8
47,59938.59,1439.88,self_employed,permanent,11070.25,288508.79,24,802,4,1,0,0.3252,4.8134,1,101839.02
34,72730.92,3623.07,employed,permanent,23051.13,375367.21,24,663,1,0,1,0.6612,5.161,0,5489.84
20,68143.9,1748.34,employed,contract,4386.89,258343.48,24,788,0,1,2,0.3208,3.7911,1,131882.98
22,6302.47,274.92,unemployed,freelance,961.35,35307.52,60,499,1,1,0,0.554,5.6022,0,131.96
33,83972.91,3781.89,employed,contract,15661.76,403591.83,60,702,0,0,0,0.5777,4.8062,1,29390.52
57,35174.2,1753.03,employed,freelance,4199.21,132771.26,24,544,0,1,0,0.6219,3.7747,0,1510.86
69,18488.57,616.33,part_time,permanent,2745.82,101389.71,48,782,5,1,0,0.4297,5.4839,1,8422.36
20,76136.34,3527.23,self_employed,permanent,2378.66,289468.21,12,316,0,1,1,0.5622,3.802,0,1926.09
57,24596.85,1199.38,retired,temporary,1947.91,82806.55,84,338,0,0,0,0.601,3.3666,0,363.41
57,84932.66,2197.72,employed,permanent,11397.85,208885.16,12,594,1,1,1,0.3374,2.4594,0,8302.92
40,7771.14,270.57,unemployed,contract,2473.99,41620.27,60,338,1,1,1,0.4815,5.3557,0,153.41
67,61283.56,1384.01,employed,temporary,4473.64,72008.15,48,486,1,1,2,0.2856,1.175,0,3298.94
48,79808.6,3107.57,employed,freelance,11065.95,247747.04,48,608,4,0,1,0.495,3.1043,0,4970.79
24,59798.74,2259.85,employed,permanent,1552.86,206650.89,36,661,0,0,1,0.4587,3.4558,1,14949.69
68,65725.92,1760.6,employed,permanent,14646.48,233400.63,60,761,4,0,0,0.366,3.5511,1,79265.46
29,18101.79,798.39,retired,temporary,4425.89,73952.95,48,530,2,0,0,0.5782,4.0854,0,118.43
47,55113.53,1208.11,employed,permanent,19080.67,180875.77,48,549,2,1,0,0.3323,3.2819,1,16636.57
40,38185.09,1693.44,self_employed,temporary,12511.21,73028.98,12,301,0,0,0,0.5977,1.9125,0,384.14
69,8276.26,178.85,unemployed,permanent,944.74,43145.75,48,774,1,0,0,0.2822,5.2132,1,3244.62
26,70507.56,2819.66,self_employed,permanent,3862.51,290236.57,48,481,0,1,1,0.4908,4.1164,0,883.88
22,51596.67,1193.47,employed,permanent,3221.35,269336.32,120,301,2,1,0,0.2901,5.22,1,19494.25
64,69444.07,1955.6,self_employed,permanent,26915.52,140154.74,24,469,1,0,0,0.4154,2.0182,0,2448.94
66,46529.64,1949.09,employed,temporary,12529.98,186295.97,120,569,2,0,0,0.5565,4.0038,0,439.73
39,85879.76,2491.53,employed,permanent,1462.39,380271.76,12,606,2,0,1,0.3515,4.428,1,38259.43
38,13241.37,473.28,part_time,permanent,724.46,34543.14,12,348,2,1,1,0.4399,2.6087,0,384.72
54,82597.94,3925.72,employed,permanent,16050.43,410292.27,24,721,0,0,0,0.6092,4.9673,1,28909.28
23,63124.73,1406.48,employed,permanent,5247.65,32433.38,12,584,0,0,0,0.284,0.5138,1,20452.41
24,40901.02,1819.68,retired,permanent,13148.19,154281.05,36,679,3,1,0,0.5982,3.7721,0,3078.69
20,51643.31,1174.22,employed,permanent,11841.13,200098.54,84,803,0,0,0,0.3187,3.8746,1,84266.39
23,116836.27,2866.17,self_employed,temporary,28631.06,401465.43,36,498,1,0,1,0.3434,3.4361,0,8837.06
31,50501.8,1227.87,employed,temporary,9349.41,200253.1,60,408,0,1,0,0.3288,3.9653,1,15562.63
46,67388.29,3357.82,employed,temporary,6902.25,95674.37,84,364,2,0,0,0.6184,1.4197,0,1212.04
61,89637.92,2338.54,employed,contract,21133.17,382422.09,12,652,1,0,0,0.3602,4.2663,1,62656.91
42,83460.19,3921.7,employed,permanent,23935.38,195867.65,12,397,1,1,2,0.6212,2.3468,0,2077.87
44,64498.14,3207.85,employed,temporary,9570.18,192610.51,36,428,2,1,0,0.6265,2.9863,0,2512.36
40,11884.49,380.63,unemployed,contract,2400.4,27715.84,60,567,2,1,0,0.4247,2.3321,0,189.46
43,91630.14,3595.47,self_employed,permanent,30776.14,284662.69,120,708,3,0,0,0.538,3.1066,1,28863.49
44,16800.11,731.76,part_time,contract,999.15,65833.43,60,386,2,0,0,0.5346,3.9186,0,130.84
64,57307.79,1850.21,employed,permanent,12498.24,292893.76,36,693,1,0,0,0.431,5.1109,1,19771.19
65,56776.87,1450.81,self_employed,permanent,7912.71,179352.05,36,749,0,1,0,0.3345,3.1589,1,71038.08
51,57681.3,1931.44,self_employed,contract,16215.25,131382.49,84,770,0,1,0,0.458,2.2777,1,28033.11
51,29490.5,1278.32,part_time,permanent,221.89,93888.32,24,409,2,0,1,0.5217,3.1837,0,489.47
24,67134.46,2927.44,employed,permanent,18004.75,287900.77,60,593,0,1,1,0.5769,4.2884,0,2491.15
55,28618.81,788.66,self_employed,permanent,1177.92,68881.3,60,514,1,1,0,0.3389,2.4069,1,7468.99
65,50465.59,1308.9,retired,permanent,1307.42,140221.24,24,611,0,0,0,0.3164,2.7786,1,19457.51
61,51323.79,2447.27,employed,permanent,14876.17,184540.79,36,503,0,1,0,0.6302,3.5956,1,4619.14
68,54891.77,1214.02,retired,temporary,14059.81,116208.67,120,727,0,1,0,0.3166,2.1171,1,59194.85
61,87480.49,3697.21,employed,contract,31315.77,144339.8,24,835,0,1,1,0.5788,1.65,1,47239.46
58,11286.37,250.41,unemployed,contract,2346.01,14358.04,24,392,0,1,0,0.3078,1.2722,0,315.59
35,30655.93,1387.86,part_time,permanent,6499.36,74780.69,48,327,2,1,0,0.5857,2.4394,0,665.8
52,45958.27,2171.13,self_employed,freelance,12997.33,35198.79,60,617,2,1,3,0.6235,0.7659,0,1777.82
68,64294.8,1897.21,employed,temporary,8317.11,238479.31,36,698,0,1,0,0.38,3.7092,1,46292.26
40,47336.64,1088.26,employed,permanent,698.92,69466.59,48,565,2,1,0,0.2788,1.4675,1,18847.56
28,17972.54,626.4,part_time,contract,1653.8,46291.36,84,584,1,0,1,0.4366,2.5757,0,198.89
25,68602.35,2026.41,employed,contract,6531.31,135882.42,48,362,0,1,0,0.3735,1.9807,1,15620.76
64,37245.84,1229.11,employed,contract,5000.76,147759.64,120,818,0,1,2,0.4229,3.9671,1,31013.87
54,117098.56,4710.73,self_employed,permanent,44191.25,500000.0,48,319,1,0,0,0.5582,4.2699,0,899.75
58,85527.02,2305.23,employed,permanent,27534.32,340667.44,36,647,3,0,0,0.3878,3.9832,1,28788.39
41,55942.22,1747.88,employed,contract,20943.79,194890.23,24,349,1,0,0,0.4498,3.4838,0,970.46
60,63348.23,2765.66,employed,temporary,25304.06,264793.1,36,488,3,0,0,0.6038,4.18,0,2120.88
24,60636.57,2401.8,employed,temporary,10521.15,40320.2,60,366,1,1,0,0.51,0.6649,1,5457.29
61,108808.98,3302.32,self_employed,temporary,9883.05,127920.8,84,664,3,1,1,0.3824,1.1756,1,69098.05
42,90417.18,3635.57,self_employed,contract,20253.6,92415.38,120,501,0,1,0,0.5273,1.0221,1,7323.79
36,51420.57,2219.05,self_employed,permanent,18123.37,53481.73,84,398,3,1,0,0.5883,1.0401,0,1198.13
31,34533.13,1316.2,retired,temporary,6433.27,66740.81,84,459,1,1,1,0.4946,1.9327,0,1081.93
42,33871.74,942.27,retired,permanent,6847.5,116054.32,120,327,2,1,0,0.3743,3.4263,1,5364.67
35,116136.84,2420.35,self_employed,temporary,6245.33,131321.58,60,765,0,1,1,0.2608,1.1307,1,270020.94
22,44642.1,1975.4,employed,contract,7508.01,251921.59,24,497,1,1,1,0.5646,5.6431,0,1561.37
49,33509.75,1502.14,self_employed,permanent,5187.24,174197.5,36,508,2,0,0,0.5689,5.1984,0,432.78
41,83434.04,3435.82,employed,temporary,11737.12,487592.2,24,736,1,0,0,0.5223,5.844,0,10881.59
28,110185.17,2541.64,self_employed,permanent,39106.86,80848.4,24,565,1,0,0,0.3478,0.7338,1,22639.75
48,107815.21,4086.45,self_employed,permanent,2557.44,500000.0,36,790,3,0,1,0.4596,4.6376,1,43665.16
66,63103.73,2825.77,employed,permanent,24538.45,310504.26,60,708,0,0,0,0.6151,4.9205,1,22086.31
56,27174.12,874.97,part_time,permanent,89.64,148413.69,36,556,1,1,0,0.387,5.4616,1,3316.33
42,65984.97,1755.75,employed,permanent,24958.0,224592.58,84,635,3,1,3,0.3949,3.4037,0,8022.96
32,31597.54,1199.84,self_employed,permanent,6926.78,152723.23,60,532,3,1,0,0.4995,4.8334,1,2559.4
51,67770.92,3045.21,employed,contract,19042.14,53002.13,12,372,0,1,0,0.5954,0.7821,1,6099.38
65,12313.13,274.07,part_time,contract,921.68,11295.18,12,312,3,1,0,0.2821,0.9173,1,2897.67
66,52874.31,2022.15,employed,temporary,13836.39,60907.36,12,804,0,0,0,0.5113,1.1519,1,23793.44
67,86276.09,3415.89,employed,permanent,30436.74,477222.28,84,300,3,1,0,0.5457,5.5313,0,2216.17
42,51722.49,1986.27,employed,freelance,2885.7,43262.32,120,458,0,1,0,0.472,0.8364,1,4655.02
64,86690.47,3449.64,employed,temporary,4406.71,91096.29,120,808,2,1,2,0.4877,1.0508,1,46812.85
36,48757.37,1913.65,employed,permanent,5928.47,273882.69,48,782,0,0,0,0.4953,5.6173,1,21940.82
59,54883.41,1352.15,self_employed,contract,3550.43,59859.1,60,515,2,1,1,0.3086,1.0907,0,7181.19
40,69562.41,1925.88,employed,permanent,3078.72,367544.1,60,494,1,0,2,0.3411,5.2837,0,2159.77
21,76889.48,2990.03,employed,temporary,20862.24,372221.15,36,611,3,1,0,0.5209,4.841,1,13840.11
56,62576.33,1335.97,employed,permanent,5352.19,45152.01,60,702,2,1,0,0.2733,0.7216,1,119162.85
25,50638.28,1992.45,retired,permanent,13510.59,31403.87,36,303,3,1,0,0.5255,0.6202,0,395.01
63,28822.84,1159.84,self_employed,freelance,9937.3,99125.67,48,841,2,1,0,0.5518,3.4391,1,14007.9
37,11066.34,307.75,unemployed,permanent,2886.21,66226.12,36,405,2,0,2,0.3859,5.9845,0,67.04
49,43649.24,1670.84,self_employed,permanent,2084.11,232806.1,12,421,2,0,0,0.4689,5.3336,0,1027.91
41,83633.13,3045.16,employed,freelance,19188.04,184422.75,36,566,0,1,0,0.4828,2.2051,1,7526.98
52,57047.47,1622.25,employed,freelance,8982.21,149732.54,36,540,2,0,0,0.3727,2.6247,1,10893.21
49,80801.64,2774.47,employed,temporary,11097.97,212789.74,36,352,3,1,0,0.4395,2.6335,1,8799.3
36,42851.63,2029.63,retired,permanent,5459.84,194459.99,60,423,3,1,0,0.5939,4.538,0,808.15
62,16046.66,533.97,part_time,permanent,5965.71,38130.56,24,387,1,1,0,0.4737,2.3762,1,866.52
51,85492.62,3351.63,employed,contract,25391.56,112241.88,24,609,1,1,0,0.5298,1.3129,1,15388.67
61,48503.46,1060.5,employed,permanent,2596.85,223556.85,84,312,2,1,0,0.2731,4.6091,1,19809.78
33,48427.71,1118.8,employed,permanent,9220.74,146207.42,24,508,3,0,0,0.3153,3.0191,1,13416.9
29,79779.84,1851.28,employed,temporary,10155.11,73579.59,84,734,0,0,3,0.3039,0.9223,1,109513.79
66,35057.96,1526.14,self_employed,permanent,13713.81,169865.89,60,351,0,0,0,0.6006,4.8453,0,1173.26
55,47211.97,1465.89,employed,permanent,18469.87,175591.32,12,406,3,0,0,0.4508,3.7192,1,3540.9
53,23584.58,647.92,part_time,permanent,3014.43,75270.93,24,820,1,0,0,0.3552,3.1915,1,18441.25
28,80676.24,3439.25,employed,permanent,11362.86,339113.49,24,419,2,1,1,0.5397,4.2034,0,1722.39
61,15392.13,396.97,part_time,permanent,3690.5,50478.83,120,366,3,1,0,0.3574,3.2795,0,1094.62
47,38263.72,1072.25,retired,permanent,7336.03,155592.18,120,381,2,1,3,0.3746,4.0663,0,2872.8
30,8534.89,285.08,unemployed,permanent,727.52,44989.0,48,413,3,0,1,0.4179,5.2712,0,61.52
33,106756.55,3256.1,self_employed,contract,28201.33,413610.0,120,753,1,1,2,0.4188,3.8743,0,13199.15
58,113878.73,4316.83,self_employed,contract,15220.06,470068.93,84,531,0,0,0,0.4816,4.1278,1,7686.81
66,99540.79,3054.61,self_employed,permanent,26028.58,385840.84,84,615,1,1,0,0.4205,3.8762,1,25639.72
38,87018.7,2810.22,self_employed,temporary,13354.99,297733.51,48,774,5,1,1,0.4182,3.4215,1,69188.22
34,66193.91,3044.98,self_employed,permanent,18539.85,95706.35,12,670,1,1,1,0.608,1.4458,1,17872.36
47,14578.53,679.83,part_time,permanent,3894.21,34204.54,36,832,1,1,0,0.613,2.3462,1,4723.44
43,8516.85,383.04,unemployed,permanent,1733.39,36725.5,36,557,2,1,0,0.5804,4.3121,0,223.06
27,11912.85,548.68,unemployed,temporary,3358.18,33833.91,48,728,0,0,0,0.6091,2.8401,0,205.0
62,45260.14,1695.01,retired,contract,8345.35,123728.08,48,799,2,0,1,0.4863,2.7337,1,14256.94
28,35919.11,1425.34,employed,temporary,1668.63,167957.08,12,309,0,1,0,0.4855,4.676,0,771.88
66,62294.3,2310.14,employed,permanent,4537.67,33055.15,12,724,0,0,0,0.4596,0.5306,1,21803.01
52,68805.56,3009.99,employed,permanent,6770.28,291355.05,60,811,2,1,0,0.5446,4.2345,1,37155.0
52,90519.05,3340.53,self_employed,contract,2289.37,288823.28,36,616,0,1,0,0.4479,3.1907,1,15279.98
38,44629.86,1074.38,retired,permanent,12699.54,114796.67,60,433,2,1,0,0.3458,2.5722,0,3740.11
22,65695.96,2919.93,employed,contract,9654.42,155893.32,24,317,4,0,1,0.5627,2.373,0,2164.83
29,46219.23,1988.22,self_employed,temporary,1729.03,67055.56,84,646,1,0,0,0.5237,1.4508,1,6239.6
59,114509.06,5125.28,self_employed,contract,37557.05,267766.43,84,667,4,1,0,0.6027,2.3384,1,30917.45
66,73316.66,1934.65,employed,freelance,20049.3,194494.55,12,467,4,1,0,0.3713,2.6528,0,5243.63
61,47499.8,1365.88,self_employed,freelance,8592.22,138032.95,36,316,0,0,0,0.3812,2.906,0,1429.78
20,29925.91,881.6,retired,temporary,2961.77,125618.6,36,821,1,1,0,0.3733,4.1977,1,28664.59
48,85706.02,3055.62,employed,temporary,5202.21,256658.73,60,806,5,1,0,0.44,2.9946,1,55537.5
69,109311.09,2704.15,self_employed,permanent,20042.15,500000.0,48,773,0,0,2,0.3335,4.5741,1,147422.4
53,63488.91,2036.32,self_employed,freelance,22481.31,255133.93,48,842,1,0,0,0.4557,4.0186,1,25713.01
32,37106.9,970.21,employed,permanent,2796.31,57247.93,12,605,1,1,0,0.3288,1.5428,1,22869.72
20,37667.36,1075.61,employed,permanent,8567.96,76255.78,120,678,3,1,1,0.3882,2.0245,1,25267.27
53,18530.12,767.82,part_time,permanent,7128.06,17341.79,84,639,0,1,0,0.5742,0.9359,1,2001.25
48,69601.72,3185.35,employed,permanent,17737.76,396832.09,48,450,0,1,0,0.6002,5.7015,1,6264.15
67,67130.7,1443.41,employed,temporary,11814.06,360896.5,24,344,0,0,0,0.2932,5.376,0,7070.2
66,69860.53,2608.5,employed,temporary,20018.48,67511.77,36,506,0,0,0,0.5054,0.9664,0,585.69
32,93141.88,2038.42,self_employed,permanent,30721.1,340658.8,48,721,0,0,0,0.3286,3.6574,1,100576.46
67,26808.06,625.16,self_employed,permanent,6332.24,155009.83,12,438,1,1,0,0.3271,5.7822,0,2589.5
68,34983.13,1448.24,self_employed,freelance,12199.77,161247.23,24,691,2,0,0,0.5665,4.6093,1,7871.2
48,54771.59,2316.21,employed,contract,11274.0,175541.14,84,683,1,0,0,0.5486,3.205,0,6297.79
58,23729.82,1057.74,retired,contract,7878.58,43332.23,84,748,1,1,0,0.6013,1.8261,1,6976.57
43,39142.6,1356.89,employed,permanent,14905.8,79643.6,60,502,3,0,0,0.4921,2.0347,0,716.14
45,70253.04,3225.39,employed,contract,14085.55,319602.77,60,309,1,0,2,0.591,4.5493,0,1980.85
36,79843.51,2051.93,employed,permanent,19322.18,382703.04,24,649,2,0,0,0.3568,4.7932,1,34300.77
26,76394.47,2147.96,employed,permanent,18623.98,260338.09,12,375,1,1,0,0.3862,3.4078,1,15648.64
32,48230.47,1194.01,retired,permanent,15075.59,56199.0,120,516,3,1,0,0.3596,1.1652,1,8532.16
24,27314.7,1204.44,part_time,permanent,8991.63,153953.19,60,591,0,1,0,0.595,5.6363,0,579.84
45,75443.99,2074.94,employed,permanent,821.72,388249.49,36,303,5,1,0,0.3322,5.1462,1,22787.1
68,28055.81,711.75,retired,freelance,8230.0,35714.02,84,677,3,1,0,0.3631,1.273,1,16131.53
22,54741.3,2135.32,retired,permanent,17162.83,44450.03,84,337,1,0,1,0.5308,0.812,0,1121.55
26,16212.81,374.22,part_time,permanent,4542.37,55889.97,36,594,1,1,1,0.333,3.4473,0,792.54
68,46797.16,1036.23,employed,permanent,13359.57,96532.45,84,388,3,1,0,0.3228,2.0628,1,14926.42
58,52447.57,1255.91,self_employed,permanent,868.59,107930.46,84,574,1,0,2,0.2907,2.0579,0,5218.55
20,88643.28,1847.36,employed,temporary,15673.5,86845.48,84,813,1,1,0,0.2854,0.9797,1,205446.76
68,54566.68,2246.09,retired,permanent,17858.14,313410.39,12,449,2,1,1,0.5594,5.7436,0,1155.84
36,78719.16,2930.86,employed,contract,29409.7,398784.62,12,612,1,1,0,0.5215,5.0659,1,14169.45
62,84760.47,2284.69,self_employed,permanent,7779.92,95447.94,120,399,1,0,0,0.3418,1.1261,1,18102.29
44,63603.44,1757.32,employed,temporary,14735.52,338452.55,36,558,0,0,0,0.3779,5.3213,1,11648.97
22,88384.15,3931.91,employed,contract,28436.02,376185.77,12,578,0,1,2,0.5982,4.2563,0,2887.72
34,91084.17,3230.73,self_employed,freelance,27412.97,208576.03,24,303,1,1,3,0.4858,2.2899,0,3550.16
48,52955.01,2182.12,retired,contract,13109.33,280231.46,12,711,0,1,0,0.544,5.2919,1,15568.77
62,55072.33,1874.59,self_employed,temporary,411.75,208675.78,84,625,1,0,0,0.41,3.7891,1,13382.58
51,30349.67,842.71,retired,permanent,8787.88,156837.51,36,818,1,0,0,0.3911,5.1677,1,20822.0
45,82009.85,4029.7,employed,temporary,25365.4,252670.18,120,300,0,1,0,0.6515,3.081,0,1576.06
35,39236.22,1464.74,self_employed,contract,11344.75,127658.21,48,717,0,0,1,0.5058,3.2536,0,1253.47
44,87026.03,2145.51,employed,contract,26658.13,182802.98,120,479,0,1,0,0.3571,2.1006,1,22384.84
47,62911.09,2055.79,employed,permanent,10843.73,165601.48,12,309,1,0,1,0.4266,2.6323,0,2450.47
28,113009.32,3439.89,self_employed,permanent,44921.3,409391.67,60,674,0,0,0,0.4448,3.6226,1,28071.52
20,56995.31,1543.29,self_employed,contract,17572.5,325376.29,24,751,2,0,0,0.3866,5.7088,1,52352.47
48,93016.1,4470.23,self_employed,permanent,21530.62,353521.42,120,409,1,0,0,0.623,3.8006,0,2713.99
41,5794.5,269.6,unemployed,permanent,2165.27,7594.16,24,424,0,0,0,0.6331,1.3106,0,202.47
35,84546.34,2252.47,self_employed,permanent,30713.94,45526.43,24,731,0,1,2,0.3924,0.5385,1,68774.73
60,62740.49,1951.5,employed,temporary,20442.53,325022.92,60,600,4,1,2,0.4384,5.1804,0,1879.64
63,88191.36,3798.18,employed,freelance,19885.21,220812.63,60,402,0,0,1,0.5619,2.5038,0,2050.97
60,90750.01,2442.51,self_employed,permanent,19133.77,202582.4,24,369,2,0,0,0.3651,2.2323,1,16526.94
26,48822.54,1859.52,employed,permanent,6419.34,239426.77,24,409,0,0,0,0.4833,4.904,1,3661.69
33,85032.23,3507.07,employed,permanent,8533.09,484641.5,24,523,1,1,0,0.515,5.6995,0,2168.18
48,51171.64,2042.13,employed,permanent,10487.31,236118.64,12,523,0,0,0,0.5199,4.6142,0,1190.63
38,60302.48,2498.75,self_employed,temporary,13936.67,87810.07,84,513,2,0,0,0.5435,1.4562,0,1667.66
38,40616.8,1683.38,employed,temporary,3972.75,107739.34,60,847,1,1,1,0.5169,2.6526,1,21933.07
21,10799.6,528.89,unemployed,permanent,3985.49,50506.4,36,642,2,1,1,0.6615,4.6767,0,143.7
60,52180.64,1614.45,self_employed,temporary,11631.57,286372.15,120,656,4,0,1,0.4159,5.4881,0,9247.76
64,49240.47,2287.66,employed,contract,10370.15,295063.69,84,738,1,0,0,0.5996,5.9923,1,17234.16
34,11043.15,237.09,unemployed,permanent,1924.33,36592.42,12,555,4,1,1,0.2925,3.3136,0,225.2
22,101525.05,2968.52,self_employed,permanent,2358.28,500000.0,36,781,0,1,1,0.3555,4.9249,1,142595.99
30,38402.5,854.55,self_employed,freelance,13554.57,29050.49,12,703,1,1,0,0.3376,0.7565,1,47148.44
65,98085.83,3906.44,self_employed,permanent,12437.06,203237.38,12,341,3,0,0,0.5033,2.072,0,1890.14
49,85216.82,2025.86,employed,contract,21899.37,216733.96,36,687,2,0,0,0.3367,2.5433,1,69579.53
59,32458.57,1476.86,self_employed,permanent,7886.57,190381.88,24,328,1,0,1,0.5946,5.8654,0,629.97
37,80386.82,3190.73,employed,contract,18794.01,41693.84,84,502,1,1,1,0.5231,0.5187,0,2394.04
67,24590.66,532.97,part_time,contract,5171.04,53954.71,36,626,0,0,0,0.3021,2.1941,1,8759.68
21,42760.31,1782.29,retired,temporary,3103.37,240196.1,48,353,0,1,0,0.5147,5.6173,0,1129.17
51,71821.16,3302.05,self_employed,contract,8061.37,157053.51,60,789,0,1,0,0.5742,2.1867,1,34905.08
27,73379.17,2943.68,employed,freelance,15385.79,127523.25,48,716,0,1,0,0.5233,1.7379,1,30819.25
41,36875.38,801.07,employed,temporary,11642.92,166510.29,84,659,0,0,0,0.3238,4.5155,1,32487.21
25,76948.87,3528.57,employed,permanent,13296.43,353915.86,12,848,0,0,2,0.5848,4.5994,0,7672.35
31,36833.9,1554.28,employed,permanent,3004.51,114073.79,36,504,2,1,2,0.5227,3.097,0,939.2
66,60041.49,1913.61,employed,contract,2112.13,342719.59,24,579,0,0,2,0.3895,5.708,0,3975.79
59,39341.67,1196.71,self_employed,temporary,10433.58,63532.43,84,354,1,1,0,0.4181,1.6149,1,5219.77
55,80296.59,2796.58,employed,permanent,13597.1,443541.27,24,522,0,0,0,0.4518,5.5238,0,1471.17
34,19214.2,886.23,part_time,permanent,963.56,89447.76,120,407,0,0,0,0.5635,4.6553,0,290.85
47,59975.14,1690.4,employed,temporary,16180.5,151445.98,120,808,4,1,0,0.3922,2.5251,1,69825.46
68,21861.27,519.82,part_time,permanent,1815.17,107950.89,48,305,0,1,2,0.3019,4.938,0,2036.4
64,29767.55,1370.85,part_time,permanent,6060.86,36691.84,120,806,3,0,2,0.5933,1.2326,0,2357.09
37,70708.71,1527.32,self_employed,contract,8660.06,86293.17,48,470,2,1,0,0.2837,1.2204,1,24776.76
21,9467.5,448.8,unemployed,temporary,3528.31,53156.74,12,567,4,1,2,0.6434,5.6147,0,112.39
32,39042.96,1161.56,employed,permanent,3565.22,39874.29,60,492,3,1,0,0.3753,1.0213,1,8763.58
64,43201.43,1540.41,self_employed,permanent,7256.43,22570.06,12,479,3,1,0,0.4615,0.5224,1,3499.32
34,65334.38,1613.23,employed,permanent,25075.17,172461.05,84,369,0,1,0,0.3731,2.6397,1,14923.68
39,87089.86,4106.21,employed,permanent,11103.09,93288.95,24,329,3,1,0,0.5913,1.0712,1,7838.09
48,32102.0,1370.87,self_employed,temporary,8277.09,168429.59,84,418,1,0,0,0.564,5.2467,0,650.87
61,37369.63,1785.82,employed,temporary,4734.39,208328.75,120,809,1,0,0,0.5988,5.5748,1,16816.33
48,39872.31,1625.23,self_employed,permanent,1765.15,125731.15,36,759,0,1,0,0.498,3.1533,1,19377.94
22,70263.42,1842.32,employed,permanent,17637.45,199554.68,48,757,0,0,0,0.3648,2.8401,1,85496.53
38,56944.61,1698.34,employed,permanent,20865.22,197296.9,24,338,2,1,1,0.4312,3.4647,0,906.24
22,80405.38,2816.85,employed,freelance,14555.45,140232.65,120,561,2,1,0,0.4566,1.7441,1,7236.48
33,38956.32,1501.57,employed,permanent,9757.41,83320.25,12,483,1,1,1,0.5126,2.1388,0,1548.83
59,45802.77,2191.89,employed,contract,11155.69,48339.07,60,819,0,1,2,0.623,1.0554,1,24733.5
23,51501.45,1649.69,employed,contract,8551.09,152211.27,36,827,0,0,1,0.4176,2.9555,1,38193.48
30,69470.15,2871.87,employed,temporary,17086.78,268453.77,60,685,0,1,0,0.5453,3.8643,1,20841.05
50,43351.39,2118.27,retired,contract,4496.72,243471.4,12,552,0,1,0,0.6071,5.6162,0,656.81
62,41831.18,1057.39,employed,permanent,6325.51,190955.26,12,310,1,1,1,0.3336,4.5649,0,5854.96
51,114661.45,5273.93,self_employed,temporary,20286.77,500000.0,24,510,2,1,0,0.5873,4.3607,0,3866.12
46,53757.43,1779.58,employed,permanent,18578.75,117943.49,120,815,1,1,1,0.4664,2.194,1,29029.01
49,44387.24,1872.95,retired,contract,6184.61,239052.5,36,659,0,1,1,0.5342,5.3856,0,2931.19
62,63831.42,1876.32,employed,permanent,16216.68,364366.11,84,367,3,1,0,0.4036,5.7083,1,11076.03
21,47251.7,1444.7,employed,contract,4033.48,265906.4,12,726,0,1,0,0.384,5.6274,1,46042.06
68,105391.69,2279.07,self_employed,permanent,10647.5,75188.19,24,308,2,1,1,0.2797,0.7134,1,37612.82
28,80003.09,3933.43,employed,freelance,20750.53,305926.1,12,836,0,0,0,0.6419,3.8239,1,36001.39
47,62626.83,2790.59,self_employed,permanent,19096.42,252870.74,24,365,2,0,0,0.5957,4.0377,0,587.81
50,67373.42,1588.17,employed,temporary,12453.77,143024.23,60,472,0,0,0,0.3198,2.1229,1,18211.04
53,17929.99,896.24,part_time,permanent,2403.33,106831.67,24,321,2,0,0,0.6266,5.9583,0,310.74
34,72941.84,2806.79,employed,permanent,26558.75,153289.54,84,341,2,1,0,0.5346,2.1015,0,1388.87
67,51996.47,2377.99,employed,temporary,2824.61,87944.96,60,503,1,1,0,0.5597,1.6914,1,4679.68
44,10128.94,230.71,unemployed,freelance,2920.03,32035.82,48,454,0,1,2,0.331,3.1628,0,107.02
55,46956.18,1511.63,employed,permanent,12963.11,106933.81,12,822,1,1,0,0.4415,2.2773,1,29666.91
27,18547.73,748.68,retired,freelance,5120.99,103536.43,48,761,3,1,1,0.5396,5.5822,0,739.25
28,49767.94,1191.33,employed,temporary,18621.58,145343.39,36,377,0,1,0,0.3621,2.9204,1,12353.4
56,2292.63,80.46,unemployed,contract,667.79,6318.08,48,403,2,1,1,0.4794,2.7558,0,66.29
67,62955.75,2124.43,employed,permanent,7594.11,248186.78,120,577,0,0,1,0.4291,3.9422,0,2786.84
64,25537.02,692.93,retired,permanent,3610.01,24161.36,24,356,1,1,0,0.3539,0.9461,1,4701.01
58,9158.28,271.0,unemployed,contract,1432.76,42696.19,24,638,2,1,0,0.3864,4.662,1,749.07
51,48275.39,2367.47,employed,permanent,594.92,228158.84,36,573,2,1,3,0.591,4.7262,0,1346.03
36,73883.25,2161.25,employed,temporary,26997.24,229565.76,36,732,2,1,1,0.4241,3.1071,1,47105.0
54,66815.9,1807.92,employed,permanent,1965.79,384614.95,12,690,5,0,0,0.3306,5.7563,1,56593.07
56,34683.75,1265.01,part_time,permanent,9708.6,127856.97,120,641,5,0,0,0.4937,3.6864,1,3121.54
38,89994.55,3636.04,employed,temporary,26284.2,389118.48,24,559,4,0,1,0.5432,4.3238,0,2794.77
63,82823.93,3477.1,employed,contract,27951.92,462480.32,120,473,1,1,0,0.5713,5.5839,1,7454.15
48,76799.09,3289.47,employed,temporary,16999.09,319860.48,120,494,1,1,0,0.5583,4.1649,0,1624.51
26,56255.1,1232.42,employed,permanent,16319.93,161735.83,36,740,0,0,0,0.3209,2.875,1,70527.02
47,96561.29,3120.67,self_employed,permanent,11692.53,61436.3,120,571,2,0,0,0.412,0.6362,1,11471.48
28,34003.54,1476.0,part_time,permanent,10141.0,153207.92,84,606,1,1,0,0.5805,4.5056,0,462.15
47,27220.87,1285.5,self_employed,permanent,3739.23,158065.14,120,607,5,1,0,0.5942,5.8068,1,4409.78
25,37902.84,1455.37,retired,contract,13688.06,116979.28,48,506,1,0,0,0.533,3.0863,0,925.88
48,45709.84,1022.02,self_employed,contract,2987.26,108274.16,120,416,1,1,0,0.2814,2.3687,1,16187.32
36,65683.2,2128.28,employed,permanent,8295.98,220428.01,24,304,2,1,0,0.4141,3.3559,1,10155.94
35,60654.59,1394.95,employed,freelance,12101.06,273334.13,120,798,0,1,0,0.3159,4.5064,1,120598.31
42,79698.02,3400.37,self_employed,permanent,24733.5,40151.67,84,600,0,0,0,0.5741,0.5038,1,10759.23
50,24672.13,559.7,part_time,contract,7389.79,132727.78,120,724,2,1,0,0.3321,5.3797,1,20877.95
22,53523.96,1405.03,retired,permanent,4511.36,287691.06,36,389,0,1,0,0.3319,5.375,0,1616.58
40,65370.24,2156.87,employed,temporary,3771.49,227301.39,120,327,2,1,0,0.4075,3.4771,0,2603.31
45,81542.76,2799.14,employed,permanent,9914.61,95656.44,12,843,0,1,0,0.4362,1.1731,1,56186.22
55,52590.12,1719.12,employed,permanent,10176.28,220611.97,120,516,2,0,0,0.431,4.1949,0,1847.13
61,22076.32,758.3,part_time,permanent,4759.7,27775.35,84,370,2,0,0,0.4553,1.2582,0,378.48
56,35405.3,1474.14,retired,permanent,6077.5,116536.88,60,329,3,1,1,0.534,3.2915,0,260.03
41,3344.74,105.71,unemployed,permanent,887.15,3394.79,120,555,3,1,1,0.4323,1.015,0,150.83
61,55888.46,2057.22,employed,permanent,9558.24,209014.98,24,695,1,1,0,0.4759,3.7399,1,16766.54
31,81858.74,2429.7,self_employed,permanent,30986.12,184131.52,120,820,2,1,3,0.4319,2.2494,1,54184.92
61,66910.33,2084.09,employed,temporary,6984.6,339265.67,24,622,0,1,1,0.3946,5.0705,1,25388.46
32,70003.94,2711.66,employed,permanent,17567.41,342998.56,120,669,3,1,0,0.515,4.8997,1,21001.18
30,58422.7,2052.94,self_employed,temporary,14287.34,350045.82,24,455,3,0,0,0.4706,5.9916,0,813.14
35,52370.73,2195.48,employed,permanent,5898.51,100356.33,24,513,2,1,0,0.5256,1.9163,1,4713.37
27,68638.98,2552.16,employed,freelance,11303.13,57650.29,60,382,0,1,0,0.4791,0.8399,1,6177.51
59,22915.88,1014.51,retired,freelance,3350.06,67292.89,60,704,0,1,0,0.5605,2.9365,1,6737.27
59,3036.38,102.53,unemployed,permanent,209.51,2911.03,84,309,1,0,0,0.419,0.9587,0,229.31
64,37317.03,1311.89,employed,temporary,7124.5,55294.45,84,579,0,0,2,0.46,1.4817,0,405.93
21,31898.03,1287.86,self_employed,permanent,4933.51,120738.85,12,580,1,0,0,0.5154,3.7852,0,976.05
49,48386.08,1320.28,employed,freelance,3451.23,181772.94,24,389,1,0,2,0.3417,3.7567,0,3780.14
49,234.35,7.52,unemployed,temporary,42.17,1000.0,36,428,0,1,0,0.4211,4.2671,0,223.13
31,27080.19,1057.69,retired,permanent,4569.45,79506.79,120,608,3,0,0,0.5024,2.936,0,998.36
29,7859.72,170.36,unemployed,permanent,413.0,26850.4,48,784,3,0,0,0.2706,3.4162,1,3245.44
63,733.28,24.62,unemployed,permanent,38.48,1447.59,24,406,3,0,0,0.4134,1.9741,0,141.97
30,59020.52,2260.47,employed,permanent,15286.49,312586.69,84,804,0,1,2,0.5114,5.2962,1,31871.08
34,85220.98,4179.96,employed,temporary,24086.2,118119.91,60,582,1,1,0,0.6451,1.386,1,7669.89
35,78520.67,3644.38,employed,permanent,29560.85,148911.3,12,406,0,1,0,0.6323,1.8965,0,2485.7
36,51799.06,1503.29,employed,permanent,1802.7,70626.43,24,454,2,0,0,0.3552,1.3635,1,11250.76
45,11097.67,395.38,unemployed,permanent,523.2,12662.51,120,531,3,1,1,0.437,1.141,0,173.15
21,53130.56,1194.31,employed,permanent,1101.25,283418.89,12,748,2,0,0,0.2739,5.3344,1,84089.74
69,38988.35,1086.03,employed,permanent,8300.28,79077.16,36,679,1,1,0,0.3768,2.0282,1,28820.19
31,89673.08,3894.8,employed,contract,22337.44,401186.79,36,632,2,0,1,0.571,4.4739,0,4255.59
45,32010.52,782.02,part_time,permanent,5166.8,91354.92,36,375,0,0,3,0.3254,2.8539,0,2294.15
42,60626.3,1718.71,employed,temporary,19349.54,242341.76,36,560,0,0,0,0.404,3.9973,1,8730.19
37,88305.77,4271.17,self_employed,permanent,24255.81,494951.11,48,636,1,1,1,0.6354,5.605,0,4967.74
51,71917.54,3226.4,employed,permanent,28359.69,370040.43,12,529,1,0,1,0.6172,5.1453,0,863.04
68,45696.52,1994.04,employed,temporary,2520.53,40186.67,24,520,5,0,0,0.5347,0.8794,0,1394.58
57,46002.67,2118.4,employed,permanent,1073.07,236849.99,48,697,3,0,1,0.5573,5.1486,0,2289.33
66,5634.97,240.6,unemployed,permanent,619.4,16820.55,24,711,0,1,0,0.5344,2.985,0,62.99
22,111599.45,2717.49,self_employed,temporary,850.4,270718.11,60,700,0,0,0,0.2937,2.4258,1,145044.69
57,18369.77,659.47,retired,permanent,6852.74,77118.75,120,797,1,0,1,0.5054,4.1981,0,1200.8
22,78037.81,2636.93,employed,permanent,9487.89,446855.68,84,473,5,0,0,0.4298,5.7261,0,2513.81
49,38163.97,1141.43,employed,temporary,8433.17,38841.2,48,600,0,1,0,0.4031,1.0177,1,13313.12
20,22999.11,1038.63,part_time,temporary,2926.13,108657.54,84,402,4,1,0,0.5674,4.7244,0,461.84
49,70083.01,2408.8,employed,permanent,6890.8,113485.01,48,820,0,1,1,0.4321,1.6193,1,51393.27
64,90242.13,2038.75,self_employed,permanent,5499.89,233794.68,84,463,3,0,0,0.2833,2.5907,0,5379.93
51,20163.73,581.79,retired,permanent,2583.91,106989.29,120,304,3,1,1,0.3719,5.306,0,678.51
47,58023.2,1595.72,employed,permanent,14283.43,203191.18,84,477,3,0,0,0.3793,3.5019,1,10505.1
40,7006.05,327.31,unemployed,temporary,2722.89,6102.35,60,326,3,1,0,0.6383,0.871,0,94.52
65,38632.5,1534.36,employed,contract,8624.2,127265.77,84,460,0,1,1,0.5212,3.2943,0,512.54
32,42430.2,1577.45,employed,freelance,9041.18,205490.75,48,414,3,0,0,0.4887,4.843,0,873.89
46,71500.69,2546.18,employed,permanent,1008.53,243734.64,84,677,2,1,0,0.4301,3.4088,1,29987.39
55,37300.61,1484.38,retired,permanent,12534.48,52888.19,12,396,3,1,1,0.5447,1.4179,0,1009.07
26,43900.58,1881.16,employed,temporary,787.42,129406.88,120,435,1,0,0,0.5178,2.9477,0,1074.33
41,6422.87,237.66,unemployed,permanent,2328.24,35864.66,84,687,1,0,2,0.5165,5.5839,0,167.47
29,32991.92,1590.21,part_time,contract,7108.73,135930.73,36,463,2,0,2,0.6215,4.1201,0,206.23
58,26480.82,1306.15,self_employed,contract,1784.45,119544.37,120,714,0,0,0,0.6054,4.5144,1,8341.46
34,86050.21,4290.82,self_employed,freelance,15547.81,414990.11,120,435,3,1,0,0.6345,4.8227,0,2917.71
34,39050.77,1575.98,employed,permanent,15541.96,39004.45,84,457,0,1,0,0.5639,0.9988,1,3514.57
23,35354.72,1698.26,employed,permanent,4314.45,130757.7,24,697,0,1,0,0.6008,3.6985,1,10606.42
51,43286.0,1412.45,employed,contract,4665.53,111138.26,60,665,2,1,0,0.4131,2.5675,1,22569.32
42,65176.13,2991.9,self_employed,temporary,3076.47,82472.27,36,601,3,1,0,0.5603,1.2654,1,10558.53
25,30453.91,1442.02,part_time,freelance,7274.13,49180.1,48,648,2,1,0,0.616,1.6149,0,363.42
43,18481.07,872.38,part_time,permanent,659.6,88642.28,12,693,5,0,0,0.5736,4.7964,1,2772.16
39,41149.91,1854.48,retired,temporary,12608.47,57123.9,84,623,0,1,1,0.6021,1.3882,0,1133.85
56,33212.8,1085.81,retired,temporary,12211.99,73676.03,84,349,1,1,2,0.4658,2.2183,0,446.24
39,47888.25,1219.62,employed,permanent,17850.27,98975.6,48,623,1,0,0,0.3802,2.0668,1,17211.04
31,73853.48,2257.98,self_employed,temporary,3188.0,56680.11,60,813,0,1,0,0.3755,0.7675,1,89373.05
52,47506.19,2052.87,retired,temporary,10608.37,144507.72,48,762,0,1,0,0.5632,3.0419,1,17957.34
47,80787.08,2231.81,employed,permanent,3138.09,380718.33,12,374,0,1,0,0.3393,4.7126,1,23368.47
27,31469.95,1094.62,part_time,permanent,7200.53,19569.26,120,800,1,0,0,0.4632,0.6218,1,8496.89
20,53620.68,2001.35,employed,temporary,17479.93,60003.31,84,487,3,0,0,0.5131,1.119,0,1464.91
56,100378.33,3859.13,self_employed,permanent,21592.99,447790.41,120,428,2,0,0,0.5044,4.461,0,1566.19
41,2546.14,122.53,unemployed,contract,888.15,9585.44,48,792,1,1,2,0.6473,3.7647,0,71.27
25,28983.78,1163.03,part_time,permanent,9294.22,128510.08,120,396,0,1,0,0.5457,4.4339,1,1565.12
40,87161.14,3814.79,employed,permanent,9641.71,153889.25,48,664,0,0,0,0.5473,1.7656,1,21790.29
51,164.93,6.24,unemployed,freelance,41.57,1000.0,84,800,0,1,1,0.5044,6.0632,0,242.49
54,66834.57,3017.32,self_employed,freelance,198.15,209813.15,48,464,1,1,1,0.5423,3.1393,0,1732.75
34,70627.4,2014.54,employed,permanent,11188.56,272385.93,84,476,1,0,1,0.374,3.8567,0,4359.38
24,8421.31,226.99,unemployed,contract,801.57,8478.94,48,572,0,1,0,0.3425,1.0068,1,500.0
65,41728.34,1996.74,self_employed,permanent,15641.72,67920.12,120,626,5,1,3,0.6492,1.6277,0,1510.43
69,117357.41,4818.68,self_employed,permanent,19030.16,500000.0,12,698,1,0,1,0.5251,4.2605,1,26405.42
67,68839.6,2782.46,employed,permanent,18010.21,119195.52,24,710,0,1,2,0.5374,1.7315,0,6362.96
25,44038.73,1517.7,employed,permanent,12894.22,44431.29,36,363,1,1,3,0.4721,1.0089,0,925.8
44,26949.64,857.55,self_employed,contract,8335.12,101994.09,60,746,0,0,0,0.4437,3.7846,1,9558.77
65,78079.53,2892.14,employed,contract,22979.59,274344.21,120,640,1,1,0,0.5034,3.5137,1,14054.32
59,39383.76,958.99,employed,freelance,4555.36,151368.2,24,528,0,0,1,0.3153,3.8434,0,1906.29
48,15244.17,519.76,part_time,contract,4183.41,59462.63,12,804,0,1,1,0.464,3.9007,1,4939.11
26,79608.85,2715.85,self_employed,permanent,17482.41,258815.17,60,549,1,0,3,0.4533,3.2511,0,689.75
59,7242.07,264.59,unemployed,temporary,1730.49,23288.73,60,369,1,1,3,0.4862,3.2158,0,235.87
32,72778.79,2863.48,employed,freelance,23.71,406317.48,84,811,0,1,0,0.4722,5.5829,1,39300.55
57,56643.27,2761.65,employed,contract,5851.42,194646.07,84,644,3,0,0,0.6057,3.4363,1,8496.49
37,77564.43,3091.33,employed,contract,28875.18,302125.18,120,846,0,0,0,0.5527,3.8952,1,34903.99
21,88589.72,4129.05,employed,freelance,10279.1,174373.95,48,572,3,0,1,0.5825,1.9683,0,1727.88
27,50754.02,1880.89,self_employed,permanent,8892.42,268540.16,36,644,0,0,0,0.4797,5.291,1,6851.79
30,91787.72,3590.62,self_employed,contract,6853.75,58195.66,84,759,0,1,2,0.4844,0.634,1,44608.83
52,86065.78,1968.35,employed,contract,4771.57,306802.75,36,406,0,1,3,0.2855,3.5647,0,15857.9
57,72745.77,1798.29,employed,freelance,6071.91,189952.05,12,787,0,1,0,0.3133,2.6112,1,146681.66
67,72461.02,2734.71,employed,permanent,16047.14,276907.84,84,343,4,1,0,0.4972,3.8215,0,2235.65
46,47307.49,1531.58,employed,temporary,17390.78,117367.34,24,801,0,1,0,0.462,2.4809,1,25546.04
39,64432.16,2843.52,employed,temporary,8407.09,286548.08,48,724,1,0,0,0.5557,4.4473,1,22551.26
31,24938.03,914.63,part_time,permanent,3226.06,15257.66,36,348,2,1,0,0.466,0.6118,1,1346.65
62,91512.31,4261.44,self_employed,temporary,20650.32,250047.5,48,359,1,1,0,0.6039,2.7324,1,7412.5
50,119698.04,5888.31,self_employed,permanent,17080.56,500000.0,24,557,0,0,0,0.6189,4.1772,0,1991.0
46,36850.41,926.4,employed,permanent,13419.68,69135.2,60,413,2,0,0,0.3745,1.8761,1,6937.09
51,13500.35,436.72,part_time,permanent,2040.43,10667.03,24,648,0,1,0,0.4184,0.7901,1,2379.52
29,32405.26,1303.62,self_employed,temporary,6357.16,104697.58,60,697,3,0,0,0.522,3.2309,0,823.66
22,8915.75,265.18,unemployed,permanent,1902.23,52343.78,24,769,1,1,0,0.3996,5.8709,1,1933.51
64,42499.46,1216.41,employed,permanent,13294.98,36246.6,48,314,2,0,0,0.406,0.8529,0,1692.63
46,26316.39,1172.85,part_time,permanent,5935.99,23298.18,24,848,4,0,0,0.5799,0.8853,1,7105.43
54,30012.75,1483.46,retired,permanent,2871.08,113242.34,84,437,3,0,0,0.6123,3.7731,0,222.19
50,34920.84,1515.66,retired,permanent,1731.89,65489.58,36,564,3,1,1,0.5308,1.8754,0,869.14
34,46861.47,1692.04,employed,permanent,17578.2,129162.95,36,380,1,0,0,0.5083,2.7563,0,754.26
35,82635.86,2788.13,employed,temporary,26495.14,418781.13,12,602,0,1,3,0.469,5.0678,0,1939.19
32,67238.27,2459.11,employed,contract,617.66,107155.46,120,573,3,0,1,0.4407,1.5937,0,2739.14
68,86950.98,2985.27,employed,permanent,28573.1,387466.58,84,412,0,1,0,0.4777,4.4561,1,7825.59
54,39260.06,1393.77,retired,permanent,9274.76,128563.75,36,708,3,0,0,0.4733,3.2747,1,9618.71
30,41814.94,1119.28,employed,contract,8679.01,229031.6,36,664,2,0,0,0.3627,5.4773,1,28705.96
40,44397.87,2095.25,employed,permanent,217.18,259784.86,60,540,3,0,1,0.5673,5.8513,0,1196.21
30,89399.07,3829.91,employed,freelance,27923.41,283152.27,84,388,1,0,0,0.5766,3.1673,0,1210.85
49,74906.09,3048.32,employed,contract,5934.51,278317.98,48,571,0,1,0,0.5042,3.7156,1,6741.55
67,37710.33,1830.44,employed,permanent,10980.96,173547.99,48,554,2,0,1,0.6407,4.6021,0,1200.71
54,44039.9,1282.8,retired,permanent,279.53,99209.03,60,788,5,1,3,0.3508,2.2527,1,49674.89
41,64156.44,1488.46,self_employed,temporary,20436.49,112085.92,36,544,3,1,0,0.3421,1.7471,0,7610.38
57,51896.46,2331.66,employed,permanent,478.27,301298.83,24,398,3,0,1,0.541,5.8058,0,1212.04
50,43473.34,2171.66,employed,permanent,4102.02,125176.47,60,372,2,0,1,0.6183,2.8794,0,567.88
33,81194.72,3061.39,employed,permanent,8713.11,41307.78,48,587,0,0,0,0.4739,0.5087,0,2336.71
43,38511.28,868.38,employed,contract,2426.34,196694.46,12,510,3,0,0,0.2832,5.1075,0,4643.31
69,52534.37,2290.34,self_employed,temporary,10108.84,199533.57,48,833,0,0,0,0.5616,3.7982,1,21276.42
68,3676.59,84.5,unemployed,permanent,417.2,5246.76,24,382,0,1,1,0.2985,1.4271,0,225.97
51,1930.86,70.64,unemployed,temporary,767.16,1285.51,48,541,2,1,0,0.5185,0.6658,0,155.59
55,6098.22,176.41,unemployed,permanent,1414.71,12825.49,60,311,2,1,0,0.3935,2.1032,1,500.0
51,35643.64,1693.84,employed,temporary,8076.53,199724.82,12,816,0,0,1,0.6156,5.6034,0,7728.93
34,18922.44,643.31,part_time,permanent,1671.76,106612.84,48,415,0,1,0,0.4256,5.6342,0,235.83
62,52544.29,2471.61,retired,temporary,8589.72,116150.16,60,646,3,1,0,0.5972,2.2105,1,6620.58
54,19142.18,565.78,part_time,freelance,949.28,97579.57,120,319,4,1,0,0.3646,5.0976,0,524.88
22,54825.27,1761.61,employed,permanent,16722.35,160646.23,60,435,0,1,0,0.4466,2.9301,1,5269.8
35,22882.8,1108.85,part_time,permanent,3031.14,93794.22,120,745,2,1,1,0.608,4.0989,0,1754.35
24,38782.65,1035.69,retired,permanent,11665.29,90729.73,60,737,1,0,2,0.3806,2.3394,1,22690.18
40,47922.22,1806.97,retired,permanent,7125.0,159957.15,12,472,1,1,0,0.4822,3.3378,1,3019.1
29,45467.67,1462.46,employed,permanent,17982.6,96199.9,60,816,3,1,0,0.4651,2.1158,1,24552.54
38,10460.96,454.14,unemployed,contract,716.04,8746.71,12,458,1,0,0,0.5346,0.8361,0,212.45
44,29423.64,723.95,part_time,freelance,17.94,37267.39,84,704,2,0,0,0.2954,1.2666,1,25284.32
23,93651.78,3145.34,self_employed,permanent,22282.59,196547.9,120,811,2,0,1,0.4506,2.0987,1,37928.97
48,33246.43,1370.38,self_employed,temporary,12672.92,195136.46,24,303,2,1,0,0.5709,5.8694,0,460.99
38,12497.74,408.73,part_time,temporary,3234.69,72626.83,24,403,1,0,0,0.4442,5.8112,0,208.91
62,67670.7,1525.33,employed,temporary,2320.39,341882.42,24,672,1,1,0,0.2773,5.0521,1,90421.59
21,106997.73,4429.61,self_employed,permanent,23132.07,190325.77,84,581,3,0,0,0.54,1.7788,0,1440.08
29,67144.28,2384.29,employed,permanent,24426.74,196652.96,60,582,1,1,2,0.4989,2.9288,0,1811.56
62,16904.4,357.75,part_time,permanent,43.99,49340.66,12,776,2,1,1,0.2545,2.9188,1,26892.2
44,39978.59,1547.27,employed,permanent,2669.17,105077.84,84,534,0,1,1,0.4778,2.6284,1,3598.07
39,91461.66,4359.36,self_employed,contract,29800.46,68307.38,24,477,0,1,0,0.6371,0.7468,0,2094.23
67,93568.18,2252.33,self_employed,contract,33456.5,321865.23,36,637,4,0,1,0.3604,3.4399,0,11091.81
38,24383.67,928.07,retired,permanent,6897.27,21956.66,24,801,1,1,0,0.5133,0.9005,1,9217.03
42,27678.08,1164.86,self_employed,permanent,10977.79,135914.67,60,521,2,0,0,0.5844,4.9106,0,529.27
43,21390.52,489.79,part_time,freelance,771.91,92026.07,120,755,2,0,0,0.282,4.3022,1,25180.92
30,25402.53,545.98,part_time,temporary,5544.63,61983.53,84,658,3,0,0,0.3016,2.4401,1,15119.59
65,73830.13,2537.72,employed,contract,20229.3,299694.96,36,709,0,1,0,0.4673,4.0593,1,31008.65
53,79546.98,3492.88,employed,permanent,22357.31,141729.14,84,761,2,1,2,0.5831,1.7817,1,42955.37
47,68579.56,1750.22,employed,temporary,21766.73,134338.81,48,490,2,0,1,0.3697,1.9589,0,2287.77
24,41098.43,1859.1,employed,temporary,15085.2,91556.38,36,444,0,0,0,0.6162,2.2277,1,3082.38
24,89845.26,3592.33,self_employed,contract,12996.71,438765.06,48,643,0,1,0,0.5087,4.8836,1,14554.93
40,34636.06,1057.15,part_time,permanent,595.23,57454.38,36,456,1,1,0,0.3697,1.6588,1,4874.12
31,51506.63,1847.97,retired,permanent,7467.26,185181.62,12,607,1,1,1,0.4595,3.5953,1,6489.84
69,82941.79,4063.81,employed,permanent,22281.97,132919.95,36,427,3,0,0,0.6417,1.6026,0,2833.42
23,51619.36,1401.26,employed,contract,4407.39,106733.65,24,323,2,0,2,0.3428,2.0677,0,5911.29
68,96324.88,3410.2,self_employed,freelance,31208.22,172917.33,120,424,1,1,0,0.4896,1.7951,1,7802.32
61,105854.83,4133.37,self_employed,freelance,9305.25,428450.14,48,474,0,1,0,0.4862,4.0475,0,2025.03
39,72307.94,1797.49,employed,freelance,291.07,245630.74,48,400,0,1,0,0.2991,3.397,0,12984.87
57,27270.78,602.76,retired,permanent,5542.3,121822.54,84,350,1,0,1,0.3059,4.4671,0,871.8
44,33938.18,720.37,part_time,permanent,9861.91,58023.73,24,557,3,1,0,0.3128,1.7097,1,6861.49
33,59795.07,1812.0,employed,permanent,8363.07,32906.24,12,467,3,1,0,0.3916,0.5503,1,11667.21
30,22802.81,524.24,retired,permanent,6830.77,96747.82,36,404,3,0,1,0.3358,4.2428,0,531.61
51,41037.78,1817.01,employed,contract,7196.46,46442.32,12,334,2,0,0,0.5664,1.1317,0,779.61
30,7770.23,387.9,unemployed,freelance,533.7,14411.28,24,727,0,1,1,0.6128,1.8547,0,172.73
37,59074.03,1336.33,employed,permanent,2139.86,128856.64,120,638,0,0,0,0.2787,2.1813,1,39219.25
46,40196.61,1344.76,employed,temporary,11425.28,185202.32,36,452,4,0,0,0.4583,4.6074,1,3014.75
37,29028.39,626.54,part_time,freelance,4478.67,114441.67,24,805,1,1,2,0.2899,3.9424,0,14192.62
42,78962.88,1953.65,employed,permanent,28830.1,119507.15,48,379,3,0,1,0.3699,1.5135,1,15409.61
30,8704.99,263.34,unemployed,permanent,1881.17,32977.84,48,330,2,1,0,0.4062,3.7884,0,123.8
40,46124.35,1490.56,employed,permanent,6428.49,202707.94,48,524,3,0,1,0.4157,4.3948,0,1648.31
63,72937.65,3518.78,employed,permanent,10181.83,192477.69,60,508,0,1,0,0.6068,2.6389,0,2532.23
24,35589.75,1152.35,employed,temporary,1871.14,65938.59,60,479,2,0,0,0.3991,1.8527,1,5386.51
42,51781.17,1828.29,employed,permanent,12298.84,219262.46,48,718,2,1,1,0.4712,4.2344,1,21748.09
60,62888.05,1760.63,self_employed,permanent,14644.54,242741.68,120,796,2,1,0,0.3825,3.8599,1,71824.44
44,80938.58,1686.52,employed,freelance,25900.14,75152.84,60,604,3,1,1,0.314,0.9285,1,54196.47
60,62087.47,2922.08,self_employed,temporary,4996.72,258702.22,120,613,5,1,0,0.5809,4.1667,0,2592.73
29,26070.6,605.27,self_employed,permanent,3032.42,83083.06,60,633,0,0,0,0.3019,3.1868,1,13944.38
41,4228.16,207.0,unemployed,freelance,164.46,19633.58,84,363,1,1,0,0.5953,4.6435,0,193.63
38,62440.83,1539.14,employed,permanent,7376.56,96717.5,24,607,2,1,0,0.3194,1.5489,1,40596.53
20,33827.11,1301.52,part_time,permanent,5792.58,64954.49,84,339,2,0,0,0.496,1.9202,0,508.16
26,86756.89,4336.35,employed,contract,33454.44,302627.12,120,542,1,0,1,0.6769,3.4882,0,3084.35
23,44948.07,1117.94,employed,permanent,11741.62,141565.49,36,660,3,0,1,0.3507,3.1495,1,33553.73
20,45183.06,1500.0,employed,contract,14149.06,118605.96,48,544,2,0,0,0.461,2.625,0,1110.22
34,43985.98,1917.6,employed,permanent,5727.15,202475.53,84,444,1,0,0,0.5492,4.6032,0,1153.42
59,78390.71,1706.74,employed,permanent,4531.38,282687.37,84,329,0,0,1,0.2728,3.6061,0,12153.42
31,25572.09,1047.23,self_employed,temporary,2625.95,112683.29,60,727,1,0,0,0.512,4.4065,1,8055.21
41,41994.75,973.34,employed,permanent,4308.12,56394.85,24,681,5,1,0,0.2986,1.3429,1,50746.46
41,64587.78,1791.14,employed,contract,15064.85,291254.44,24,752,4,0,1,0.3794,4.5094,1,70103.58
69,2970.74,75.76,unemployed,temporary,405.77,9026.31,84,480,2,1,1,0.3333,3.0384,0,193.39
66,40079.61,1895.66,employed,freelance,13745.68,27483.54,36,797,3,0,1,0.6362,0.6857,0,2281.93
36,54793.29,1429.92,employed,contract,21666.24,98063.75,120,497,0,1,0,0.3922,1.7897,1,10632.09
48,50081.42,1102.43,employed,permanent,6877.15,32135.25,24,642,0,0,0,0.2916,0.6417,1,31310.9
65,6133.25,232.89,unemployed,contract,1729.72,18478.32,12,332,3,1,0,0.5121,3.0128,0,162.31
33,88857.85,2748.4,employed,temporary,23369.14,203692.29,12,633,1,0,2,0.4238,2.2923,0,8837.16
69,41836.76,1366.66,employed,temporary,3254.27,248132.68,48,533,2,1,2,0.4076,5.931,0,1836.95
39,60409.04,1468.3,self_employed,contract,22182.41,318764.77,84,847,3,1,0,0.3651,5.2768,1,79210.02
69,113538.58,4843.2,self_employed,temporary,9057.77,500000.0,36,829,1,0,3,0.5278,4.4038,0,10201.05
67,108302.94,4156.52,self_employed,permanent,31925.85,352649.65,84,727,1,0,1,0.5195,3.2561,0,11233.37
52,32588.03,1025.1,retired,temporary,4531.17,160951.67,12,565,0,1,0,0.4053,4.939,0,1582.66
62,73442.43,1897.58,employed,permanent,10783.74,144518.77,120,594,5,0,1,0.3394,1.9678,1,17692.28
34,39832.14,1519.29,employed,permanent,7256.6,142741.34,36,739,5,0,0,0.4941,3.5836,1,13941.25
31,74189.76,3230.4,employed,temporary,25655.06,197422.61,120,631,0,0,2,0.5917,2.661,0,5047.3
59,88507.18,2650.34,employed,permanent,4965.32,127661.03,48,450,3,0,0,0.3706,1.4424,1,17179.24
39,64561.85,1393.74,employed,permanent,1409.25,58065.24,24,600,2,0,1,0.2634,0.8994,1,45826.0
49,62416.96,1690.57,employed,permanent,10037.67,222841.1,24,644,0,1,0,0.3572,3.5702,1,32087.31
57,42795.27,1743.33,self_employed,temporary,951.51,44379.35,24,610,0,1,1,0.4933,1.037,0,1625.45
22,85209.88,4233.4,self_employed,permanent,23436.16,379100.21,12,482,0,0,0,0.6512,4.449,0,1670.01
47,67474.05,1432.03,employed,contract,20520.88,375700.68,120,446,0,1,1,0.3155,5.5681,0,9109.06
45,7823.2,232.84,unemployed,permanent,2674.63,10886.64,36,449,2,1,0,0.4255,1.3916,0,133.36
49,36434.58,824.96,employed,permanent,10840.63,112588.76,12,566,1,0,0,0.3312,3.0902,1,9225.24
32,65179.79,1959.32,employed,permanent,23891.04,297432.35,60,789,5,0,0,0.434,4.5633,1,38716.8
32,81518.81,2663.42,self_employed,temporary,24400.25,169364.96,36,430,0,1,0,0.4519,2.0776,1,6603.02
21,46414.16,2213.58,employed,permanent,17378.87,258257.89,48,446,2,1,0,0.6472,5.5642,0,1470.98
56,46458.31,1077.04,employed,freelance,3588.64,250250.5,120,674,1,1,0,0.2936,5.3866,1,57533.97
68,50192.0,2183.34,employed,freelance,10035.65,53738.01,12,784,0,0,0,0.562,1.0706,1,22586.4
57,28369.6,918.32,part_time,contract,11278.97,18460.06,24,803,3,1,3,0.468,0.6507,1,9191.75
21,7275.19,323.71,unemployed,freelance,1983.44,42709.16,24,803,1,0,0,0.5885,5.8705,0,233.14
55,81516.95,2918.92,employed,permanent,28649.66,469587.57,24,518,4,1,2,0.5,5.7606,0,1768.52
45,28939.37,636.06,retired,temporary,351.83,81683.42,12,794,4,0,1,0.2662,2.8226,1,42625.96
30,10944.82,530.07,unemployed,contract,3816.49,8516.15,120,845,3,1,0,0.6509,0.7781,1,1182.04
27,95652.09,2223.57,self_employed,temporary,26695.09,373408.12,12,310,0,1,0,0.3348,3.9038,1,25598.79
63,32615.43,1248.05,retired,freelance,2227.7,68941.05,24,560,5,1,0,0.4728,2.1138,1,2054.77
59,40239.41,1868.4,employed,contract,413.35,227432.2,24,370,0,0,0,0.5592,5.652,0,717.68
62,49134.1,1137.94,employed,freelance,5108.5,239314.54,24,463,4,0,0,0.2987,4.8706,1,14836.04
41,115892.98,4286.71,self_employed,permanent,42452.68,472004.97,60,560,2,1,0,0.5171,4.0728,1,9387.33
39,54484.52,2445.0,self_employed,contract,14561.16,112498.07,12,710,1,1,0,0.592,2.0648,1,20595.15
27,56340.59,2794.56,self_employed,temporary,20721.37,245474.67,24,715,2,1,1,0.6688,4.357,1,21296.74
48,43010.95,1804.72,self_employed,temporary,7675.75,89911.19,48,644,1,1,1,0.5392,2.0904,0,1861.2
59,30557.56,884.68,part_time,permanent,11448.42,21603.29,24,533,3,1,0,0.4223,0.707,1,2564.27
45,18339.82,756.29,part_time,contract,3396.24,60455.2,120,314,1,1,3,0.5319,3.2964,0,177.55
49,30219.56,1251.64,retired,freelance,2469.0,96332.86,12,653,1,0,0,0.5134,3.1878,1,5288.42
36,33330.88,1374.87,retired,permanent,2018.43,156539.57,48,782,1,1,1,0.5071,4.6965,0,2260.37
39,21975.75,1005.37,part_time,temporary,8735.9,115618.96,120,737,1,0,0,0.6285,5.2612,0,1407.01
35,57623.74,1347.35,employed,permanent,7695.37,141153.77,84,319,1,0,0,0.3073,2.4496,1,16656.14
65,62705.9,1504.66,employed,freelance,4014.51,186368.3,84,771,0,0,0,0.3008,2.9721,1,112419.14
62,79798.21,3153.47,employed,permanent,268.39,246353.22,84,461,2,1,0,0.4749,3.0872,1,7181.84
26,48313.55,2350.69,retired,permanent,5518.75,110311.07,120,333,1,0,0,0.6067,2.2832,0,966.93
35,100839.75,3470.93,self_employed,permanent,35863.3,462716.11,12,414,2,0,0,0.4842,4.5886,0,1193.9
64,1213.5,59.28,unemployed,temporary,259.21,4091.38,12,729,1,0,0,0.6289,3.3716,0,127.33
66,78982.33,3806.49,employed,permanent,19980.48,436516.13,120,320,3,0,0,0.6289,5.5268,0,2764.9
67,41613.85,1962.85,employed,temporary,15353.7,169647.57,12,466,3,1,1,0.6398,4.0767,0,1678.04
46,1496.69,70.9,unemployed,freelance,307.02,2492.63,36,595,5,1,0,0.6095,1.6654,0,180.9
42,87132.45,4098.21,employed,contract,29216.55,122547.22,120,471,0,1,0,0.6315,1.4064,0,1674.98
43,80066.88,3582.73,employed,permanent,10371.33,204019.53,48,463,0,0,1,0.5629,2.5481,0,1497.14
28,65382.58,2687.46,employed,freelance,25554.18,157447.53,60,516,1,0,0,0.5714,2.4081,0,1771.7
54,83123.36,1790.91,employed,temporary,2620.51,227693.59,60,498,3,1,1,0.2648,2.7392,0,11408.57
39,11872.38,293.14,unemployed,permanent,3442.18,17924.34,36,349,2,1,2,0.3543,1.5098,0,201.92
56,68585.31,1697.38,employed,permanent,18122.06,403297.03,12,797,1,0,0,0.3498,5.8802,1,92713.62
61,83225.35,1791.0,self_employed,permanent,6380.77,108309.78,60,741,3,0,0,0.2736,1.3014,1,118705.98
36,76493.49,1853.98,employed,contract,11897.61,312825.35,48,629,2,0,1,0.322,4.0896,0,6070.72
66,26589.14,1267.22,retired,permanent,3327.14,15205.82,120,629,2,1,2,0.5969,0.5719,0,1454.43
50,44191.87,1776.26,employed,permanent,1670.33,121009.97,24,593,1,1,0,0.4899,2.7383,1,3977.27
27,97160.17,2908.53,self_employed,contract,22727.24,213801.8,120,579,1,1,0,0.406,2.2005,1,14795.55
34,4138.86,182.0,unemployed,temporary,1645.06,10765.74,48,663,2,0,1,0.6072,2.6011,0,144.92
50,42428.87,1488.3,employed,contract,9497.08,137445.16,12,472,2,1,0,0.4657,3.2394,1,3818.6
49,29650.48,740.63,retired,contract,6466.89,112732.98,48,453,0,1,0,0.3434,3.8021,0,2545.48
65,59070.5,2754.53,self_employed,permanent,952.54,219110.94,84,791,0,0,0,0.5628,3.7093,1,23923.55
39,88087.52,2705.25,employed,freelance,4905.43,349612.78,12,566,1,1,0,0.3797,3.9689,1,19074.47
58,73387.78,3024.8,employed,permanent,15065.6,377581.03,48,717,3,1,0,0.5357,5.145,1,30822.87
31,24209.7,709.56,part_time,temporary,9540.35,130174.21,36,571,1,1,0,0.4305,5.3769,1,1817.18
68,11626.48,411.8,unemployed,temporary,4076.74,52957.18,120,742,4,1,0,0.4952,4.5549,1,976.62
36,84672.69,3779.85,employed,permanent,11522.57,79099.73,48,812,3,1,0,0.5629,0.9342,1,45723.25
61,63160.05,1604.64,employed,freelance,13718.47,365514.04,120,711,3,1,0,0.3483,5.7871,1,80483.59
49,51510.15,2541.33,retired,permanent,11387.91,294158.47,84,314,0,0,0,0.6363,5.7107,0,308.14
48,63408.94,1450.88,self_employed,permanent,17383.2,279910.58,60,379,0,1,0,0.3294,4.4144,1,17524.46
38,2765.05,100.67,unemployed,freelance,760.7,9251.62,24,843,0,0,0,0.4919,3.3459,0,129.92
65,47797.3,2272.8,employed,temporary,15099.98,89782.49,36,850,2,0,0,0.6338,1.8784,1,21508.79
30,7947.79,384.8,unemployed,temporary,79.39,37036.16,48,539,1,0,1,0.583,4.6599,0,214.46
53,62558.87,1726.82,employed,temporary,23614.23,333328.11,12,388,0,0,1,0.4067,5.3282,0,1586.01
69,71242.3,1783.4,employed,contract,1996.55,296263.37,36,553,2,1,0,0.306,4.1585,1,24877.81
26,90177.22,3783.99,self_employed,permanent,17175.52,357092.73,60,438,1,1,0,0.5416,3.9599,0,3072.73
63,12513.43,276.02,part_time,permanent,4602.84,19540.04,24,589,2,1,1,0.3383,1.5615,1,2185.3
53,37972.18,1328.5,employed,permanent,7407.14,93710.82,84,605,4,1,1,0.4588,2.4679,1,6834.99
39,64297.27,2832.96,employed,permanent,1636.67,287874.9,24,471,4,0,1,0.5338,4.4772,0,2296.4
69,43148.37,1604.0,self_employed,contract,3956.53,25584.53,48,825,1,0,1,0.4644,0.5929,1,17475.09
57,85090.71,2239.34,self_employed,permanent,19695.67,342656.33,84,627,0,0,0,0.3621,4.027,1,31681.82
43,38430.87,1346.57,retired,permanent,1350.64,181266.37,60,452,1,1,2,0.4275,4.7167,0,1675.57
29,7029.12,335.32,unemployed,permanent,1191.23,16454.29,60,477,0,1,1,0.6063,2.3409,0,60.84
51,51635.05,2005.27,employed,contract,6797.1,47448.62,24,715,0,1,0,0.4924,0.9189,1,21686.72
34,26716.4,1118.8,part_time,contract,8711.77,133719.77,24,610,5,1,0,0.5677,5.0052,0,1231.86
56,9953.91,305.0,unemployed,permanent,438.5,12742.03,60,543,5,1,0,0.3765,1.2801,0,80.79
39,54928.64,1446.31,retired,temporary,15002.08,139486.12,120,708,1,0,0,0.3706,2.5394,1,34828.05
22,104652.22,2960.57,self_employed,permanent,17020.18,459412.53,24,519,3,1,0,0.372,4.3899,0,6145.69
56,38627.45,1405.43,retired,temporary,9081.32,192883.19,12,735,0,1,0,0.4836,4.9934,1,11356.47
59,45638.63,1323.81,employed,permanent,3752.08,239287.93,24,483,1,1,0,0.3645,5.2431,1,11131.26
27,72479.52,2655.7,employed,permanent,17676.41,247683.87,12,423,2,0,2,0.4885,3.4173,0,1276.68
59,52693.19,2185.57,retired,temporary,14205.61,164260.18,84,537,2,0,0,0.5516,3.1173,0,1017.84
63,46652.66,1971.22,employed,freelance,1310.6,240995.75,24,705,3,0,2,0.5127,5.1657,0,5291.68
42,49079.76,1258.24,employed,permanent,16183.45,176536.17,36,497,5,0,0,0.3736,3.5969,1,9305.52
59,23513.32,1004.51,retired,contract,8100.38,86589.66,36,386,0,1,1,0.5816,3.6826,0,451.0
30,45258.7,1830.87,retired,temporary,1150.55,130655.24,120,374,4,1,3,0.4905,2.8869,0,439.63
65,57360.88,1215.1,employed,freelance,13839.75,146297.6,120,632,1,0,0,0.3025,2.5505,1,33986.32
27,20319.74,458.22,retired,permanent,4828.06,63864.43,84,730,1,0,0,0.3181,3.143,1,18111.19
48,108120.25,4290.46,self_employed,permanent,538.8,271020.84,84,669,0,0,0,0.4772,2.5067,1,24327.06
49,77978.83,2497.25,self_employed,freelance,10678.31,186330.84,120,343,3,0,1,0.4117,2.3895,0,3626.45
29,30250.49,759.13,retired,permanent,11724.19,180448.83,36,596,2,1,2,0.3787,5.9652,0,1797.85
58,53919.06,1193.13,employed,permanent,11979.75,126665.27,84,765,3,0,1,0.31,2.3492,1,92201.59
47,50963.82,1298.68,employed,permanent,19024.02,97346.53,12,549,0,0,1,0.3804,1.9101,0,988.61
68,60051.41,2928.16,employed,contract,16229.37,146920.73,120,721,0,0,0,0.6392,2.4466,1,21017.99
55,57018.96,2397.88,self_employed,permanent,647.52,213781.04,12,772,1,1,0,0.5069,3.7493,1,27711.21
32,77054.9,2791.29,self_employed,contract,2395.27,424606.99,48,572,1,1,0,0.4409,5.5104,1,7377.39
51,46620.14,2251.52,retired,permanent,13467.23,225326.95,48,472,1,1,0,0.6373,4.8333,0,512.91
55,42955.07,1670.55,retired,permanent,9528.6,220459.43,24,535,0,1,0,0.5111,5.1323,0,984.62
56,52973.4,2224.78,self_employed,permanent,2694.26,276762.04,12,345,0,0,1,0.5141,5.2245,0,1513.49
45,37563.42,1092.24,retired,permanent,9226.52,208961.78,120,691,0,0,0,0.3981,5.5629,1,13396.99
41,81206.94,3086.84,employed,temporary,26320.38,145595.26,36,532,1,1,0,0.521,1.7929,0,2341.18
23,38751.34,969.48,employed,temporary,11671.63,117068.31,36,716,1,1,0,0.3605,3.021,1,45408.82
50,20897.0,681.88,retired,permanent,2057.62,54720.62,120,565,3,0,0,0.4113,2.6186,0,357.01
37,65589.35,1430.03,employed,permanent,6773.94,170553.53,36,489,3,1,1,0.2823,2.6003,0,7525.24
57,70151.33,1904.72,employed,temporary,27158.04,286747.78,24,482,2,0,0,0.4032,4.0876,0,3764.22
43,45084.24,1037.7,self_employed,contract,16003.19,122174.54,12,656,3,1,2,0.3472,2.7099,1,37199.91
42,75987.11,2442.5,employed,contract,9675.81,295575.93,84,438,0,1,2,0.4112,3.8898,0,1663.6
41,41911.74,1903.71,retired,contract,13815.02,109076.83,24,846,1,1,0,0.611,2.6025,1,15842.64
21,85780.91,2732.67,employed,permanent,5549.63,189679.18,84,804,0,0,0,0.3952,2.2112,1,80908.55
50,44292.48,1997.13,employed,freelance,3487.43,108158.89,60,781,0,0,0,0.5568,2.4419,1,19931.62
30,76325.58,3051.59,employed,permanent,5531.96,375572.52,60,651,2,1,0,0.4943,4.9207,1,22897.67
47,32946.09,1176.0,self_employed,permanent,1156.02,125385.59,48,641,3,1,1,0.4354,3.8058,1,6895.75
65,66091.08,1833.54,employed,contract,22594.64,387094.63,84,372,0,1,0,0.4013,5.857,1,11741.74
51,77430.04,3695.7,self_employed,freelance,17926.82,393314.35,12,462,0,0,0,0.6191,5.0796,0,954.39
24,32370.25,725.55,retired,temporary,3352.99,102671.74,84,522,2,1,1,0.2897,3.1718,0,1719.47
57,31425.14,1286.13,part_time,permanent,10667.64,57604.48,84,484,0,0,0,0.559,1.8331,1,1414.13
29,35240.39,1372.71,employed,permanent,11314.23,148238.7,36,394,2,1,1,0.5316,4.2065,0,946.38
59,63609.87,2143.46,employed,permanent,2568.61,286025.16,12,608,3,1,1,0.4124,4.4966,1,20060.01
65,45629.59,1270.45,self_employed,freelance,11756.73,139305.67,120,447,1,1,0,0.3856,3.053,0,3361.53
43,29100.47,971.82,part_time,permanent,8402.28,51349.87,84,618,4,0,1,0.4585,1.7646,0,362.95
54,12990.55,601.32,part_time,contract,3719.6,46308.85,84,478,0,0,0,0.6127,3.5648,0,71.09
63,80735.51,3652.39,employed,permanent,23353.32,153079.44,84,590,0,0,1,0.6007,1.8961,1,6055.16
67,10057.11,485.66,unemployed,contract,681.7,57023.72,48,796,3,1,0,0.593,5.67,0,129.58
42,80807.63,2408.93,employed,freelance,10184.56,319906.37,120,600,4,0,1,0.3829,3.9589,0,5117.45
36,43391.27,1393.9,employed,permanent,14651.99,91365.54,36,460,5,1,0,0.453,2.1056,1,3905.21
20,69672.36,1489.56,employed,permanent,25037.23,117503.74,24,360,0,0,0,0.3284,1.6865,1,17933.67
50,35790.2,1729.96,employed,contract,3996.89,158979.28,36,371,2,0,0,0.6024,4.442,0,1108.86
50,81637.94,2485.1,employed,temporary,751.71,358624.29,84,736,0,0,0,0.3671,4.3929,1,75947.78
61,74763.64,2438.9,employed,temporary,25711.72,282922.61,84,781,2,1,0,0.4602,3.7842,1,40372.37
61,75459.6,3570.07,self_employed,temporary,11382.08,292681.8,120,414,2,1,1,0.5979,3.8787,0,2943.85
53,75182.53,2721.04,employed,permanent,9907.96,287293.46,60,505,3,0,0,0.4607,3.8213,0,1443.99
28,33960.79,1268.33,self_employed,contract,4713.75,84242.08,24,633,1,0,3,0.4759,2.4806,0,1759.88
41,64076.07,1664.28,employed,permanent,10654.48,362400.11,84,605,3,1,0,0.3449,5.6558,1,35777.51
32,51020.21,1804.97,employed,freelance,7719.7,160000.99,120,831,4,0,1,0.4548,3.136,1,22959.09
44,88494.07,4213.59,employed,permanent,20050.31,54140.98,36,434,1,0,0,0.6167,0.6118,0,2800.12
67,82141.49,3049.85,employed,contract,2593.71,198452.8,120,450,1,1,0,0.4519,2.416,0,3442.72
37,94661.19,2676.47,self_employed,permanent,36786.86,115160.47,24,847,1,1,0,0.417,1.2166,1,76368.86
31,86356.12,1877.62,employed,permanent,32347.31,215770.34,60,439,1,0,0,0.3358,2.4986,1,21269.51
59,57950.11,1775.72,self_employed,permanent,21659.59,222843.88,60,706,3,0,0,0.4425,3.8454,1,20992.43
36,84548.39,3173.43,employed,contract,29736.6,52813.54,12,789,0,0,0,0.5207,0.6247,1,38046.78
34,55897.63,1234.01,self_employed,temporary,14764.27,295480.63,84,504,1,1,0,0.3177,5.2861,0,5808.29
61,8793.56,339.6,unemployed,freelance,777.73,33914.12,120,594,1,0,1,0.4811,3.8567,0,132.89
34,75502.93,2725.62,employed,permanent,1494.46,160409.4,60,483,0,0,0,0.4372,2.1245,1,7112.38
34,36009.24,1573.01,employed,temporary,1430.59,79639.06,60,317,1,1,3,0.5321,2.2116,0,722.99
58,54858.28,1189.1,employed,contract,7109.47,167930.79,60,682,1,1,0,0.286,3.0612,1,70438.03
32,26846.1,1170.71,self_employed,permanent,5410.92,50054.69,84,841,2,1,2,0.5636,1.8645,0,3872.21
36,89840.06,3236.54,employed,permanent,35693.57,47065.46,120,807,1,0,0,0.5118,0.5239,1,40428.03
51,36608.69,1158.32,self_employed,permanent,6376.41,23651.63,48,491,4,1,2,0.4145,0.6461,0,1141.09
28,76567.04,3751.05,self_employed,permanent,16068.24,188934.81,120,497,1,1,0,0.6299,2.4676,0,1507.3
59,30182.79,769.77,part_time,permanent,8392.71,35712.86,120,541,2,0,1,0.3617,1.1832,0,1552.61
39,44120.04,1615.76,self_employed,temporary,3189.6,27486.79,120,390,0,0,0,0.4539,0.623,1,2978.1
45,71080.0,2146.28,self_employed,permanent,26522.14,371462.73,60,301,2,0,0,0.437,5.226,0,2220.31
46,68408.58,2477.65,employed,contract,14476.2,137347.68,120,764,1,0,0,0.4769,2.0078,1,30783.86
40,15684.71,579.41,part_time,freelance,1733.2,51244.68,12,584,1,0,0,0.4654,3.2672,0,141.43
37,9342.67,219.01,unemployed,temporary,3494.57,13890.21,24,303,1,0,0,0.3561,1.4867,0,177.0
32,51463.51,2064.53,employed,temporary,12875.15,38957.23,48,537,1,0,3,0.5314,0.757,0,558.81
35,25807.85,1015.26,retired,permanent,4993.2,118632.61,24,738,1,1,1,0.5108,4.5968,0,1290.69
28,65705.88,2843.5,employed,contract,15247.86,78010.14,24,689,0,1,0,0.5657,1.1873,1,19711.76
31,33181.6,779.02,retired,permanent,9931.95,21284.1,120,628,0,0,0,0.3416,0.6414,1,11037.53
63,52050.58,1535.67,retired,temporary,3217.52,194136.53,120,540,4,0,0,0.3664,3.7298,0,3579.13
57,83403.45,3319.03,employed,freelance,28851.94,47879.56,12,794,1,1,0,0.5467,0.5741,1,45037.86
38,5800.21,143.97,unemployed,temporary,2226.14,16818.13,120,360,2,0,0,0.3746,2.8996,0,240.92
26,54759.51,2223.05,employed,contract,12419.45,114370.62,48,361,1,1,0,0.5325,2.0886,0,2161.34
54,52903.49,1193.24,employed,permanent,14437.8,119392.54,84,751,3,1,0,0.3252,2.2568,1,99873.32
67,49716.0,1521.42,employed,permanent,17098.99,25924.15,36,576,2,0,0,0.436,0.5214,0,1524.99
37,6534.57,297.51,unemployed,contract,979.69,37926.01,60,458,1,0,0,0.5763,5.8039,0,117.59
35,79273.82,3441.82,employed,permanent,31482.23,265035.93,24,538,2,0,1,0.6004,3.3433,0,2266.69
58,52091.61,2064.85,employed,contract,14179.36,190072.74,24,342,2,1,0,0.5301,3.6488,0,1147.78
23,2281.13,105.44,unemployed,permanent,386.88,9497.88,12,712,0,1,0,0.5886,4.1637,1,500.0
44,61151.61,2539.04,employed,contract,16568.12,298809.38,84,738,2,1,0,0.5524,4.8864,1,25683.68
51,38796.89,1395.98,employed,permanent,8095.83,149115.85,12,613,3,0,0,0.4735,3.8435,1,5819.53
59,73570.35,3635.0,employed,temporary,3285.4,345198.67,12,451,0,1,0,0.6018,4.6921,0,2487.91
32,63509.7,2610.25,employed,temporary,20218.07,188499.59,48,379,1,1,0,0.5569,2.968,0,1418.05
64,62300.61,2390.67,employed,permanent,14064.38,158368.98,120,436,3,0,0,0.5056,2.542,0,1213.68
36,51524.5,1687.88,employed,permanent,16402.22,259025.85,84,749,4,1,0,0.4568,5.0272,1,21640.29
68,32807.49,1546.99,part_time,permanent,2032.91,172541.41,120,685,2,1,1,0.5782,5.2592,0,2927.71
56,1085.84,31.99,unemployed,permanent,233.83,1365.92,120,682,1,0,0,0.3966,1.2579,1,500.0
25,82840.32,1748.12,employed,permanent,25402.96,288667.95,60,464,2,1,0,0.3146,3.4846,1,27645.47
38,55718.79,1480.54,employed,permanent,22026.85,237363.9,48,601,0,1,0,0.3979,4.26,1,20480.0
32,83434.29,2004.73,employed,temporary,29515.62,80079.65,12,347,1,0,0,0.3591,0.9598,0,5071.61
45,94232.34,2839.91,self_employed,permanent,32579.88,500000.0,120,426,2,1,0,0.4308,5.306,1,10563.82
33,40729.39,1829.62,employed,freelance,4031.56,136875.34,12,667,0,1,0,0.5589,3.3606,1,12218.82
50,80734.5,3216.16,employed,temporary,27061.71,326976.0,84,331,2,1,0,0.5451,4.05,0,1048.45
23,43240.54,1113.96,retired,permanent,2927.93,64010.49,84,806,2,1,0,0.3227,1.4803,1,57959.1
58,36776.61,1612.31,employed,permanent,2914.29,71875.87,120,376,0,1,1,0.5419,1.9544,0,549.32
27,42353.65,1505.24,employed,contract,1865.54,49363.46,24,500,2,0,0,0.4353,1.1655,1,4110.42
44,41518.24,1485.83,retired,permanent,14242.36,81043.31,48,367,1,1,0,0.4981,1.952,1,2615.65
32,87947.05,2761.09,self_employed,temporary,3808.27,282150.16,120,327,1,0,0,0.3854,3.2082,1,13606.29
51,76065.83,3502.93,employed,temporary,4202.23,386791.92,48,699,1,1,2,0.5637,5.085,0,9744.01
57,93423.31,2813.71,self_employed,permanent,9188.64,320953.8,84,356,3,1,0,0.3811,3.4355,1,17995.01
57,71273.6,1680.57,employed,contract,16326.28,131467.7,60,502,1,0,0,0.3288,1.8445,1,18303.06
47,9194.87,272.75,unemployed,permanent,3237.26,6854.0,48,382,3,1,0,0.4264,0.7454,0,162.69
49,66629.71,2778.31,employed,permanent,11146.57,261244.04,84,550,0,1,1,0.5338,3.9208,0,2960.3
22,27649.28,1106.33,retired,contract,6041.77,77718.79,60,641,0,0,1,0.5239,2.8109,0,978.88
47,32984.66,868.06,part_time,temporary,2196.64,195069.51,36,722,1,1,1,0.3291,5.9139,0,7336.2
22,12418.92,299.22,part_time,freelance,1321.1,59470.23,84,738,1,1,0,0.3104,4.7887,1,11867.32
64,20430.92,819.46,part_time,temporary,1094.49,101051.24,60,713,1,1,0,0.492,4.946,1,5148.59
53,94242.68,3822.58,self_employed,contract,15452.74,53463.18,12,432,2,0,0,0.5195,0.5673,0,1945.68
35,58493.58,1843.29,employed,contract,13812.34,279474.97,36,728,2,1,0,0.4254,4.7779,1,36654.42
41,36365.89,1651.56,employed,permanent,4131.45,57108.02,120,843,1,1,0,0.5677,1.5704,1,19637.58
51,31268.19,1543.53,self_employed,contract,10581.1,116376.37,24,567,3,0,0,0.6601,3.7219,0,288.74
57,41999.58,1126.9,retired,temporary,16484.64,124353.14,24,406,0,0,0,0.4005,2.9608,0,1158.48
27,88067.55,3317.02,employed,permanent,4232.7,320902.4,24,365,3,0,2,0.4616,3.6438,0,2802.08
27,24692.86,518.29,part_time,temporary,176.41,30469.49,12,351,3,0,0,0.2533,1.2339,1,5482.56
25,36750.04,1529.93,retired,permanent,11609.73,110724.35,120,587,0,0,2,0.5628,3.0129,0,777.83
33,19321.48,636.0,part_time,contract,1473.4,13586.78,84,531,2,1,0,0.4103,0.7032,0,724.51
51,27497.55,727.87,retired,temporary,3884.27,19949.37,24,462,0,0,0,0.3459,0.7255,0,954.91
54,36154.17,1546.43,employed,freelance,5701.24,148866.95,60,540,4,1,1,0.5448,4.1176,0,655.36
29,50012.52,2224.42,employed,permanent,18336.58,286788.85,84,689,1,0,2,0.6071,5.7343,0,5206.26
22,59701.07,1437.34,employed,temporary,15733.34,285112.07,12,321,0,1,0,0.3416,4.7757,1,17021.97
31,45887.24,1010.85,employed,permanent,745.38,141349.07,48,792,2,1,0,0.2676,3.0804,1,115173.3
68,33298.06,1018.16,self_employed,temporary,197.26,26881.16,12,820,2,1,1,0.3681,0.8073,1,42690.38
50,44555.93,1741.75,retired,contract,3556.78,33310.5,120,661,2,0,0,0.4851,0.7476,1,7797.29
48,51100.95,2247.15,retired,contract,6503.56,69926.92,12,358,0,1,0,0.5532,1.3684,1,3219.36
24,113993.35,4190.41,self_employed,contract,22093.0,500000.0,48,784,2,1,0,0.4799,4.3862,1,55400.77
44,68989.93,2605.88,employed,contract,23120.99,185764.76,120,400,4,0,0,0.5203,2.6926,1,5174.24
60,37902.6,1673.87,employed,permanent,4772.96,194771.61,60,639,4,0,0,0.5551,5.1387,0,1360.53
50,75747.44,2746.45,employed,permanent,11408.69,331643.76,36,785,2,0,0,0.4652,4.3783,1,34086.35
40,41055.24,1587.14,employed,temporary,5408.42,157235.72,48,315,3,1,1,0.4903,3.8299,0,1315.3
39,88626.07,3180.76,self_employed,permanent,317.82,500000.0,12,797,5,1,0,0.4314,5.6417,1,59095.15
58,77865.12,3621.77,employed,permanent,29750.75,137608.2,24,420,0,1,0,0.6346,1.7673,0,1914.32
41,74922.56,2075.55,employed,temporary,4165.57,224909.52,48,513,1,1,0,0.3436,3.0019,1,21092.2
23,87353.61,2492.47,employed,permanent,10051.52,459128.5,48,629,0,0,1,0.3654,5.256,0,13241.68
32,95123.9,2336.77,self_employed,permanent,4919.93,336233.23,36,383,1,0,0,0.3051,3.5347,0,12051.86
64,73126.54,3271.28,employed,contract,14348.69,135682.51,120,480,4,1,0,0.5761,1.8554,1,6581.39
61,49395.87,1622.33,employed,permanent,18418.06,81455.78,12,685,5,1,1,0.4687,1.649,1,14818.76
69,85862.28,2660.03,employed,permanent,3458.56,398473.58,24,622,4,1,0,0.3798,4.6408,1,37154.33
68,16129.51,797.7,part_time,permanent,2844.58,9199.29,24,747,0,1,0,0.6287,0.5703,1,4064.64
39,84769.31,4057.49,employed,contract,758.68,468609.53,36,372,3,0,0,0.5762,5.5281,0,2176.86
32,54702.94,2690.45,self_employed,freelance,16868.16,32892.82,84,554,3,1,0,0.6519,0.6013,1,4430.94
36,1561.96,39.02,unemployed,temporary,400.63,6201.67,24,589,2,0,0,0.3511,3.9704,0,119.62
55,103534.89,4848.35,self_employed,permanent,28977.29,396136.27,60,799,2,1,2,0.6179,3.8261,0,6098.5
52,12057.4,366.79,part_time,freelance,2278.06,44386.44,48,301,4,1,3,0.4028,3.6813,0,203.25
20,80764.86,1712.42,employed,temporary,29321.94,251088.81,48,682,5,0,1,0.327,3.1089,1,69861.6
34,49427.15,1593.84,employed,contract,8097.3,256446.19,24,411,0,1,0,0.4197,5.1884,1,7144.2
32,83659.67,2985.39,employed,contract,17203.28,345207.47,24,503,0,1,0,0.4693,4.1263,1,7529.37
36,90690.52,2175.64,self_employed,permanent,25222.46,435336.49,24,325,4,0,1,0.3435,4.8002,0,1931.66
43,71640.08,2615.98,employed,permanent,14917.2,81337.99,48,407,1,1,0,0.4798,1.1354,1,6447.61
27,55092.58,2464.53,employed,permanent,4172.4,42666.04,24,573,0,1,2,0.552,0.7744,0,2046.83
69,30643.28,975.93,self_employed,permanent,3886.43,20129.78,60,841,1,0,0,0.4075,0.6569,1,22959.48
46,103856.94,3231.9,self_employed,contract,3834.17,136014.47,60,316,1,0,0,0.3808,1.3096,0,4479.5
64,44399.71,1363.75,employed,freelance,7683.17,185082.12,48,763,1,0,0,0.4032,4.1685,1,38681.03
42,60364.57,2882.83,self_employed,contract,14714.28,194200.04,84,597,3,1,3,0.6218,3.2171,0,1843.69
65,82033.7,1825.7,self_employed,permanent,3889.38,380422.05,12,695,2,1,1,0.2765,4.6374,1,99006.47
27,61523.96,2080.42,employed,permanent,15518.49,95640.03,120,326,1,0,0,0.4562,1.5545,1,4614.3
27,45926.33,1311.23,employed,permanent,16402.54,115656.13,12,482,5,1,0,0.414,2.5183,0,2068.25
45,1687.4,79.14,unemployed,permanent,227.95,9089.58,12,815,3,1,0,0.5898,5.3867,0,140.34
66,36708.4,867.6,self_employed,permanent,3260.19,207271.41,60,748,3,1,0,0.3014,5.6464,1,55114.58
32,82465.43,2707.65,employed,temporary,29456.85,459292.07,120,631,2,1,1,0.4654,5.5695,0,5493.22
58,36735.78,1201.22,employed,permanent,10167.66,183703.8,36,755,3,0,0,0.4477,5.0007,1,17291.53
56,117816.35,5507.31,self_employed,freelance,4966.9,500000.0,120,719,1,1,2,0.5694,4.2439,0,7144.5
68,16566.16,449.25,part_time,permanent,2704.34,91531.82,12,539,1,1,0,0.3581,5.5252,1,2538.8
47,35480.62,1406.55,self_employed,contract,9566.85,157108.14,36,811,3,1,1,0.5296,4.428,0,8384.2
44,66733.44,1651.89,employed,temporary,15332.24,383493.68,48,589,2,1,1,0.343,5.7466,0,6686.47
35,39399.23,1917.07,employed,permanent,9748.11,25071.14,120,738,1,0,2,0.6334,0.6363,0,3391.01
21,40290.77,1536.27,retired,contract,9140.13,224380.57,60,822,3,0,0,0.5029,5.569,1,12691.59
37,81784.47,3197.7,employed,contract,26107.61,290872.43,84,558,1,1,1,0.533,3.5566,0,2925.28
36,13101.65,438.71,part_time,temporary,1679.25,14606.87,12,567,1,0,1,0.4275,1.1149,0,303.79
49,30396.98,936.73,part_time,temporary,8614.05,51128.08,60,412,0,1,0,0.4265,1.682,0,1118.53
58,56696.26,1532.86,employed,permanent,22476.2,294076.47,48,704,2,0,0,0.4037,5.1869,1,38218.95
32,15668.28,602.44,part_time,temporary,2443.99,51449.04,60,701,1,1,2,0.4926,3.2836,0,880.0
51,44685.31,2175.04,employed,freelance,14139.3,263888.99,24,535,1,1,0,0.6474,5.9055,0,1693.8
69,51994.29,1628.84,retired,permanent,5118.51,59607.35,12,305,0,1,2,0.3956,1.1464,0,1377.74
48,41083.32,1914.16,employed,permanent,4632.5,113750.22,60,413,0,1,0,0.5817,2.7688,0,1526.32
65,82673.05,2081.1,employed,freelance,30915.22,192240.42,84,664,0,1,0,0.3769,2.3253,1,61062.31
49,76703.24,3692.26,self_employed,permanent,795.82,256092.55,60,620,3,0,0,0.5797,3.3387,1,10354.94
37,468.67,14.55,unemployed,temporary,40.76,1867.14,60,610,1,0,0,0.3899,3.9839,1,500.0
32,60546.19,1931.95,employed,temporary,11695.6,250598.38,48,467,2,1,0,0.4215,4.139,1,8555.18
62,102657.7,3524.54,self_employed,temporary,16501.1,52060.53,12,351,1,1,0,0.4441,0.5071,0,2112.74
40,74941.15,3131.2,employed,permanent,18860.28,74137.96,84,599,1,0,2,0.5517,0.9893,0,2065.4
49,61883.03,2588.15,employed,permanent,4770.49,42875.72,12,361,3,1,3,0.5173,0.6929,0,2150.38
40,82302.74,2865.89,employed,permanent,2322.48,432525.2,24,383,3,1,0,0.4235,5.2553,1,11333.09
67,41620.06,1502.15,employed,contract,6148.67,92525.86,24,652,0,1,0,0.4627,2.2231,1,12486.02
36,85046.76,1846.25,employed,contract,17837.89,214219.94,120,802,2,1,0,0.3025,2.5188,1,181404.74
59,81554.27,2422.87,employed,temporary,18333.46,242790.48,60,774,2,1,0,0.4015,2.977,1,86757.43
38,73955.23,2287.1,employed,temporary,17793.44,382435.38,12,802,1,1,2,0.4192,5.1712,0,15727.71
34,79983.83,2969.76,employed,permanent,17553.64,46223.81,120,398,0,0,1,0.4894,0.5779,1,5998.79
28,64909.85,2409.26,employed,permanent,6380.69,74802.14,120,605,1,0,0,0.4651,1.1524,1,9736.48
29,27528.74,1143.51,part_time,contract,8418.84,117503.6,12,614,1,1,0,0.5596,4.2684,0,1023.92
63,65832.89,2748.3,employed,permanent,2311.53,381923.51,60,741,2,1,0,0.508,5.8014,1,27649.81
50,20174.86,558.72,part_time,permanent,1600.7,81412.12,36,546,3,1,0,0.3482,4.0353,1,3307.55
42,6826.33,295.56,unemployed,permanent,2018.9,13217.0,12,564,1,1,0,0.5787,1.9362,0,183.09
49,49459.21,1058.68,self_employed,permanent,5534.01,166146.07,60,724,2,1,0,0.2792,3.3593,1,82559.69
52,66826.52,2788.1,self_employed,permanent,13190.85,391763.3,60,357,2,0,0,0.5401,5.8624,1,4510.79
28,28388.69,675.94,retired,contract,3715.49,96647.05,120,783,2,1,3,0.3119,3.4044,1,40369.74
66,41758.83,1758.66,employed,freelance,8468.38,106664.24,36,623,2,1,0,0.5459,2.5543,1,7516.59
20,55576.88,2012.31,self_employed,freelance,7706.42,144991.22,24,485,2,1,1,0.4622,2.6088,0,1351.24
63,105938.79,3558.12,self_employed,freelance,42130.08,500000.0,84,798,3,1,0,0.4826,4.7197,1,51486.25
54,61202.67,2507.95,self_employed,freelance,8751.43,272599.2,60,361,4,1,0,0.5203,4.454,0,1270.82
30,45676.14,1000.04,retired,temporary,11456.48,195468.79,12,545,0,1,0,0.3129,4.2795,1,10767.97
53,44635.88,1220.85,employed,permanent,15860.79,79286.66,24,786,0,0,0,0.3993,1.7763,1,40453.5
35,65319.82,2535.25,self_employed,contract,16667.92,233659.81,24,672,1,0,0,0.5168,3.5772,1,14696.96
28,35911.33,1635.54,self_employed,permanent,8128.27,88417.24,24,814,1,1,0,0.5918,2.4621,1,17452.91
51,42624.16,1361.8,employed,permanent,9705.17,77623.22,60,350,1,1,1,0.4289,1.8211,0,1606.44
34,68959.0,1957.09,employed,permanent,13694.17,374139.65,12,398,1,1,1,0.3803,5.4255,0,3365.19
31,82710.77,2974.54,self_employed,temporary,26718.24,215656.5,84,622,3,1,0,0.4962,2.6074,1,13399.14
52,25894.76,1009.49,retired,permanent,522.29,53222.26,36,740,2,1,0,0.4718,2.0553,1,7613.06
64,61093.28,2021.35,employed,permanent,21630.2,343616.84,48,703,1,1,0,0.4678,5.6245,1,25659.18
33,49942.33,2317.53,retired,permanent,11712.32,79178.83,48,716,1,0,0,0.6038,1.5854,1,12235.87
27,44581.08,1609.39,employed,contract,15137.47,205085.29,24,454,3,1,1,0.5011,4.6003,0,1276.91
27,36056.58,788.85,employed,temporary,149.89,147475.35,120,841,0,0,0,0.2634,4.0901,1,76778.88
46,70859.73,1937.24,employed,contract,24638.68,394168.89,48,445,0,0,1,0.3976,5.5627,0,5375.84
31,37942.4,1289.18,employed,permanent,1823.32,192605.46,120,534,1,1,3,0.4173,5.0763,0,1495.11
20,88896.71,3661.09,employed,permanent,25645.56,389289.69,48,773,5,1,1,0.5519,4.3791,1,48004.22
62,68529.12,1866.92,employed,temporary,11417.54,152829.81,60,698,3,1,0,0.3602,2.2301,1,57482.23
59,5644.76,278.33,unemployed,permanent,1537.8,18207.9,36,759,1,1,2,0.6462,3.2256,0,165.52
61,5159.91,155.44,unemployed,temporary,1296.56,29384.28,48,732,0,0,2,0.4117,5.6947,0,265.44
30,66518.89,2418.89,employed,contract,4347.58,41748.22,120,556,2,1,1,0.4494,0.6276,1,6058.54
58,39984.34,855.13,employed,contract,8230.6,194676.76,84,738,3,0,0,0.2978,4.8688,1,56593.83
62,86151.05,4018.31,employed,freelance,9553.48,162391.02,84,836,2,1,0,0.5819,1.885,1,46521.57
50,84436.0,3701.76,self_employed,permanent,18928.42,128139.5,36,474,1,1,1,0.5709,1.5176,0,2631.92
36,45118.82,1197.19,employed,permanent,13319.13,80186.76,48,790,2,1,0,0.3775,1.7772,1,59692.2
52,65941.96,3168.69,employed,temporary,2143.34,54641.52,84,582,5,0,0,0.5831,0.8286,1,4945.65
51,15064.9,452.63,part_time,permanent,3107.96,89724.87,24,518,2,1,3,0.4018,5.9559,0,610.27
48,18649.45,765.04,retired,permanent,4607.38,98548.92,24,455,2,0,0,0.5417,5.2843,0,348.72
40,69678.43,3116.03,employed,permanent,8232.3,234524.21,84,356,1,0,0,0.5603,3.3658,0,1534.26
40,70666.58,2999.33,employed,permanent,26938.2,313269.72,36,810,2,0,0,0.5856,4.4331,1,31799.96
59,67103.31,3193.86,employed,permanent,13965.62,238973.31,120,637,2,1,0,0.6128,3.5613,1,12078.6
42,24788.88,1141.31,retired,permanent,1809.76,123044.17,36,571,0,0,0,0.5671,4.9637,0,451.69
25,82325.84,4103.35,self_employed,temporary,3549.5,423665.94,36,483,2,0,0,0.6067,5.1462,0,2061.58
41,38108.1,996.89,employed,temporary,8256.65,67845.66,36,590,0,1,0,0.3572,1.7803,1,9795.31
69,7310.86,217.29,unemployed,contract,1097.33,22141.76,12,601,4,0,0,0.3867,3.0286,0,138.76
57,65470.94,2578.9,employed,temporary,5042.5,261337.9,24,546,0,1,2,0.4881,3.9917,0,1592.16
56,71039.02,2998.83,employed,permanent,872.32,417810.64,48,315,4,1,0,0.509,5.8814,0,2650.1
64,84251.16,3068.93,employed,permanent,19094.69,358471.13,12,634,5,1,0,0.4824,4.2548,1,15165.21
27,81769.7,1879.85,employed,permanent,19578.94,444581.25,36,510,1,0,0,0.3238,5.437,1,21611.73
60,88935.98,4035.9,employed,contract,5044.54,458341.91,48,672,1,0,0,0.5559,5.1536,0,9191.75
68,88693.26,4333.45,employed,contract,21348.04,328284.52,24,705,0,0,0,0.6344,3.7013,1,31042.64
54,77477.58,2530.49,employed,permanent,29502.62,419549.19,36,829,0,0,1,0.4681,5.4151,0,16034.42
30,87603.08,2399.48,employed,permanent,34280.68,225649.72,60,321,0,0,1,0.4069,2.5758,0,3499.68
43,10407.41,222.68,unemployed,freelance,3698.76,26914.18,36,418,1,0,0,0.3278,2.5861,0,74.43
68,75017.03,2082.06,employed,temporary,24217.86,359729.99,48,827,2,1,0,0.3976,4.7953,1,82962.83
40,39146.13,1614.69,employed,contract,3278.38,48540.82,24,483,1,0,0,0.5117,1.24,0,1011.44
21,29659.74,1406.51,self_employed,permanent,1855.93,64718.7,120,814,3,0,0,0.5816,2.182,1,12012.19
59,10051.19,236.81,unemployed,permanent,1788.9,38668.42,36,791,2,1,1,0.3183,3.8471,1,3944.81
38,36117.27,1335.26,retired,contract,8951.76,101502.56,24,805,0,0,1,0.4932,2.8104,1,11376.94
58,79803.37,3281.49,employed,temporary,27154.81,452802.76,12,736,0,1,0,0.5615,5.674,1,33517.42
47,52210.5,1508.59,employed,temporary,4844.36,301347.7,60,404,2,1,0,0.3653,5.7718,1,12658.96
36,4771.8,178.73,unemployed,temporary,915.51,15576.1,84,402,0,0,1,0.4878,3.2642,0,245.19
25,91517.74,3815.81,self_employed,temporary,23700.91,317094.36,84,507,2,1,0,0.5521,3.4648,0,1517.11
38,85342.97,3863.2,employed,contract,15211.32,382801.54,12,346,1,1,0,0.5788,4.4854,0,3212.3
57,14018.51,477.07,part_time,permanent,2546.85,42265.21,84,603,2,1,0,0.4447,3.015,1,1674.48
47,82381.3,3513.22,employed,permanent,7418.18,127323.72,60,466,0,0,0,0.5298,1.5455,0,1007.38
21,30239.29,896.15,part_time,contract,11934.37,139352.64,120,793,3,1,0,0.4346,4.6083,1,12815.17
57,29674.95,802.62,retired,permanent,5640.53,135253.15,12,386,1,1,0,0.3626,4.5578,1,5137.45
56,58745.58,1544.81,self_employed,temporary,12518.49,108526.35,24,525,3,0,0,0.3582,1.8474,1,11245.67
23,13068.61,409.05,part_time,contract,1142.51,66402.14,120,419,0,0,0,0.3931,5.081,0,394.67
41,188.89,4.13,unemployed,freelance,38.85,1000.0,24,547,1,1,0,0.3035,5.2941,0,127.14
45,61235.34,1781.17,employed,permanent,6254.57,110202.72,12,804,0,1,3,0.3695,1.7997,1,86305.09
68,40254.68,1604.41,employed,permanent,3257.99,164489.29,120,652,1,0,3,0.4945,4.0862,0,3969.45
62,45670.1,1814.52,employed,contract,5036.91,81514.39,48,443,4,0,0,0.4988,1.7849,1,3425.26
55,81572.2,1874.42,employed,contract,90.04,159782.1,12,649,0,0,0,0.276,1.9588,1,54816.52
32,6852.34,200.2,unemployed,contract,1562.75,35385.83,36,814,0,1,1,0.3962,5.1641,0,518.24
51,69849.78,2615.56,employed,permanent,10826.16,392011.19,48,616,0,0,1,0.4803,5.6122,0,4034.35
36,45311.36,1364.98,employed,permanent,16288.33,86674.04,24,325,0,1,0,0.4334,1.9129,1,5431.93
60,103722.87,3425.41,self_employed,temporary,1688.91,500000.0,12,829,0,1,2,0.3996,4.8205,1,101221.9
55,50115.25,2085.98,retired,contract,866.0,90878.68,120,621,2,0,0,0.5029,1.8134,1,5262.1
65,63783.02,1346.05,employed,freelance,22601.48,73029.68,48,595,0,0,0,0.3241,1.145,0,6159.12
38,85190.68,2461.57,employed,permanent,4315.58,69876.06,120,430,0,1,3,0.3569,0.8202,1,21943.42
54,81465.57,2035.49,employed,permanent,70.39,149214.2,36,316,2,0,1,0.3,1.8316,1,24439.67
65,94475.8,2319.88,self_employed,permanent,6761.21,247418.51,60,484,1,1,2,0.309,2.6189,0,13158.53
59,75374.18,3678.66,employed,freelance,24839.6,422209.68,24,348,0,0,2,0.6516,5.6015,0,2389.17
47,35012.38,1113.97,self_employed,temporary,11241.97,64138.09,48,375,5,1,0,0.446,1.8319,1,3062.88
20,49895.98,1806.57,employed,permanent,6788.49,125241.87,84,827,2,1,1,0.4617,2.5101,1,26943.83
61,38676.6,1633.56,employed,permanent,10334.87,175508.89,48,305,2,0,2,0.5603,4.5379,0,553.34
37,12199.67,271.04,part_time,temporary,2475.31,26368.46,120,333,3,1,0,0.3072,2.1614,1,2540.26
67,43707.02,1217.82,employed,permanent,15817.31,186367.82,84,358,4,1,0,0.4067,4.264,1,7340.16
59,83426.8,3762.91,employed,contract,1882.89,239971.18,48,366,0,0,0,0.5458,2.8764,0,1844.4
52,48193.07,2215.66,employed,contract,15675.84,76166.6,12,554,0,1,0,0.6168,1.5804,1,4337.38
31,88358.47,2801.94,employed,permanent,6029.53,400911.0,24,702,3,1,0,0.3942,4.5373,1,78525.94
27,81742.64,2596.7,self_employed,permanent,12804.85,53027.56,24,456,2,0,0,0.4125,0.6487,1,9655.85
43,48049.22,2061.77,employed,freelance,3689.36,101280.14,12,331,0,1,0,0.5303,2.1078,0,2131.2
35,62342.19,1835.33,employed,permanent,17521.01,153299.35,12,309,1,1,0,0.4095,2.459,1,10155.54
69,47050.22,1140.9,employed,permanent,12766.16,142101.09,84,674,2,1,0,0.3452,3.0202,1,43700.24
23,118477.49,3358.22,self_employed,freelance,25965.41,500000.0,84,648,3,1,0,0.384,4.2202,1,44528.58
57,49348.8,1585.62,retired,contract,13781.4,149365.37,84,831,2,0,1,0.4414,3.0267,0,3485.45
63,27492.68,614.63,self_employed,contract,7033.34,103613.93,120,455,3,1,0,0.3194,3.7688,1,8043.59
46,115038.72,4002.75,self_employed,permanent,35728.36,434476.5,12,326,0,0,0,0.4797,3.7768,0,3496.85
28,74658.58,3166.78,employed,permanent,7149.5,190602.91,120,452,1,1,2,0.5282,2.553,0,3220.2
66,39530.97,1415.9,employed,permanent,6782.13,222829.83,120,584,0,0,0,0.4641,5.6368,1,2964.82
35,71885.08,1648.35,employed,permanent,4359.87,413856.5,36,549,5,1,0,0.2873,5.7572,1,27521.92
31,70580.97,2376.53,employed,contract,12128.45,261162.28,48,728,3,0,0,0.4384,3.7002,1,30434.51
50,47033.38,1952.34,employed,permanent,13201.17,42061.94,36,585,2,0,0,0.5543,0.8943,0,1127.77
43,97052.44,2186.38,self_employed,contract,26840.48,310684.43,24,805,0,0,0,0.3256,3.2012,1,137100.16
33,33271.15,751.23,self_employed,permanent,9441.38,50382.71,12,593,2,0,1,0.3277,1.5143,1,7739.04
64,23257.24,735.92,part_time,permanent,2872.43,73438.92,48,743,3,0,1,0.4044,3.1577,0,2570.3
44,35545.78,942.67,employed,freelance,9415.56,54621.68,84,587,3,0,0,0.3712,1.5367,1,6867.44
53,117030.06,5628.89,self_employed,permanent,17201.84,500000.0,60,605,2,1,0,0.6066,4.2724,1,18958.87
22,45807.85,1731.04,retired,permanent,17306.06,43167.49,120,370,1,0,0,0.529,0.9424,0,828.56
43,40090.95,1171.2,self_employed,permanent,5506.35,230249.24,48,462,2,1,0,0.378,5.7432,1,7923.58
61,53792.07,2226.42,employed,permanent,12975.04,84699.24,60,780,1,1,0,0.5449,1.5746,1,29047.72
28,43830.93,1392.45,employed,permanent,13151.83,181179.96,48,642,1,0,2,0.4412,4.1336,0,917.76
45,77163.96,1904.92,employed,permanent,27976.79,427742.43,12,816,5,1,0,0.3688,5.5433,1,109338.24
39,38239.3,1061.24,employed,temporary,6698.43,71254.15,60,406,0,1,1,0.3681,1.8634,0,2708.2
59,10084.88,399.16,unemployed,contract,1454.18,56864.94,60,797,3,1,0,0.5038,5.6386,0,373.19
29,86820.8,1940.13,employed,temporary,14934.16,229008.15,24,300,1,1,0,0.3026,2.6377,1,30849.17
38,72214.54,2078.82,employed,permanent,9350.23,417610.87,48,775,1,0,1,0.3713,5.7829,1,83646.1
22,2555.59,68.77,unemployed,temporary,668.47,14931.04,36,752,1,0,0,0.3752,5.8425,0,78.28
43,31323.33,836.33,retired,permanent,11686.32,48063.75,84,364,1,1,0,0.395,1.5344,1,4144.08
24,61248.19,2495.69,employed,temporary,3088.65,310588.37,36,784,3,0,0,0.4991,5.071,1,27561.69
22,82439.35,3703.15,self_employed,temporary,18496.82,128919.94,24,721,0,0,0,0.5839,1.5638,1,25968.4
46,71776.47,2994.0,employed,permanent,25772.02,125280.33,24,835,2,1,3,0.5724,1.7454,1,38759.29
35,65481.81,2597.47,employed,contract,2622.27,63039.06,24,450,1,1,2,0.484,0.9627,0,2234.3
68,54322.27,2583.74,employed,freelance,10731.16,73930.07,12,690,4,0,1,0.6103,1.361,0,3842.02
34,109637.14,2470.83,self_employed,contract,37944.52,436049.31,12,714,1,1,0,0.3397,3.9772,1,132865.74
54,13872.02,356.76,part_time,permanent,4996.44,41212.25,12,306,0,1,0,0.3807,2.9709,1,1787.33
31,60644.08,1996.42,employed,temporary,12476.97,294135.51,12,815,4,1,0,0.4362,4.8502,1,41786.2
60,98678.66,3127.77,self_employed,freelance,984.89,229524.83,24,765,4,1,0,0.3824,2.326,1,112796.81
63,38348.0,1266.5,employed,permanent,1620.42,223470.48,24,403,0,0,0,0.4048,5.8274,0,1076.2
45,92006.85,2470.84,self_employed,contract,21592.78,71240.81,120,763,5,0,1,0.3692,0.7743,1,97479.42
66,80084.14,2017.63,employed,permanent,3967.64,67763.01,12,650,1,1,0,0.3122,0.8461,1,90238.81
53,71345.72,2545.96,employed,permanent,4264.13,310893.39,12,665,4,0,0,0.4402,4.3576,1,21332.37
42,18478.67,885.16,retired,contract,5707.08,99442.29,60,481,1,1,2,0.6366,5.3815,0,538.64
50,42113.02,1358.81,self_employed,contract,12645.56,205311.55,48,542,0,1,0,0.4472,4.8753,1,3602.18
69,53816.22,1189.22,employed,contract,18141.94,171888.68,60,519,3,1,0,0.3326,3.194,1,16215.9
39,47852.95,1982.54,employed,freelance,2023.9,94893.72,48,507,3,0,0,0.5056,1.983,0,1177.7
31,87945.87,2578.92,employed,permanent,6970.41,50479.47,12,481,0,1,0,0.3677,0.574,1,20943.43
42,70837.67,1982.18,employed,permanent,23602.02,233904.78,12,728,2,1,1,0.4024,3.302,1,58075.56
23,28987.93,878.07,retired,freelance,8361.13,90326.36,84,334,3,1,0,0.4212,3.116,0,419.06
42,33383.04,1400.24,part_time,permanent,10762.11,79897.38,12,720,1,0,0,0.5678,2.3934,0,1482.18
67,75732.68,3386.43,employed,temporary,29982.44,278650.85,60,502,3,1,0,0.6158,3.6794,0,2355.14
67,50653.4,1924.07,employed,temporary,17514.56,228369.88,24,461,2,0,1,0.525,4.5085,0,1782.68
20,32018.62,968.21,retired,permanent,6665.81,139437.42,48,707,2,1,0,0.4045,4.3549,1,17979.74
44,45968.59,1373.95,employed,permanent,5714.23,89541.79,120,648,4,0,0,0.3835,1.9479,1,16066.02
21,117252.03,2867.87,self_employed,temporary,26718.29,436080.27,84,303,1,1,1,0.3391,3.7192,0,14507.98
49,63451.31,3049.13,employed,contract,16207.66,83645.3,60,660,3,1,0,0.6277,1.3183,1,19035.39
22,10752.68,424.15,unemployed,contract,1442.2,12567.84,84,657,2,0,0,0.5002,1.1688,0,152.25
40,57917.48,1252.18,self_employed,temporary,17860.29,279290.08,12,335,1,1,0,0.3211,4.8222,1,16785.53
44,49851.14,2001.64,retired,permanent,1849.55,215137.7,24,634,1,1,2,0.4892,4.3156,0,2616.02
39,19993.81,677.3,retired,permanent,6233.21,94442.94,120,590,3,0,0,0.4689,4.7236,0,500.94
68,89014.97,4379.5,employed,permanent,1139.34,119150.32,60,584,0,1,1,0.593,1.3385,0,3215.81
41,10944.41,489.47,unemployed,permanent,2179.98,60526.99,48,335,1,1,0,0.5765,5.5304,0,128.31
40,31438.51,812.06,retired,permanent,10832.91,38735.82,84,623,5,0,0,0.3789,1.2321,1,7995.13
52,77609.72,3246.92,employed,permanent,2685.15,410183.15,84,762,0,1,0,0.509,5.2852,1,41909.25
57,76374.19,2672.77,employed,permanent,15816.76,186206.85,84,694,3,0,0,0.4614,2.4381,1,19093.55
34,84569.01,2223.22,employed,permanent,5391.83,91325.02,12,348,1,0,0,0.3282,1.0799,1,21793.43
65,51899.02,2138.93,employed,permanent,18576.02,107806.16,48,762,2,1,1,0.5661,2.0772,1,28025.47
34,60603.6,2230.14,employed,temporary,20177.25,90782.02,84,612,1,0,0,0.5082,1.498,1,9090.54
65,107174.96,2327.76,self_employed,temporary,40037.02,342818.77,12,654,0,1,0,0.3353,3.1987,1,95319.27
44,77821.87,3088.92,employed,permanent,27237.1,445421.21,12,642,2,1,0,0.5463,5.7236,1,14007.94
40,32558.27,1281.29,retired,freelance,9592.36,74991.18,36,354,5,1,1,0.5312,2.3033,0,455.83
43,81514.89,2040.79,employed,permanent,6028.49,315180.94,48,611,3,0,0,0.3152,3.8665,1,45191.86
24,37582.47,1165.51,employed,contract,4547.52,203113.14,120,559,5,1,0,0.3963,5.4045,1,7015.14
25,78012.55,2958.4,employed,permanent,15504.38,309351.48,24,387,2,0,0,0.4948,3.9654,1,5850.94
68,46372.12,1153.79,employed,freelance,10923.36,115563.74,12,619,0,1,1,0.3457,2.4921,0,11116.78
62,50736.65,2318.89,employed,permanent,15874.15,301863.54,24,689,2,0,0,0.611,5.9496,1,12684.16
67,62126.82,1344.11,employed,contract,5640.11,95102.17,60,569,2,1,3,0.2778,1.5308,1,24848.24
63,59735.4,1423.66,employed,permanent,3065.08,201780.69,12,759,0,1,2,0.2963,3.3779,1,131415.49
66,6246.84,151.3,unemployed,contract,1205.92,30496.32,84,660,3,0,2,0.3293,4.8819,0,244.5
42,6537.31,236.89,unemployed,permanent,412.74,3291.99,12,425,2,0,0,0.4475,0.5036,0,247.24
23,53234.02,2071.87,employed,permanent,14772.16,232166.22,84,484,1,1,1,0.5225,4.3612,0,839.89
46,2102.73,68.57,unemployed,contract,484.16,4133.43,12,664,0,1,0,0.4374,1.9657,0,174.03
37,9221.77,269.76,unemployed,permanent,2733.73,13219.38,84,841,0,1,0,0.4103,1.4335,1,1786.74
40,56998.69,2532.93,employed,freelance,1446.32,114457.33,24,307,5,0,0,0.5383,2.0081,0,1441.8
47,23634.34,539.45,part_time,permanent,9120.0,137492.54,36,713,3,0,0,0.3511,5.8175,1,14780.44
54,41853.78,1214.12,retired,permanent,0.09,226246.63,120,431,2,0,0,0.3481,5.4056,1,6675.47
41,85030.09,1868.47,employed,contract,11068.96,142480.63,48,655,4,0,0,0.2897,1.6756,1,89409.14
59,73915.41,1569.85,employed,permanent,20094.19,84533.16,12,622,0,0,0,0.3092,1.1436,1,42309.18
42,37500.26,1167.77,employed,permanent,677.14,93857.13,48,401,3,0,0,0.3773,2.5028,1,6901.92
22,81120.82,2150.97,employed,contract,2704.55,304839.93,84,765,2,1,0,0.3249,3.7579,1,153405.96
59,11872.26,340.27,unemployed,contract,364.15,62558.45,48,728,4,1,0,0.3501,5.2693,1,2989.81
69,60986.68,2730.84,employed,freelance,14185.74,354545.8,84,374,2,1,0,0.5839,5.8135,0,942.09
29,53874.84,1378.49,retired,permanent,19307.13,249512.89,48,399,2,1,0,0.3787,4.6313,1,8234.12
44,6567.94,286.3,unemployed,temporary,1459.23,24922.31,84,535,0,1,2,0.5675,3.7945,0,85.32
68,68663.52,2782.4,self_employed,permanent,16577.33,88083.36,24,568,1,0,0,0.5346,1.2828,0,1475.06
27,56483.45,1714.54,self_employed,permanent,7817.35,51239.3,84,553,1,1,0,0.3919,0.9072,1,9891.49
30,71165.52,2617.08,employed,contract,533.49,268873.86,48,628,2,1,0,0.4428,3.7781,1,14654.4
24,47640.12,1610.05,employed,permanent,411.89,165065.99,60,598,1,0,0,0.4073,3.4649,1,6624.36
64,34968.75,859.47,self_employed,permanent,12425.24,180210.91,120,669,3,1,0,0.366,5.1535,1,25303.39
56,36498.04,1726.1,employed,permanent,1497.48,83008.67,84,558,0,1,0,0.5757,2.2743,1,3284.82
64,51080.91,1912.84,employed,contract,20428.06,36691.4,24,527,3,1,1,0.5294,0.7183,0,505.52
57,32643.52,1518.15,retired,freelance,2146.93,92394.07,24,676,3,1,0,0.5712,2.8304,1,6855.14
48,77447.29,3474.41,self_employed,temporary,20899.44,451556.63,60,444,2,0,0,0.5923,5.8305,0,2002.96
24,51101.24,1183.51,employed,permanent,19397.12,249152.37,36,379,0,1,0,0.3538,4.8757,1,13447.8
28,118485.66,3184.74,self_employed,contract,17170.43,81251.18,36,338,1,1,3,0.3515,0.6857,0,6226.51
67,28794.57,721.88,retired,temporary,8459.08,152920.3,84,396,1,1,0,0.3596,5.3107,0,1753.75
21,59253.65,2670.23,employed,permanent,8315.81,183348.11,12,545,1,0,0,0.5688,3.0943,0,1501.32
20,40680.19,1870.8,employed,permanent,4962.02,101953.68,36,632,2,1,2,0.5763,2.5062,0,1169.84
59,17994.41,651.98,part_time,permanent,1452.54,43313.76,120,702,1,1,0,0.4509,2.4071,1,4534.59
49,37658.27,898.97,employed,permanent,12366.0,142095.7,12,577,0,1,0,0.3521,3.7733,1,10025.38
30,65772.97,1630.43,employed,contract,6771.64,224831.53,120,307,3,0,0,0.3181,3.4183,1,17946.15
47,76308.56,3400.45,employed,permanent,8642.96,313738.82,48,663,1,1,0,0.5574,4.1114,1,22892.57
63,2348.52,112.58,unemployed,permanent,938.44,8583.91,12,751,0,0,1,0.6552,3.655,0,93.3
31,55235.1,1472.09,employed,freelance,7231.61,71346.91,36,551,3,1,1,0.346,1.2917,1,15311.17
58,35913.89,759.87,employed,contract,6073.39,68767.85,12,317,3,1,0,0.2877,1.9148,1,13724.13
45,81173.71,2474.67,employed,temporary,32146.59,416069.05,24,689,2,1,0,0.445,5.1257,1,26787.32
32,29939.16,650.37,part_time,permanent,4422.62,124185.3,120,541,1,0,0,0.2902,4.1479,1,5653.11
27,38478.97,1730.88,employed,permanent,5635.66,114136.45,36,552,0,1,1,0.5691,2.9662,0,1285.99
47,59662.42,2098.27,self_employed,permanent,19753.38,89750.65,120,303,2,1,0,0.4882,1.5043,1,4832.66
49,33971.59,1343.72,part_time,permanent,4238.71,18422.82,12,672,0,1,1,0.4996,0.5423,1,6114.89
28,56561.49,1857.2,employed,permanent,5289.32,125305.23,36,724,1,0,0,0.4127,2.2154,1,34564.73
58,24102.8,745.03,part_time,temporary,4080.22,19322.21,120,478,2,1,0,0.4048,0.8017,1,2478.15
50,20170.59,550.94,part_time,permanent,5652.94,63589.05,60,311,2,1,2,0.3838,3.1526,0,1060.25
40,40056.86,1734.75,retired,permanent,692.87,201081.75,36,592,2,1,0,0.5231,5.0199,0,974.35
66,88798.63,3651.41,employed,permanent,13281.29,183785.87,120,558,2,0,0,0.5234,2.0697,1,6659.9
53,119762.74,3755.11,self_employed,temporary,16586.9,500000.0,60,728,0,1,1,0.404,4.1749,1,86919.01
50,9296.58,280.75,unemployed,temporary,910.39,40673.51,12,594,1,0,0,0.382,4.3751,0,82.96
44,21299.16,444.5,part_time,temporary,5574.31,25323.48,60,632,3,1,0,0.3028,1.1889,1,9072.42
31,62193.77,1410.99,employed,permanent,7214.23,251579.42,36,411,0,0,1,0.2954,4.0451,0,3568.04
20,4280.78,167.0,unemployed,permanent,1038.91,5711.58,24,505,5,0,1,0.5167,1.3342,0,190.23
41,89206.6,3197.41,employed,permanent,17996.07,365867.49,60,521,0,1,0,0.4705,4.1014,1,8028.59
59,73926.82,2477.66,employed,permanent,6422.46,94990.76,36,829,0,0,0,0.4196,1.2849,1,53493.45
56,59691.23,2684.24,employed,freelance,6364.66,158707.79,24,312,3,1,0,0.561,2.6588,0,1397.41
66,18448.26,655.47,retired,freelance,1258.91,66713.86,48,569,4,1,0,0.44,3.6163,1,1394.69
20,63626.59,2039.09,employed,temporary,1441.25,49441.55,84,339,0,1,1,0.3891,0.7771,0,5127.69
20,118473.18,3025.41,self_employed,freelance,29342.89,159132.69,60,804,0,1,0,0.356,1.3432,1,165824.54
61,24030.4,1075.84,part_time,temporary,6466.95,54362.74,60,514,0,1,0,0.5911,2.2622,0,401.25
61,45033.47,1695.09,employed,permanent,2990.22,137026.06,12,603,2,0,2,0.465,3.0428,0,1279.4
40,27098.91,637.64,self_employed,freelance,6670.59,141501.84,48,821,2,0,0,0.3316,5.2217,1,36964.0
34,54508.71,2167.24,employed,permanent,21412.87,83398.43,12,420,2,0,0,0.5557,1.53,0,889.26
36,85502.54,2841.35,employed,temporary,2544.63,206154.34,12,609,0,0,0,0.4047,2.4111,1,24445.18
41,119672.64,5325.28,self_employed,permanent,23473.59,372992.01,36,604,0,0,1,0.5732,3.1168,0,3332.66
57,33743.46,1607.37,part_time,permanent,9894.1,71764.99,120,725,0,0,0,0.6303,2.1268,1,7086.13
54,94294.9,3615.92,self_employed,temporary,1735.37,371673.98,12,758,2,0,1,0.4638,3.9416,1,38189.43
64,6697.71,282.46,unemployed,permanent,2085.06,12801.42,120,501,2,0,0,0.5683,1.9113,0,222.61
35,67487.74,1517.39,employed,permanent,26442.0,320426.88,60,711,2,1,0,0.3482,4.7479,1,86054.97
27,64644.56,2403.1,employed,permanent,2288.1,211927.33,12,519,2,0,0,0.4532,3.2783,0,2284.04
66,92169.68,3950.77,self_employed,permanent,30313.87,89835.65,24,454,2,0,0,0.5801,0.9747,0,2193.27
36,58038.03,2050.03,employed,freelance,8788.85,229162.81,60,623,4,0,0,0.4542,3.9485,1,8705.7
36,71806.22,2739.06,employed,contract,4139.38,260716.84,84,639,2,0,0,0.4693,3.6308,1,10770.93
45,36553.15,1719.92,self_employed,permanent,7211.11,86348.97,36,689,2,1,3,0.6041,2.3623,0,1810.21
32,49613.24,1320.27,employed,permanent,1419.31,27851.08,12,485,2,1,1,0.3251,0.5614,1,15619.24
36,80980.17,1919.14,employed,contract,16911.94,129880.73,24,433,3,0,2,0.3262,1.6039,0,8057.33
57,110856.15,4542.56,self_employed,permanent,858.33,302792.76,84,446,4,0,1,0.4933,2.7314,0,1552.4
36,76205.78,3416.54,self_employed,permanent,22209.76,121893.22,120,412,2,0,0,0.5963,1.5995,0,984.79
67,12727.62,580.88,part_time,permanent,2484.28,46789.29,24,828,0,1,0,0.5867,3.6762,1,4123.75
33,113062.49,4471.39,self_employed,freelance,20755.54,499485.99,60,732,3,0,1,0.5113,4.4178,0,17750.46
64,73613.53,3322.58,employed,permanent,5776.94,383386.41,12,686,2,0,0,0.5573,5.2081,1,18403.38
25,21522.64,888.23,part_time,permanent,3110.13,87347.58,24,665,4,1,0,0.5241,4.0584,1,3874.08
54,40140.02,938.55,retired,permanent,2920.1,172182.65,12,333,0,0,3,0.2951,4.2896,0,2260.74
65,58637.62,2524.91,employed,permanent,17248.61,225545.52,60,361,5,0,0,0.5755,3.8464,0,974.3
33,60593.66,1579.35,employed,temporary,4823.87,358724.97,48,743,2,1,1,0.3287,5.9202,1,87189.43
66,109246.94,3029.9,self_employed,permanent,26951.37,211447.79,24,495,5,1,0,0.3822,1.9355,1,20848.25
27,40303.0,1303.56,self_employed,permanent,4507.61,79172.13,36,386,3,1,0,0.4105,1.9644,1,5843.53
34,21835.76,655.25,retired,permanent,5738.28,26090.13,120,553,3,1,0,0.4127,1.1948,1,2401.89
46,32.74,0.99,unemployed,permanent,7.08,1000.0,12,426,1,0,0,0.4061,30.5437,0,65.75
32,54830.04,1412.97,self_employed,contract,9286.86,56414.05,84,461,0,1,3,0.3431,1.0289,0,3970.19
68,15390.52,452.55,part_time,freelance,4143.13,30562.59,60,615,2,0,1,0.4067,1.9858,0,265.54
50,45898.62,982.54,self_employed,permanent,7632.43,144798.45,60,471,1,1,0,0.2901,3.1547,1,15607.27
54,35618.14,1233.33,employed,permanent,11702.28,205401.83,84,698,5,1,3,0.4812,5.7668,1,10685.44
25,26406.23,1142.08,retired,permanent,7706.38,153181.79,36,630,1,0,0,0.5774,5.801,1,2772.65
24,53299.14,2450.81,employed,temporary,11526.24,244673.5,48,658,0,1,0,0.595,4.5906,1,15989.74
41,378.81,16.96,unemployed,contract,132.9,1000.39,12,551,1,0,0,0.6074,2.6409,0,235.63
68,25981.79,856.88,part_time,permanent,8614.13,136622.31,48,308,1,0,0,0.4621,5.2584,0,555.67
42,79036.03,3330.38,self_employed,temporary,16813.79,420077.05,120,538,0,1,0,0.5482,5.315,0,1073.38
44,34218.4,1000.21,self_employed,contract,936.87,188409.44,60,334,0,1,0,0.3562,5.5061,0,2433.39
53,67725.54,1520.7,employed,freelance,15332.96,272266.0,24,682,0,1,0,0.3147,4.0201,1,75297.26
45,89925.97,3646.42,employed,permanent,12778.73,144768.26,48,500,2,1,0,0.515,1.6099,0,2276.3
66,86945.79,3456.67,employed,permanent,18784.22,87027.89,24,532,0,1,0,0.5203,1.0009,0,2191.33
24,25253.74,1116.57,self_employed,permanent,6536.99,139685.14,36,795,0,0,0,0.5823,5.5313,1,10227.76
45,9544.54,370.36,unemployed,contract,2461.88,7688.16,60,376,3,1,0,0.5172,0.8055,0,245.22
39,58592.5,1488.8,self_employed,contract,15785.38,124649.41,24,517,0,0,0,0.3588,2.1274,0,3926.84
25,38500.83,1760.15,employed,temporary,10460.96,122366.79,12,673,2,0,0,0.6029,3.1783,1,9625.21
25,51279.08,2006.46,employed,permanent,2241.54,31837.74,60,352,2,1,0,0.4783,0.6209,0,1206.69
69,29904.25,1327.41,retired,permanent,2293.21,164115.05,36,557,3,1,0,0.548,5.488,0,243.28
37,63778.43,2768.71,employed,permanent,16085.97,132605.91,12,431,0,1,1,0.5714,2.0792,0,1755.71
23,87802.96,2592.04,self_employed,temporary,14335.5,57666.91,60,694,3,1,2,0.3869,0.6568,1,53624.78
36,8988.67,206.81,unemployed,permanent,2742.81,53615.12,48,548,1,1,0,0.3371,5.9647,0,103.37
33,48360.79,1256.48,self_employed,permanent,2416.28,107006.11,120,697,0,0,0,0.3218,2.2127,1,38780.52
33,52697.38,1240.59,employed,contract,4037.1,280466.36,84,368,2,1,1,0.2978,5.3222,0,2721.87
32,29410.12,821.51,retired,permanent,6569.8,88057.12,60,722,3,0,3,0.3799,2.9941,1,17307.56
26,54950.53,1881.31,employed,permanent,11006.55,227890.42,12,639,1,0,3,0.4509,4.1472,0,2191.65
63,34992.1,1654.5,part_time,permanent,3728.72,63895.43,24,673,1,0,2,0.5887,1.826,0,1152.38
34,77786.88,3598.98,employed,contract,12705.5,254037.5,120,573,1,0,1,0.5879,3.2658,0,2746.12
38,88624.48,3703.84,employed,temporary,1240.08,169900.36,24,556,0,0,0,0.5043,1.9171,1,6646.84
62,43645.11,939.97,retired,freelance,646.61,250128.44,60,815,2,1,0,0.2614,5.731,1,78727.75
66,57344.89,1765.68,employed,permanent,2177.43,47894.44,60,567,4,1,1,0.3771,0.8352,1,12685.84
63,4676.93,190.52,unemployed,freelance,1079.05,9403.93,36,656,1,0,0,0.535,2.0107,0,221.36
54,36077.5,887.39,retired,freelance,12464.29,195255.0,48,607,0,1,0,0.3643,5.4121,0,6097.81
36,33424.18,1477.3,retired,temporary,3479.1,104958.54,36,826,1,0,1,0.5512,3.1402,0,3745.44
54,31051.5,1475.21,part_time,freelance,421.55,118010.06,84,790,4,0,0,0.5728,3.8005,0,1646.24
38,60575.11,1887.6,employed,permanent,17170.07,247407.74,36,497,2,1,1,0.4306,4.0843,0,1262.58
39,3547.37,146.93,unemployed,permanent,1213.7,3157.52,24,650,0,1,0,0.5655,0.8901,1,500.0
55,77617.31,1952.54,employed,permanent,4289.84,46381.24,24,517,2,0,2,0.3129,0.5976,0,5305.37
54,81993.12,3360.25,employed,temporary,12651.46,463927.39,12,307,1,0,0,0.5226,5.6581,0,937.78
51,33555.87,720.08,retired,contract,2130.62,66885.76,84,530,0,1,0,0.2702,1.9933,1,9716.04
67,71729.47,1809.79,employed,contract,3051.58,185902.85,84,392,4,0,0,0.3113,2.5917,1,20303.03
63,30586.43,1270.51,self_employed,permanent,7930.06,130038.59,36,315,3,1,1,0.5503,4.2515,0,688.91
59,75299.16,3132.12,self_employed,permanent,29141.87,135513.74,120,495,4,1,0,0.5766,1.7997,1,6099.23
43,29273.21,1157.28,self_employed,permanent,7940.83,132663.04,12,763,2,1,0,0.5287,4.5319,1,14226.78
36,12671.39,440.41,part_time,temporary,4991.59,38271.8,60,504,1,1,2,0.4959,3.0203,0,305.53
26,68710.87,2784.04,employed,permanent,11939.07,358076.66,12,426,1,0,0,0.521,5.2114,0,2540.43
62,53816.86,2335.79,self_employed,freelance,19328.21,109354.43,24,459,0,0,0,0.5927,2.032,0,923.09
69,45473.88,2229.24,retired,permanent,3730.39,73714.23,36,800,1,1,0,0.6047,1.621,1,17189.13
20,84284.54,3940.47,employed,permanent,3975.01,427683.86,24,765,0,1,2,0.5705,5.0743,0,9614.75
54,42666.51,1877.64,employed,contract,11989.63,97910.82,60,797,1,0,1,0.5843,2.2948,0,7095.98
51,93829.67,3856.13,self_employed,permanent,13939.65,259465.08,48,747,2,0,0,0.5229,2.7653,1,29556.35
55,63298.6,2378.73,employed,permanent,8043.67,307972.57,120,763,0,1,0,0.4764,4.8654,1,34181.24
32,41166.56,1002.45,employed,permanent,11053.72,164488.03,84,641,4,1,2,0.3459,3.9957,1,22837.56
25,42108.93,1080.6,retired,permanent,5617.06,123357.79,36,807,2,1,0,0.3346,2.9295,1,52654.02
33,82899.35,3710.42,self_employed,freelance,18985.88,155386.36,24,583,0,0,0,0.5829,1.8744,0,1478.87
56,23859.76,1056.11,part_time,temporary,2857.97,112214.96,48,450,0,0,0,0.5551,4.7031,0,206.4
67,52279.43,2026.09,retired,permanent,16389.76,78020.29,60,512,0,1,2,0.5278,1.4924,0,500.88
34,74502.57,2505.73,self_employed,temporary,9309.49,417626.97,48,621,5,1,1,0.4286,5.6055,0,8210.14
66,89478.33,1932.07,employed,permanent,19148.15,118714.33,24,487,0,0,0,0.3019,1.3267,1,26588.49
23,63007.58,1913.92,employed,contract,584.11,310446.87,24,482,0,1,0,0.3664,4.9271,1,15152.06
59,41371.86,1369.49,employed,freelance,13102.15,117221.74,60,683,0,1,2,0.4606,2.8334,0,4279.73
35,22820.84,798.8,part_time,contract,5662.65,34756.92,60,324,1,1,1,0.4697,1.523,0,433.27
47,45028.08,2158.58,employed,permanent,3462.43,122164.97,48,836,2,1,0,0.5906,2.7131,1,24315.16
35,67842.34,1628.49,employed,permanent,5844.57,116589.44,48,613,0,0,2,0.3053,1.7185,0,8234.7
23,90847.56,3267.51,self_employed,permanent,9538.74,113374.58,84,337,0,1,0,0.4526,1.248,1,7358.65
64,60763.94,1917.98,employed,temporary,14012.9,110308.1,84,601,5,1,1,0.4249,1.8154,0,6864.8
45,40373.66,2007.02,employed,temporary,8855.01,212797.11,24,668,2,0,0,0.6404,5.2707,1,10093.42
47,69520.93,3195.95,self_employed,permanent,7615.7,75269.14,60,399,0,0,0,0.5736,1.0827,0,1579.52
51,39479.98,1327.76,employed,freelance,10960.63,230917.13,12,687,2,0,0,0.4591,5.849,0,3074.69
64,72516.93,3625.2,employed,permanent,25788.21,38252.06,60,745,0,0,0,0.671,0.5275,1,25380.93
21,78470.25,2811.34,employed,permanent,1365.87,323321.74,36,769,5,1,0,0.4334,4.1203,1,56442.08
